// © 2016 and later: Unicode, Inc. and others.
// License & terms of use: http://www.unicode.org/copyright.html
// Generated using tools/cldr/cldr-to-icu/
langInfo:table(nofallback){
    likely{
        languageAliases{
            "aam","aas",
            "adp","dz",
            "agp","apf",
            "ais","ami",
            "ajp","apc",
            "ajt","aeb",
            "aju","jrb",
            "alb","sq",
            "als","sq",
            "arb","ar",
            "arm","hy",
            "asd","snz",
            "aue","ktz",
            "ayr","ay",
            "ayx","nun",
            "azj","az",
            "baq","eu",
            "baz","nvo",
            "bcc","bal",
            "bcl","bik",
            "bgm","bcg",
            "bh","bho",
            "bhk","fbl",
            "bic","bir",
            "bjd","drl",
            "bjq","bzc",
            "bkb","ebk",
            "blg","iba",
            "btb","beb",
            "bur","my",
            "bxk","luy",
            "bxr","bua",
            "ccq","rki",
            "chi","zh",
            "cjr","mom",
            "cka","cmr",
            "cld","syr",
            "cls","sa",
            "cmk","xch",
            "cmn","zh",
            "coy","pij",
            "cqu","quh",
            "cwd","cr",
            "cze","cs",
            "daf","dnj",
            "dap","njz",
            "dek","sqm",
            "dgo","doi",
            "dhd","mwr",
            "dik","din",
            "diq","zza",
            "dit","dif",
            "djl","dze",
            "dkl","aqd",
            "drh","mn",
            "drr","kzk",
            "dud","uth",
            "duj","dwu",
            "dut","nl",
            "dwl","dbt",
            "ekk","et",
            "elp","amq",
            "emk","man",
            "esk","ik",
            "fre","fr",
            "fuc","ff",
            "gav","dev",
            "gaz","om",
            "gbc","wny",
            "gbo","grb",
            "geo","ka",
            "ger","de",
            "gfx","vaj",
            "ggn","gvr",
            "ggo","esg",
            "ggr","gtu",
            "gio","aou",
            "gli","kzk",
            "gno","gon",
            "gom","kok",
            "gre","el",
            "gti","nyc",
            "gug","gn",
            "guv","duz",
            "gya","gba",
            "hdn","hai",
            "hea","hmn",
            "him","srx",
            "hrr","jal",
            "ibi","opa",
            "ice","is",
            "ike","iu",
            "ill","ilm",
            "ilw","gal",
            "in","id",
            "iw","he",
            "izi","eza",
            "jar","jgk",
            "jeg","oyb",
            "ji","yi",
            "jw","jv",
            "kdv","zkd",
            "kgc","tdf",
            "kgd","ncq",
            "kgh","kml",
            "kgm","plu",
            "khk","mn",
            "kmr","ku",
            "knc","kr",
            "kng","kg",
            "koj","kwv",
            "kpp","jkm",
            "kpv","kv",
            "krm","bmf",
            "ktr","dtp",
            "kvs","gdj",
            "kwq","yam",
            "kxe","tvd",
            "kxl","kru",
            "kzh","dgl",
            "kzj","dtp",
            "kzt","dtp",
            "lak","ksp",
            "lbk","bnc",
            "leg","enl",
            "lii","raq",
            "llo","ngt",
            "lmm","rmx",
            "lvs","lv",
            "mac","mk",
            "mao","mi",
            "may","ms",
            "meg","cir",
            "mgx","jbk",
            "mhr","chm",
            "mnt","wnn",
            "mo","ro",
            "mof","xnt",
            "mrd","mgp",
            "mst","mry",
            "mup","raj",
            "mwd","dmw",
            "mwj","vaj",
            "myd","aog",
            "myt","mry",
            "nad","xny",
            "nbf","nru",
            "nbx","gll",
            "ncp","kdz",
            "nln","azd",
            "nlr","nrk",
            "nns","nbr",
            "nnx","ngv",
            "nom","cbr",
            "noo","dtd",
            "npi","ne",
            "nte","eko",
            "nts","pij",
            "nxu","bpp",
            "ojg","oj",
            "ory","or",
            "oun","vaj",
            "pat","kxr",
            "pbu","ps",
            "pcr","adx",
            "per","fa",
            "pes","fa",
            "plt","mg",
            "pmc","huw",
            "pmk","crr",
            "pmu","phr",
            "pnb","lah",
            "ppa","bfy",
            "ppr","lcq",
            "prp","gu",
            "pry","prt",
            "puz","pub",
            "quz","qu",
            "rmr","emx",
            "rmy","rom",
            "rum","ro",
            "sap","aqt",
            "sca","hle",
            "scc","sr",
            "scr","hr",
            "sgl","isk",
            "shl","mrh",
            "skk","oyb",
            "slo","sk",
            "smd","kmb",
            "snb","iba",
            "spy","kln",
            "src","sc",
            "sul","sgd",
            "sum","ulw",
            "swh","sw",
            "szd","umi",
            "tdu","dtp",
            "tgg","bjp",
            "thc","tpo",
            "thw","ola",
            "thx","oyb",
            "tib","bo",
            "tid","itd",
            "tie","ras",
            "tkk","twm",
            "tl","fil",
            "tlw","weo",
            "tmk","tdg",
            "tmp","tyj",
            "tne","kak",
            "tpw","tpn",
            "tsf","taj",
            "ttq","tmh",
            "tw","ak",
            "umu","del",
            "unp","wro",
            "uok","ema",
            "uzn","uz",
            "wel","cy",
            "wgw","wgb",
            "wit","nol",
            "wiw","nwo",
            "xba","cax",
            "xia","acn",
            "xkh","waw",
            "xpe","kpe",
            "xrq","dmw",
            "xsj","suj",
            "xsl","den",
            "xss","zko",
            "ybd","rki",
            "ydd","yi",
            "yen","ynq",
            "yiy","yrm",
            "yma","lrr",
            "ymt","mtm",
            "yol","enm",
            "yos","zom",
            "yuu","yug",
            "zai","zap",
            "zir","scv",
            "zkb","kjh",
            "zsm","ms",
            "zyb","za",
        }
        lsrnum:intvector{
            0,
            1,
            430157663,
            423426806,
            423427535,
            423467630,
            423468359,
            430240040,
            443829339,
            423470546,
            423471275,
            423472004,
            423473462,
            426406958,
            433655405,
            429045938,
            47461593,
            429047396,
            429953543,
            244599351,
            423480752,
            423482210,
            421750835,
            421752293,
            137012769,
            424273202,
            426399695,
            423999098,
            423999827,
            420024590,
            432976733,
            423470573,
            39268389,
            424279034,
            427055066,
            1847805474,
            423435581,
            423436310,
            423437039,
            424008575,
            145744731,
            429402446,
            423832886,
            421747217,
            423480050,
            424287782,
            37861419,
            423482237,
            424014407,
            423483695,
            421752320,
            427461875,
            423427589,
            423822707,
            421737038,
            421265375,
            423569744,
            427054364,
            427055822,
            427056551,
            42775635,
            426939911,
            423437795,
            36716187,
            430210205,
            429049637,
            426097916,
            421138529,
            429957242,
            34476699,
            40775988,
            432793781,
            421949177,
            423820547,
            426202919,
            426401207,
            423547901,
            40762893,
            430615556,
            423569771,
            427054391,
            424279817,
            427056578,
            421743626,
            423476459,
            664980316,
            423832211,
            421746542,
            430625033,
            423441467,
            429052580,
            661828252,
            145750617,
            423484478,
            1972677493,
            430611209,
            41389860,
            37375257,
            36766542,
            421308440,
            426407066,
            427313213,
            39727740,
            430623602,
            429955109,
            426945068,
            423482318,
            423483776,
            423484505,
            420473762,
            45995709,
            423468494,
            423429857,
            423825704,
            423472139,
            423473597,
            423436418,
            423437147,
            423477242,
            432454877,
            423835181,
            421752428,
            422403452,
            423427697,
            423428426,
            423468521,
            423469250,
            421737875,
            423470708,
            421621235,
            175396232,
            195284091,
            424005065,
            423474353,
            423475082,
            424007252,
            423476540,
            424001663,
            426410765,
            422415845,
            426412223,
            424011626,
            430212500,
            424013084,
            420884216,
            145749969,
            424015271,
            424016000,
            423820655,
            431025362,
            195281931,
            421739360,
            424279196,
            426603248,
            423553112,
            424282112,
            423436472,
            -1586207047,
            424284299,
            175402820,
            423440117,
            429955919,
            420868232,
            41055357,
            423467846,
            430613504,
            423469304,
            423470033,
            423175517,
            579643793,
            325329077,
            423434312,
            423474407,
            427057442,
            377809088,
            477390548,
            421745219,
            36775398,
            421746677,
            432054116,
            429050528,
            430174646,
            423483155,
            422696564,
            429902756,
            424789550,
            421307117,
            430620821,
            47217054,
            325323497,
            423443087,
            427066946,
            423820007,
            421735067,
            421735796,
            423429263,
            432858149,
            423430721,
            421738712,
            423471545,
            423472274,
            427055309,
            1703718777,
            424005902,
            427057496,
            429381548,
            423831671,
            423478106,
            431037107,
            423558296,
            423480293,
            426413789,
            145748619,
            423226601,
            427065515,
            427066244,
            429960374,
            423427103,
            425827853,
            425869253,
            424275659,
            429945092,
            423430748,
            430616501,
            423472301,
            424004471,
            403429165,
            443834010,
            431033489,
            425759174,
            421744571,
            421745300,
            420033608,
            145745730,
            145747188,
            420882893,
            195293703,
            423483236,
            430628894,
            421634492,
            195276963,
            429036785,
            423427859,
            422405072,
            422406530,
            430162361,
            430615799,
            421957466,
            421741682,
            421604630,
            423475244,
            423475973,
            423437336,
            423477431,
            421746056,
            422416007,
            1770321769,
            423480347,
            432456524,
            421749701,
            584102465,
            430628192,
            430628921,
            430629650,
            429626573,
            427462172,
            422404370,
            423428615,
            421736606,
            421304309,
            423824462,
            420636545,
            423471626,
            145739223,
            423473084,
            423434447,
            426604139,
            427057577,
            423436634,
            427472378,
            175401524,
            175402253,
            175402982,
            427475294,
            430625303,
            195292299,
            426414599,
            423443195,
            423483290,
            424291022,
            423484748,
            430434332,
            423467279,
            422523224,
            423468737,
            423469466,
            423470195,
            423470924,
            430617311,
            423473111,
            421308710,
            421742465,
            423475298,
            423476027,
            431037215,
            421747568,
            69288980,
            432872108,
            421752671,
            420869150,
            36057522,
            423469493,
            421738847,
            176557043,
            429042698,
            429948845,
            429949574,
            429950303,
            429951032,
            429046343,
            423476783,
            431035784,
            427060547,
            423478970,
            423479699,
            427062734,
            429051446,
            429052175,
            429958322,
            421751240,
            429054362,
            423484802,
            145734930,
            426066947,
            423431612,
            423434528,
            421743248,
            424007522,
            429953246,
            421313867,
            433046393,
            429055118,
            37373421,
            1955902815,
            -1567843986,
            -1887654289,
            -1865385516,
            430613747,
            430614476,
            427467383,
            429948170,
            429043481,
            429044210,
            422411768,
            57260747,
            425877434,
            427452803,
            429953273,
            47463510,
            429049313,
            34474188,
            429051500,
            430174160,
            429387569,
            429053687,
            34360464,
            37392375,
            74726699,
            433642769,
            420022862,
            421736012,
            423484766,
            1889563073,
            423431666,
            422408879,
            421740386,
            426405986,
            36771294,
            421742573,
            429046424,
            423476864,
            175403117,
            426412547,
            429641288,
            429051527,
            421631765,
            423483425,
            421752050,
            421752779,
            423466685,
            426931622,
            422405261,
            424000313,
            423469601,
            423431693,
            424279520,
            420028721,
            424005416,
            424006145,
            424006874,
            43308264,
            426409658,
            424009061,
            421746245,
            429049367,
            429955514,
            424011977,
            429917606,
            145748862,
            429958430,
            429053741,
            431042453,
            424016351,
            420868556,
            421125893,
            420870743,
            420256908,
            424789847,
            426857291,
            423472544,
            47084511,
            423474002,
            431033003,
            423436094,
            423476189,
            423437552,
            423477647,
            421746272,
            423479105,
            422949122,
            421749188,
            421750646,
            423484208,
            47804763,
            145732878,
            423467468,
            43301028,
            424279574,
            419439014,
            37382277,
            430620416,
            423830510,
            429047234,
            422416979,
            423480590,
            429917660,
            429052337,
            175390832,
            423467495,
            423428858,
            429039971,
            430616069,
            421739765,
            423472598,
            430618985,
            423475514,
            195287439,
            423437606,
            421747055,
            421747784,
            429050906,
            421749242,
            421749971,
            423482804,
            423483533,
            421752158,
            429018128,
            430614638,
            429041456,
            422686763,
            430619741,
            57270190,
            421318430,
            427442057,
            423466820,
            424786310,
            422405396,
            430613936,
            423430370,
            423549926,
            36710220,
            423433286,
            423434744,
            47086077,
            36714594,
            433042964,
            42778416,
            423478484,
            424011383,
            424012112,
            423442034,
            426605799,
            421752941,
            433268252,
            42766779,
            43298220,
            145732986,
            43299678,
            432444482,
            432446669,
            432451043,
            432451772,
            426409820,
            424012139,
            432460520,
            145732312,
            420868017,
            431792811,
            421735527,
            422524305,
            426402585,
            426403314,
            429573006,
            421740630,
            39723988,
            421743546,
            427472028,
            176562471,
            -881563434,
            429626766,
            430092054,
            426412062,
            423441387,
            426414249,
            426414978,
            -2106943909,
            421751565,
            426409725,
            424784961,
            423466929,
            421735554,
            423468387,
            421618914,
            423469845,
            420104781,
            426404799,
            426405528,
            426406257,
            204130382,
            421624746,
            423475677,
            422669403,
            422689815,
            426410631,
            423478593,
            423439956,
            423440685,
            423441414,
            423481509,
            426415005,
            426415734,
            426416463,
            426930435,
            427246092,
            421736310,
            426401910,
            423469872,
            427013541,
            423471330,
            424279062,
            430617717,
            430618446,
            424005120,
            423474975,
            423436338,
            423476433,
            421626960,
            195289087,
            420034095,
            423439983,
            421629876,
            423480807,
            423442170,
            426415032,
            423444357,
            427263588,
            427245390,
            421734879,
            427463361,
            423468441,
            423429804,
            423469899,
            432977517,
            429907698,
            421936812,
            429909156,
            433275678,
            421742169,
            421959411,
            426408498,
            421960869,
            433653300,
            427316103,
            432985536,
            433655487,
            422692785,
            426413601,
            527727165,
            421750188,
            421750917,
            430628679,
            39734275,
            147543256,
            420021756,
            426399777,
            426400506,
            421736364,
            175393263,
            423469926,
            424790145,
            421740009,
            36061600,
            423473571,
            426860505,
            423476487,
            421745112,
            423222066,
            421963812,
            424287135,
            421748757,
            424288593,
            421750215,
            429919389,
            423483777,
            433660617,
            429902649,
            175391103,
            426931974,
            426401262,
            421737120,
            422682633,
            421738578,
            423471411,
            426405636,
            422687007,
            426407823,
            426211722,
            422669511,
            426410010,
            594832438,
            426943638,
            39729955,
            661944218,
            527727948,
            424014516,
            175407870,
            175408599,
            137977372,
            423426969,
            421734960,
            175391859,
            175392588,
            426402747,
            427053015,
            424003608,
            426405663,
            39725608,
            427019481,
            39727066,
            175402065,
            427061034,
            424010898,
            420882030,
            423441549,
            421749540,
            175406439,
            244858309,
            421751727,
            421752456,
            175400634,
            175390428,
            175391157,
            421735716,
            175392615,
            39719074,
            423470007,
            423470736,
            140778217,
            175396260,
            176558286,
            424005664,
            423474381,
            40768105,
            573230754,
            421745193,
            421745922,
            423419706,
            426412251,
            175404279,
            175405008,
            421749567,
            421750296,
            421633656,
            421752483,
            431023932,
            430611318,
            422660115,
            423478782,
            421952985,
            423469305,
            431795943,
            423470763,
            423435042,
            423829431,
            423436500,
            423476595,
            421627122,
            423478053,
            423480240,
            427063275,
            423835992,
            426415194,
            175407222,
            175407951,
            421634412,
            421616214,
            430612074,
            423467874,
            430619582,
            576984429,
            431796699,
            423471519,
            430164468,
            175397043,
            423473706,
            423474435,
            42775825,
            421743789,
            422689302,
            423477351,
            423409257,
            423478809,
            420546771,
            427259403,
            426413763,
            421966134,
            424289457,
            424014624,
            430628841,
            423484641,
            423427077,
            424004934,
            426400668,
            424000071,
            421619886,
            422683497,
            426404313,
            431030547,
            422685684,
            661937063,
            421742358,
            426407958,
            421743816,
            426409416,
            421627176,
            429048396,
            421746732,
            424011006,
            421630092,
            424012464,
            423442386,
            423226602,
            426219147,
            423444573,
            421752564,
            420021945,
            420869043,
            420023403,
            421736553,
            431795295,
            421738011,
            432973096,
            429238692,
            421622100,
            421740927,
            476935005,
            429950196,
            429911559,
            424007388,
            424795437,
            420879249,
            423478134,
            426943071,
            421747488,
            2138594538,
            427438062,
            424013949,
            424014678,
            424802727,
            421752591,
            426063924,
            423427131,
            421617024,
            423467955,
            427011624,
            422682093,
            426186396,
            421620669,
            423471600,
            421956738,
            176558421,
            423473787,
            421624314,
            423416196,
            423475974,
            426409470,
            423477432,
            426076317,
            427474539,
            422377371,
            423481077,
            426414573,
            423226656,
            423483264,
            423484722,
            69274374,
            421734420,
            432974142,
            423999423,
            421736607,
            421737336,
            421738065,
            428608161,
            421622154,
            424004526,
            431032086,
            428612535,
            432057789,
            424008171,
            423477459,
            421746084,
            431037189,
            175403712,
            421749000,
            421749729,
            423482562,
            421633089,
            432990909,
            426417516,
            661811054,
            422403669,
            422305983,
            426402234,
            422663193,
            421621452,
            429948090,
            423473112,
            423217962,
            423435204,
            423435933,
            423476028,
            426074913,
            423477486,
            423478215,
            429049233,
            429916743,
            433657242,
            423836154,
            423482589,
            422676315,
            422696727,
            426082932,
            431024850,
            426400803,
            422681445,
            423469494,
            421738848,
            145738549,
            423472410,
            421622937,
            421308738,
            430619526,
            423475326,
            421744680,
            421745409,
            421746138,
            424010412,
            424011141,
            430625358,
            423481158,
            421749783,
            423482616,
            175407411,
            74744844,
            421752699,
            424785366,
            421735230,
            424786824,
            426401559,
            427013190,
            423549711,
            43304539,
            427252302,
            422686575,
            423474624,
            426408120,
            426409578,
            423438174,
            421746165,
            421746894,
            423479727,
            426413223,
            421630983,
            423442548,
            423443277,
            423444006,
            426417597,
            429114924,
            175390698,
            390345955,
            432856881,
            176554182,
            421620075,
            427446972,
            39721531,
            426405231,
            431031465,
            36062680,
            431702145,
            421625178,
            429066081,
            664991033,
            421745463,
            423478296,
            420880869,
            421747650,
            423441117,
            427319397,
            403437347,
            359956112,
            175407465,
            423484128,
            423484857,
            420001722,
            421734555,
            426911913,
            427247253,
            426402342,
            423430938,
            36769108,
            426405258,
            423433854,
            39723745,
            423435312,
            421743303,
            427471785,
            421961274,
            427020534,
            429245442,
            423439686,
            426412548,
            195291706,
            421749135,
            427024908,
            430174917,
            423444060,
            432991044,
            423427320,
            426400911,
            1059270977,
            423430236,
            421954740,
            424278063,
            432978678,
            421740414,
            421741143,
            1059277538,
            424007604,
            424008333,
            423477621,
            432985239,
            431037351,
            421747704,
            423441171,
            423441900,
            173949519,
            424014165,
            421751349,
            421752078,
            421752807,
            145733581,
            421951851,
            430554051,
            423547632,
            420025104,
            421620156,
            421738983,
            426936024,
            423216666,
            423433908,
            423474003,
            426408228,
            426192444,
            423476919,
            421745544,
            423478377,
            476927348,
            423440469,
            423480564,
            421631091,
            423482022,
            420116958,
            423444114,
            426200463,
            423445572,
            421951149,
            428604732,
            420870042,
            420870771,
            421737552,
            421954794,
            426403881,
            423432477,
            429908913,
            423433935,
            421741926,
            426408255,
            423476217,
            421961355,
            422691084,
            430624062,
            421748487,
            421749216,
            422537265,
            423443412,
            423227628,
            424015677,
            421752861,
            421301637,
            424864989,
            426853701,
            423468954,
            476930928,
            423470412,
            433509471,
            426404637,
            422527815,
            422666325,
            423474057,
            421624584,
            423475515,
            430169193,
            421745598,
            422671428,
            423439794,
            421629687,
            426413385,
            423835641,
            421632603,
            426947742,
            422677260,
            423229113,
            420868638,
            429903864,
            428605515,
            423470439,
            421620966,
            423471897,
            430617555,
            430618284,
            422322922,
            422667810,
            141923908,
            430621200,
            423437634,
            426410496,
            423439092,
            426412683,
            460500014,
            421966512,
            426080988,
            423485019,
            423998262,
            426400317,
            423428913,
            421736904,
            423469737,
            423431100,
            176557287,
            421622451,
            423434016,
            426938319,
            421742736,
            430620498,
            194224612,
            423438390,
            423479214,
            423440577,
            426414897,
            176568222,
            423483588,
            423485046,
            429233967,
            421735473,
            429059007,
            426067920,
            423470493,
            423471951,
            642186661,
            433295226,
            424497654,
            421742763,
            421625394,
            421744221,
            421626852,
            421745679,
            421746408,
            430624170,
            419445684,
            421749324,
            426414924,
            423443520,
            426081771,
            423444978,
            423445707,
            429626224,
            430197760,
            427029526,
            430199218,
            429944068,
            427248226,
            420025294,
            433036486,
            422408395,
            427448701,
            430205050,
            428198113,
            421309792,
            423475651,
            427452346,
            427453075,
            427060144,
            422533783,
            427455262,
            427457449,
            427458178,
            427458907,
            420039145,
            427460365,
            427462579,
            427463308,
            427464037,
            427466224,
            421129756,
            424791523,
            424004932,
            426603817,
            642189659,
            423437041,
            423438499,
            422415712,
            422416441,
            422417170,
            422417899,
            427477159,
            424013680,
            427479346,
            422404804,
            429038704,
            433507474,
            423431236,
            423431965,
            431798698,
            433650358,
            432981865,
            432451882,
            1981888366,
            476933536,
            431509285,
            611600853,
            427052206,
            175395424,
            259282233,
            175396882,
            176560366,
            175399798,
            1232247037,
            423439282,
            74745250,
            145732421,
            429941989,
            423998452,
            433036594,
            426603169,
            423436393,
            423440767,
            426613375,
            423426943,
            423429130,
            423431317,
            426604654,
            423466336,
            423999235,
            423569125,
            664987821,
            430728661,
            427462741,
            429943528,
            432443998,
            432445456,
            40862147,
            429947173,
            1232236233,
            1252694170,
            1248993766,
            1244840653,
            1247517541,
            1243817137,
            1249741720,
            1245017800,
            1246080682,
            1242360595,
            1251454141,
            1246159414,
            1254131029,
            1242714889,
            1252024948,
            1249387426,
            96503125,
            -1396669099,
            432448372,
            426465469,
            429950089,
            145741979,
            429951547,
            429952276,
            420032773,
            432453475,
            111187359,
            422417332,
            433520731,
            176568493,
            429959566,
            432460036,
            421734286,
            424785880,
            429943555,
            429944284,
            423429940,
            175395559,
            430246090,
            429046156,
            432452773,
            421313653,
            429958135,
            422539102,
            38023475,
            427307518,
            429947227,
            145739117,
            427429990,
            1115179206,
            423475894,
            422413741,
            429067324,
            424498826,
            430959079,
            423481726,
            1232254489,
            426608488,
            42767834,
            423435097,
            429163579,
            426605518,
            423830944,
            421962517,
            423478837,
            421314436,
            145747163,
            429956731,
            432063541,
            426415978,
            423444574,
            430216255,
            423427105,
            420023404,
            579650804,
            432444835,
            39721370,
            423826597,
            426602629,
            427056067,
            423828784,
            429950926,
            432452125,
            175389527,
            426609919,
            424012492,
            145749377,
            432459415,
            427304683,
            422662411,
            -1334475770,
            427467979,
            429947059,
            421742413,
            429950953,
            427314889,
            430250572,
            420488533,
            661929855,
            426596851,
            427306168,
            426935107,
            426601225,
            422409475,
            426603412,
            432449992,
            1232248036,
            426410956,
            421747543,
            432455824,
            1020544848,
            426612160,
            420648940,
            429114844,
            430611481,
            432442729,
            432443458,
            422405857,
            427465117,
            421127920,
            642184907,
            422310358,
            432448561,
            432449290,
            429950278,
            429951007,
            420032233,
            121271086,
            429953923,
            422417521,
            427260268,
            429958297,
            422420437,
            427468613,
            432460225,
            432442027,
            422404426,
            422405155,
            244590281,
            429278896,
            423830350,
            422669782,
            424011142,
            422418277,
            1232253922,
            422421193,
            426933001,
            671679619,
            430158853,
            421459696,
            431026363,
            429944527,
            427465927,
            420026482,
            135168833,
            430440247,
            671686909,
            671687638,
            671688367,
            671689096,
            432451558,
            429952546,
            429028903,
            429954733,
            421413040,
            429031090,
            427064248,
            427320856,
            420038875,
            423444763,
            429960565,
            433307431,
            432442108,
            426124594,
            476933008,
            429948199,
            476934466,
            427253086,
            429951115,
            432452314,
            1232248171,
            429955489,
            429956218,
            426611566,
            671696413,
            426613753,
            429960592,
            432442135,
            429943852,
            -1519558585,
            432445051,
            69279640,
            426601387,
            432450154,
            429951142,
            176561527,
            427472542,
            432453070,
            424011250,
            594835004,
            432456715,
            594838649,
            432460360,
            145732853,
            943284119,
            427304899,
            427463092,
            432443620,
            422310520,
            427468195,
            422410393,
            420285358,
            429045022,
            422532136,
            429953356,
            432456013,
            1785899998,
            426414790,
            432458929,
            432459658,
            145732880,
            427053421,
            432451666,
            433642879,
            433505827,
            433645795,
            432978031,
            427259755,
            423432532,
            420631741,
            432442270,
            427443517,
            424008469,
            1232242528,
            332652343,
            432451774,
            426610297,
            425355014,
            421950584,
            423467633,
            423468362,
            426401858,
            424280090,
            423824843,
            423471278,
            421956416,
            421937462,
            429949172,
            422312897,
            423435557,
            426605978,
            427066959,
            175401905,
            145745436,
            424286300,
            421965164,
            422320187,
            424013654,
            430627871,
            421752296,
            426064358,
            423427565,
            423429023,
            421737014,
            421737743,
            426068732,
            423432668,
            432979652,
            430619150,
            423435584,
            421743575,
            423437042,
            423437771,
            426410633,
            426078209,
            426078938,
            423442145,
            426080396,
            423483698,
            41174025,
            424659602,
            430611185,
            429904784,
            423213293,
            426206567,
            423472088,
            430617746,
            424794494,
            145743330,
            430623578,
            426077534,
            421750190,
            422166476,
            421932467,
            423468470,
            429236318,
            43302030,
            423431291,
            39721182,
            421740011,
            422688050,
            429950009,
            421742927,
            420031235,
            429952925,
            422690627,
            74739446,
            429049694,
            423481592,
            421634306,
            423820631,
            426065222,
            423999236,
            422661521,
            423469253,
            423470711,
            423432074,
            422665166,
            422686307,
            36063114,
            430620743,
            175396451,
            420034205,
            422672456,
            430625117,
            430627304,
            423483104,
            423484562,
            175403237,
            430615667,
            176557559,
            430619312,
            427431395,
            259285987,
            259286716,
            430623686,
            433655597,
            430625873,
            421316543,
            176567765,
            430628060,
            423466391,
            429903461,
            424274852,
            429904919,
            430614965,
            422309468,
            432446942,
            426404990,
            421740848,
            429912209,
            421939136,
            423437231,
            429913667,
            429391455,
            423439418,
            427061819,
            420252959,
            429918770,
            431041430,
            421751783,
            421634414,
            430611347,
            430612076,
            421952285,
            430613534,
            422367086,
            430614992,
            430617179,
            430617908,
            429378608,
            430614695,
            426073322,
            430620824,
            421744520,
            430623740,
            423480998,
            430627385,
            664980640,
            423431453,
            421741631,
            432985727,
            429915908,
            426415979,
            145737714,
            429163607,
            427058255,
            420100706,
            426065384,
            423467957,
            430613615,
            426402182,
            -1254290822,
            432977762,
            39723585,
            39724314,
            426408014,
            426409472,
            421746788,
            421747517,
            421748975,
            432988697,
            430627466,
            433521596,
            421751891,
            421734422,
            423468713,
            433645553,
            138159813,
            421740254,
            421741712,
            422669000,
            421626530,
            423478919,
            421748273,
            476942351,
            476943080,
            421750460,
            429054311,
            423466553,
            423467282,
            426932219,
            433645580,
            423470198,
            423432290,
            421741739,
            423474572,
            423476030,
            421626557,
            424796249,
            420880790,
            422672672,
            423441038,
            432181748,
            426415358,
            195294516,
            423838343,
            432984404,
            430376825,
            663094177,
            432977897,
            141914172,
            460484446,
            423433100,
            421744007,
            432983729,
            176563661,
            420875991,
            195290952,
            426098324,
            432063002,
            176569493,
            422168312,
            422310467,
            421956902,
            423434585,
            421744034,
            527722469,
            426076481,
            426930896,
            432974306,
            420024350,
            430616720,
            426070676,
            426072134,
            426073592,
            426075050,
            432984512,
            432985970,
            426077966,
            426078695,
            426079424,
            176569547,
            426399482,
            259277590,
            423468173,
            423432442,
            424001072,
            421305230,
            422309792,
            175395884,
            423472547,
            430626278,
            423474005,
            424006175,
            426093302,
            421744088,
            424008362,
            421745546,
            421746275,
            426411875,
            176565200,
            426083592,
            426945503,
            421749920,
            421750649,
            426081638,
            424015652,
            426417707,
            632705171,
            423466742,
            423427403,
            527719661,
            430171382,
            419444876,
            423482807,
            430629194,
            176570357,
            422659820,
            430612481,
            430613939,
            424002638,
            424279658,
            426073727,
            430621229,
            427256165,
            423439850,
            422674400,
            430629248,
            423427484,
            423429671,
            421955633,
            664989064,
            421626125,
            430611105,
            421735557,
            423431211,
            423220530,
            424285599,
            422319486,
            244597951,
            801892537,
            423819849,
            423426945,
            421619025,
            423432777,
            424273341,
            430245309,
            433651197,
            423437178,
            1195019257,
            423441579,
            421745223,
            423480243,
            423481701,
            431792328,
            423427080,
            423429996,
            421738716,
            423432912,
            422186565,
            421604580,
            426407961,
            433514982,
            423438015,
            423439473,
            1332583203,
            244585072,
            423469389,
            423473763,
            423435855,
            422315382,
            423481053,
            423427134,
            421735125,
            422760828,
            176556237,
            423472332,
            426487160,
            1467205993,
            432450696,
            426408744,
            420288789,
            429955329,
            175405146,
            421750434,
            429132288,
            426417492,
            429941505,
            856839062,
            423466527,
            422305959,
            427306170,
            421736610,
            145737040,
            145738498,
            433040484,
            420640923,
            423436638,
            421744629,
            423478191,
            421746816,
            423442470,
            423443199,
            433049232,
            419430810,
            424287408,
            423433047,
            594821101,
            431029281,
            423432372,
            423472467,
            431032197,
            430623957,
            426943965,
            421748382,
            421750569,
            429626712,
            427445544,
            -1351331554,
            43303867,
            429948201,
            429941428,
            424282413,
            429954033,
            429955491,
            429956949,
            424015599,
            423428052,
            429943854,
            431034438,
            426409662,
            423479082,
            423440445,
            514137572,
            423441903,
            423444090,
            421752810,
            432444351,
            145736527,
            423432480,
            145743088,
            426409743,
            429641427,
            429942531,
            422315733,
            423427485,
            423430401,
            43297550,
            423466177,
            428604169,
            423468364,
            420871666,
            423470551,
            423431914,
            423472009,
            423472738,
            426406234,
            426406963,
            423435559,
            428612917,
            427256248,
            420880414,
            421748653,
            429643723,
            43315775,
            43316504,
            429915019,
            427244719,
            -1485594101,
            423472144,
            426073216,
            421963141,
            424331716,
            36055151,
            423429943,
            420340441,
            424005853,
            433653439,
            423439420,
            422476411,
            423482431,
            424863184,
            423434371,
            427693918,
            429942181,
            421739473,
            423432940,
            426407260,
            430620880,
            421628665,
            420492154,
            426410203,
            175405147,
            431025529,
            420479086,
            421956769,
            427520524,
            424787503,
            423472387,
            421625101,
            424794793,
            423478948,
            432061465,
            428606761,
            423479731,
            429114928,
            429943801,
            421736719,
            422174848,
            429124405,
            429125863,
            429126592,
            423478300,
            422179951,
            422180680,
            431038759,
            40524245,
            423075244,
            424788394,
            427013302,
            422369572,
            421956958,
            423436099,
            429046483,
            422376133,
            430250062,
            431038840,
            421631095,
            423442660,
            423484213,
            421943863,
            421301641,
            420241675,
            426083935,
            422264786,
            423820472,
            421951316,
            427049942,
            423999806,
            422524310,
            423469823,
            421817180,
            423471281,
            423472010,
            423472739,
            421741364,
            426210134,
            423474926,
            1232246231,
            423476384,
            423477113,
            527723444,
            423478571,
            259289446,
            423480029,
            611612440,
            423482216,
            430175165,
            421751570,
            430158001,
            422678885,
            430611863,
            430628970,
            430613321,
            423469121,
            423469850,
            422683259,
            424790069,
            421739933,
            527718368,
            175397561,
            259284370,
            175399019,
            429912023,
            429234485,
            422689820,
            422690549,
            423439232,
            424798088,
            430625714,
            422694194,
            430627172,
            424801733,
            423444335,
            43316532,
            423467690,
            430613348,
            429944855,
            428075699,
            421702781,
            423475709,
            422770037,
            422535299,
            420631178,
            527712590,
            430612646,
            423468446,
            423429809,
            423430538,
            424002074,
            430616291,
            422684771,
            430617749,
            421957958,
            430166498,
            421959416,
            423475736,
            145743333,
            422592188,
            423478652,
            430625039,
            423441473,
            175407092,
            423426920,
            423467015,
            429234863,
            423429107,
            421737827,
            423431294,
            420026864,
            421740014,
            423551579,
            423434210,
            423434939,
            204121616,
            422690630,
            421747304,
            420115802,
            423442958,
            427793630,
            421633580,
            195295707,
            423473603,
            420244742,
            420868184,
            429234188,
            430613456,
            430614185,
            39720510,
            430618559,
            423474359,
            176564501,
            430626200,
            423480191,
            424287923,
            423482378,
            47077605,
            420633473,
            176554646,
            426603254,
            420877688,
            1007431438,
            39728556,
            423479489,
            663104845,
            430611323,
            423427757,
            420476036,
            426401348,
            424276313,
            39720564,
            430616426,
            424438880,
            423475142,
            145742739,
            423477329,
            427316243,
            427316972,
            426412283,
            420035720,
            421632959,
            430628819,
            426417386,
            39723507,
            430620098,
            423830192,
            430623743,
            39730797,
            423466448,
            423468635,
            426402131,
            423436559,
            430621583,
            427020323,
            420489212,
            429626525,
            423427838,
            421952342,
            145735530,
            36768924,
            421957445,
            43305867,
            430619423,
            423437315,
            429245987,
            421965464,
            423443147,
            430611431,
            420869075,
            423429323,
            423470876,
            422172527,
            1344922323,
            426408017,
            426408746,
            430623824,
            423481082,
            195293007,
            433659380,
            831805886,
            423445361,
            433031738,
            422659526,
            427049564,
            429628766,
            426401483,
            423430079,
            423549635,
            423432266,
            430617290,
            424280093,
            431701313,
            430619477,
            423475277,
            430620935,
            175400099,
            432985082,
            430623851,
            423480380,
            423481109,
            427458533,
            422697434,
            424273559,
            427462934,
            423468014,
            424275746,
            664983667,
            195281397,
            433647041,
            422172581,
            423472388,
            175397183,
            175397912,
            429241694,
            175397916,
            424874255,
            421745387,
            421746116,
            421746845,
            426097517,
            219063584,
            426413903,
            424288868,
            433658705,
            421633121,
            421968461,
            423427217,
            423823793,
            423476060,
            423427244,
            429046376,
            421963412,
            175390703,
            244587423,
            423429458,
            423471011,
            423432374,
            420874313,
            429240317,
            432982274,
            423478301,
            47464245,
            421747655,
            74741258,
            195292413,
            429249065,
            423482675,
            423483404,
            429251252,
            423484862,
            427253819,
            423476141,
            422689550,
            423477599,
            423758264,
            429036980,
            421618089,
            259276135,
            423427352,
            429037736,
            427463825,
            424275908,
            430614563,
            430615292,
            427467470,
            427448516,
            430166228,
            429950444,
            427471115,
            433042133,
            427472573,
            430622582,
            433044320,
            423833405,
            429070541,
            422536514,
            424801517,
            422676482,
            422323646,
            426516881,
            433032683,
            429038492,
            423469661,
            423470390,
            429043595,
            421959173,
            423436127,
            430621151,
            429047240,
            429047969,
            423479867,
            430629170,
            424273775,
            423428135,
            39718026,
            430161179,
            433645799,
            39720213,
            423431780,
            420028079,
            431700827,
            430620449,
            423436883,
            423577580,
            36777969,
            430626281,
            430627739,
            423837833,
            424290569,
            423467555,
            430613942,
            423430376,
            430615400,
            422683880,
            426405425,
            430167065,
            420286928,
            432865094,
            176562395,
            427455185,
            430629251,
            423445685,
            421931579,
            43304787,
            421744226,
            423426084,
            36054208,
            40522249,
            429941886,
            43299739,
            421736262,
            430161315,
            423824847,
            423471282,
            420027486,
            427055046,
            1232244045,
            1254138841,
            427312383,
            423474927,
            433651767,
            423476385,
            421745010,
            433653954,
            195289768,
            420034776,
            421631286,
            429957924,
            420038421,
            433659786,
            36781750,
            421616004,
            423427569,
            421940409,
            325332540,
            426216723,
            432446784,
            195294952,
            325321686,
            426940188,
            421952883,
            421738557,
            433647501,
            420027594,
            421624833,
            420247077,
            423482379,
            423472200,
            427257897,
            423483864,
            175389732,
            423427029,
            422404242,
            429944289,
            173209293,
            423431403,
            423471498,
            -1720429115,
            426405723,
            421741581,
            424005855,
            175407482,
            431704095,
            429049077,
            1704473245,
            431040705,
            429053451,
            421740150,
            433642560,
            421619163,
            41177890,
            423473739,
            423466476,
            175391271,
            427306848,
            426609924,
            -1667746361,
            426930711,
            426065388,
            1551006370,
            427308333,
            91392952,
            426939459,
            426941646,
            91398055,
            427061202,
            426943833,
            423480354,
            421748979,
            427319997,
            426946749,
            426948207,
            426948936,
            426399297,
            39718513,
            175393512,
            427427187,
            431699127,
            426936570,
            -1163886722,
            1259066513,
            1232245854,
            424007448,
            39726532,
            429384552,
            423465828,
            420868401,
            423467286,
            175392081,
            423429378,
            423430107,
            40764655,
            429948096,
            175397184,
            427430859,
            429911646,
            421626561,
            429953199,
            421963359,
            423480408,
            421749762,
            292729075,
            175408119,
            476938035,
            429154296,
            427048944,
            423468096,
            427307739,
            421741824,
            426939594,
            427315029,
            430622502,
            421742096,
            580400016,
            427063524,
            423482676,
            429053694,
            43316965,
            422168316,
            1232246718,
            40772782,
            430217232,
            421740420,
            427472547,
            433655925,
            421749168,
            1704476458,
            430748700,
            422404566,
            431695671,
            421736802,
            432445083,
            423470364,
            422408211,
            425873148,
            423472551,
            421741905,
            423474738,
            421625265,
            429953361,
            420034587,
            432455289,
            176565933,
            422418417,
            432457476,
            421750653,
            422420604,
            325340343,
            145751812,
            430219473,
            432445110,
            421308906,
            421744119,
            432457503,
            424273776,
            429943938,
            423437613,
            426399594,
            57277514,
            420238113,
            419430436,
            421306882,
            423475657,
            423478573,
            423427570,
            430613323,
            423429757,
            424002022,
            427309495,
            423427225,
            424005667,
            423435589,
            423436318,
            423439234,
            421748683,
            423444337,
            424784995,
            429705448,
            423431971,
            427474276,
            421733428,
            422304964,
            427049296,
            423428353,
            424787209,
            423429811,
            423472093,
            429914995,
            423440017,
            426216049,
            423441475,
            422186164,
            423997756,
            423998485,
            423547963,
            431028232,
            424005046,
            423219184,
            424012336,
            424015252,
            423426247,
            423427705,
            423429892,
            423470716,
            423434995,
            423475090,
            427451785,
            423476548,
            419444449,
            423443014,
            421734994,
            423432835,
            421745200,
            430627336,
            695365331,
            430620802,
            423428515,
            423429973,
            424791745,
            423436534,
            423440179,
            671679706,
            423432187,
            423432916,
            423434374,
            423435103,
            423437290,
            423438019,
            430623772,
            420035776,
            423442393,
            423443122,
            423581632,
            433660786,
            421734373,
            426852682,
            430615780,
            426936517,
            424005208,
            432982114,
            424008124,
            424008853,
            421748953,
            423442420,
            423472336,
            429950230,
            423475981,
            423476710,
            421746793,
            430250578,
            429916696,
            1805140295,
            421733698,
            427462909,
            429946612,
            145738502,
            427468741,
            424007449,
            423476737,
            422414584,
            476941627,
            429960463,
            419430814,
            195290147,
            423481138,
            429958303,
            423472417,
            423476791,
            422418310,
            423443284,
            421737451,
            421739638,
            423433105,
            433650040,
            429046405,
            594835685,
            421751302,
            424015576,
            423466666,
            422405242,
            424000294,
            423432403,
            423433132,
            36771302,
            421743310,
            433652254,
            423437506,
            429168904,
            426414013,
            419446960,
            430236916,
            423998863,
            421736776,
            427445575,
            424003966,
            329581639,
            145741580,
            423436075,
            427452865,
            423479086,
            423440449,
            424011985,
            424013443,
            423443365,
            421751356,
            424015630,
            430216504,
            426939676,
            423998917,
            424013497,
            325322173,
            424005505,
            423475522,
            421744876,
            423479896,
            432443707,
            430206406,
            423427462,
            426409801,
            423227716,
            430951498,
            423436237,
            423439882,
            423445714,
            1770307603,
            429036470,
            423427544,
            430199225,
            41135340,
            423469097,
            423430460,
            432978173,
            420874586,
            432980360,
            426545477,
            430620587,
            430621316,
            421745741,
            423434267,
            421314173,
            36777378,
            421748657,
            421750844,
            430628606,
            421319276,
            325325252,
            430616969,
            421740665,
            423473498,
            423435590,
            47086923,
            419441399,
            421746497,
            429050348,
            426413555,
            430627175,
            135177183,
            661929592,
            39720432,
            145746981,
            422404136,
            176554568,
            403422969,
            427309577,
            421740017,
            424280582,
            421742204,
            423436400,
            423439316,
            423480140,
            421965278,
            421616870,
            204125422,
            426409316,
            432979091,
            319712156,
            426399164,
            423427760,
            427030478,
            423429218,
            423429947,
            430615700,
            423474416,
            426407912,
            433656359,
            426945185,
            421139429,
            426948101,
            311776264,
            423439451,
            421734347,
            426604796,
            423476657,
            476938631,
            423441665,
            421934120,
            423466505,
            423427868,
            433644074,
            421736588,
            423432971,
            176559887,
            426605579,
            423833192,
            423440261,
            423482543,
            432458720,
            -1720434810,
            39718515,
            430615835,
            423432998,
            430165313,
            175398617,
            175403720,
            421617086,
            424275749,
            39720729,
            427454918,
            426080753,
            329180582,
            325335107,
            422416124,
            427304825,
            423439667,
            423441125,
            422536436,
            429037010,
            423428084,
            -1804437341,
            424275911,
            423432458,
            430617482,
            423434645,
            176560103,
            421940195,
            527721800,
            423437561,
            429047945,
            429049403,
            425370140,
            423441935,
            423443393,
            527729819,
            421733915,
            421736831,
            429381125,
            421733942,
            423826901,
            661812061,
            325325873,
            421968734,
            148449304,
            433328094,
            426597237,
            423429003,
            432977445,
            422683965,
            423432648,
            423433377,
            424004913,
            422313633,
            426074544,
            145743985,
            422414964,
            429051780,
            1042507108,
            421750845,
            429053967,
            430611138,
            429037227,
            429037956,
            145735264,
            430614054,
            661933913,
            427466961,
            421739937,
            421622568,
            423473499,
            421958637,
            423474957,
            422688366,
            429912756,
            423555876,
            423477873,
            430170822,
            420113538,
            423480060,
            39730585,
            421749414,
            423482247,
            423482976,
            36505489,
            423445068,
            145733104,
            423466965,
            423428328,
            421736319,
            423429786,
            423430515,
            423431244,
            423431973,
            423432702,
            431798706,
            432173412,
            423474255,
            422687664,
            423574128,
            423476442,
            421941897,
            423438534,
            423439992,
            423480087,
            433656927,
            421631343,
            421632072,
            47468947,
            433660572,
            430611192,
            433643832,
            430613379,
            433645290,
            423469908,
            421620435,
            423550098,
            423570510,
            423571239,
            421308423,
            423434916,
            423435645,
            432175626,
            423437832,
            74738697,
            430308657,
            642194095,
            426598251,
            421750197,
            423443664,
            421751655,
            426417255,
            431182026,
            420101226,
            421932474,
            433644588,
            429944913,
            423548667,
            421935390,
            423471393,
            421740018,
            430205166,
            421624107,
            426210975,
            426408534,
            423574911,
            421963092,
            423440046,
            145747009,
            423559602,
            443841121,
            423482328,
            175407123,
            611615468,
            423445149,
            359939759,
            175391112,
            611599457,
            359941946,
            594823699,
            427052268,
            359944133,
            443830942,
            594826615,
            175397673,
            426407103,
            43307167,
            426408561,
            424283526,
            175401318,
            175402047,
            175402776,
            175403505,
            175404963,
            427063932,
            427064661,
            175407150,
            175407879,
            422677539,
            421615413,
            424273347,
            421734969,
            403433309,
            421737156,
            423469989,
            424005966,
            176558268,
            429043923,
            430619292,
            429051353,
            421941276,
            429047568,
            421745904,
            421746633,
            430624395,
            423440829,
            423480924,
            421749549,
            421750278,
            421751007,
            663108467,
            427048677,
            997356652,
            421735725,
            421736454,
            421737183,
            638306446,
            661815977,
            421739370,
            423433566,
            423474390,
            175399914,
            1100273287,
            421745202,
            426076191,
            427061070,
            423479493,
            477394176,
            427437234,
            145748548,
            39732205,
            421632936,
            421633665,
            423484596,
            422304372,
            421950807,
            421931853,
            429943563,
            426401352,
            421953723,
            176555406,
            421738668,
            423471501,
            429947937,
            423472959,
            423435051,
            145742014,
            429952311,
            176562696,
            421745958,
            423479520,
            423480249,
            429405561,
            433657818,
            423482436,
            427065471,
            421751790,
            433660734,
            420237684,
            421734321,
            430198740,
            421735779,
            423468612,
            421737237,
            403426205,
            145738396,
            420874101,
            433275120,
            421741611,
            176559807,
            427313358,
            430620831,
            175400697,
            476938605,
            429953796,
            421746714,
            423479547,
            642194257,
            429956712,
            423483192,
            423483921,
            664998845,
            148252015,
            36763069,
            41053963,
            43297825,
            41250793,
            423427086,
            421735077,
            423467910,
            423429273,
            427012308,
            661933427,
            424002267,
            1785555648,
            433648395,
            426405780,
            420875586,
            421742367,
            423435834,
            421941384,
            430622316,
            421627914,
            423439479,
            423440208,
            176565666,
            423441666,
            421749657,
            423226611,
            421751115,
            430628877,
            420040152,
            425945808,
            429942186,
            432442656,
            426400704,
            430613595,
            176554758,
            421954533,
            424002294,
            423471582,
            421740207,
            43305142,
            423434403,
            424005939,
            423475227,
            422314659,
            423437319,
            423477414,
            423478143,
            176564235,
            425605365,
            423480330,
            429248178,
            431040060,
            421750413,
            423483246,
            421751871,
            421752600,
            390344371,
            423820800,
            427423518,
            426932172,
            424000134,
            426402189,
            423470151,
            423470880,
            423471609,
            423432972,
            175397133,
            424005237,
            427057560,
            423475983,
            423476712,
            426410208,
            430170390,
            429390576,
            141146722,
            148055455,
            137013292,
            42766654,
            43298095,
            34854088,
            141520699,
            -1070946260,
            423479628,
            421748253,
            423481086,
            429052104,
            421632342,
            423483273,
            423444636,
            43316833,
            359939246,
            423427167,
            423998703,
            423426546,
            421736616,
            424000890,
            431796087,
            423432999,
            430204680,
            426190077,
            421742448,
            429045570,
            175400076,
            426192993,
            426410235,
            432985086,
            423478926,
            432986544,
            429050673,
            427024053,
            423481842,
            420254559,
            421751196,
            421633827,
            422677755,
            2006271571,
            423466560,
            423428652,
            421736643,
            429905817,
            423430839,
            427466583,
            423215784,
            145739260,
            421966494,
            423474579,
            423575181,
            423477495,
            420112431,
            426471498,
            426413178,
            421965549,
            423442503,
            423443232,
            429959763,
            423484785,
            423427221,
            427463694,
            421736670,
            429236622,
            423470232,
            426462777,
            423825984,
            421740315,
            429043437,
            423434511,
            421624404,
            427313520,
            429046353,
            423555525,
            421746147,
            423478980,
            421747605,
            145747306,
            421749063,
            145732888,
            423482625,
            423483354,
            145750951,
            423583227,
            423466614,
            423467343,
            423468072,
            579640374,
            424000971,
            423470259,
            422663985,
            433647828,
            423472446,
            423473175,
            424792665,
            423474633,
            424282365,
            426861567,
            429243939,
            421961958,
            429048567,
            432985896,
            427022676,
            432987354,
            420489378,
            421749819,
            423482652,
            426416148,
            195295306,
            420493023,
            176552004,
            429943077,
            145734967,
            426204765,
            429039846,
            431028558,
            423432378,
            426188727,
            424004643,
            145740799,
            430954200,
            429243237,
            429243966,
            423438210,
            390357628,
            429916104,
            422378244,
            175405287,
            390360544,
            429249798,
            427262544,
            433286271,
            421752762,
            41172277,
            433643508,
            423999567,
            423468855,
            423469584,
            426403080,
            420872886,
            422172693,
            423472500,
            423473229,
            429949665,
            423474687,
            423436050,
            424007586,
            423437508,
            422690283,
            423438966,
            423479061,
            429246909,
            422673516,
            477395202,
            421631775,
            476943951,
            421751331,
            175408959,
            427304880,
            195278620,
            423428787,
            430613811,
            176554974,
            421620138,
            430615998,
            421956207,
            421740423,
            424280259,
            423473985,
            43306816,
            423475443,
            429046461,
            423476901,
            1551015310,
            424009800,
            421747713,
            421748442,
            421631073,
            427320189,
            429958440,
            429053751,
            421633989,
            423428085,
            421736076,
            423468909,
            423469638,
            403425773,
            423431730,
            423432459,
            429042843,
            433649394,
            421741908,
            423435375,
            145742338,
            429105537,
            423476928,
            423477657,
            429048675,
            423834138,
            420036048,
            429957009,
            421749927,
            422695440,
            430628418,
            430629147,
            425886273,
            145733617,
            421735374,
            423468207,
            421736832,
            432976554,
            421954803,
            423471123,
            421739748,
            421956990,
            426406077,
            426604365,
            426408264,
            427471875,
            421744851,
            421745580,
            476939658,
            421747038,
            476941845,
            421749954,
            421750683,
            39733312,
            1332583506,
            421752870,
            420631695,
            429037065,
            423428139,
            423212355,
            420870807,
            421737588,
            420872265,
            421955559,
            421739775,
            427468257,
            423473337,
            420029541,
            423435429,
            420247512,
            420248241,
            423476982,
            424284714,
            426407711,
            421747065,
            421629696,
            421748523,
            426414123,
            429387714,
            175407609,
            427440555,
            427441284,
            423466803,
            424274535,
            430160481,
            426913515,
            423429579,
            476931693,
            432979524,
            421957773,
            476935338,
            642189532,
            432983169,
            429047298,
            39727534,
            421746363,
            423479196,
            423480654,
            427064418,
            423482841,
            423227691,
            427322484,
            423485028,
            138155014,
            41054341,
            429390684,
            433642941,
            423999000,
            423468288,
            421736913,
            423824040,
            424277478,
            423471204,
            429947640,
            432979551,
            424004832,
            424005561,
            429950556,
            422688258,
            424007748,
            421744932,
            421962903,
            429049512,
            432986841,
            421748577,
            1332580671,
            176567502,
            175406934,
            423483597,
            423484326,
            429055344,
            422659854,
            421735482,
            424275318,
            421736940,
            423469773,
            421738398,
            432979578,
            421742772,
            421743501,
            431920341,
            420111270,
            421745688,
            176563884,
            426412017,
            432986868,
            421749333,
            421750062,
            429053184,
            421751520,
            421634151,
            421752978,
            420394906,
            423997624,
            1402214144,
            432443089,
            325324498,
            175393165,
            433646668,
            39721082,
            431916022,
            423571159,
            421624000,
            426860407,
            423436294,
            421961527,
            427316032,
            423832870,
            423558037,
            421748659,
            421750117,
            427065256,
            423484408,
            430826923,
            423466939,
            145735994,
            175393921,
            426404809,
            661936101,
            424005670,
            175399024,
            420208309,
            403431822,
            423477874,
            176563966,
            427318246,
            423480790,
            423481519,
            421750144,
            421750873,
            430628635,
            430629364,
            421735591,
            421736320,
            421737049,
            421737778,
            427427623,
            421742152,
            423474985,
            645045188,
            421745797,
            421747255,
            424273267,
            423427627,
            423429085,
            423431272,
            423432001,
            423216217,
            423433459,
            423434188,
            423434917,
            427017952,
            419440726,
            423437104,
            423437833,
            423438562,
            421616089,
            426852496,
            427443715,
            421618276,
            422662204,
            423824230,
            426856870,
            423472123,
            421622650,
            423473581,
            421624108,
            426407806,
            431506432,
            426409264,
            1383360844,
            423477955,
            423478684,
            421629211,
            423480142,
            423480871,
            421749496,
            421750225,
            421750954,
            421751683,
            145751384,
            426399085,
            426399814,
            419440780,
            423564031,
            420868189,
            420868918,
            423569134,
            427309633,
            421740073,
            431031907,
            420876208,
            421624891,
            430168042,
            429912892,
            423832303,
            420880582,
            423480196,
            420882769,
            421634368,
            427304557,
            421739371,
            426936412,
            176560483,
            432982738,
            584099425,
            431038495,
            426945160,
            426083509,
            426182653,
            423467128,
            426932065,
            423468586,
            421619113,
            176555407,
            812928318,
            423825067,
            423471502,
            430243912,
            421623487,
            420029893,
            421744501,
            423831628,
            430170283,
            429245911,
            -2089638671,
            421945705,
            431374591,
            421750333,
            421751062,
            422696575,
            421634422,
            430611355,
            421737238,
            421740154,
            421742341,
            421745257,
            430627393,
            430628122,
            426202390,
            422305885,
            427306096,
            429038929,
            423567784,
            664985751,
            43304387,
            432979903,
            423474472,
            430620130,
            431034202,
            422315362,
            429915187,
            422318278,
            429956011,
            430625962,
            429920290,
            423427114,
            433505539,
            427010878,
            430239619,
            423469396,
            423470125,
            421738750,
            423216433,
            430617970,
            432980659,
            423474499,
            421743124,
            421960366,
            403435604,
            431035687,
            421746040,
            420882904,
            424880740,
            427009447,
            431025508,
            430612894,
            421933420,
            421953832,
            421738048,
            423470881,
            176556973,
            421622137,
            421740964,
            427056103,
            431032798,
            427321465,
            611607666,
            430247665,
            426410209,
            421746067,
            421746796,
            431039359,
            424879309,
            429958252,
            426416041,
            421751899,
            421615603,
            422679214,
            420239251,
            421736617,
            430753618,
            432978526,
            423472366,
            430618024,
            422687233,
            423475282,
            431034283,
            426412423,
            423441748,
            430627501,
            421634557,
            403421238,
            421734457,
            422660287,
            423999460,
            421737373,
            421620733,
            429908005,
            424279396,
            423473122,
            426190105,
            421624378,
            429242428,
            431920045,
            421626565,
            423438130,
            421628023,
            424285957,
            423479683,
            429916753,
            429956848,
            432989488,
            421751224,
            176569420,
            426870262,
            431024860,
            421737400,
            426605662,
            1551014474,
            429919696,
            429915349,
            432973531,
            43300202,
            420025033,
            430615945,
            422311177,
            39723728,
            43306763,
            422314093,
            421744015,
            421941574,
            421748389,
            431040223,
            431043139,
            43298771,
            325324984,
            421619383,
            426602098,
            423573832,
            423479062,
            39729587,
            430295968,
            1249015946,
            431363953,
            423570214,
            421740424,
            429046462,
            422315605,
            422318521,
            421749172,
            421615792,
            421616521,
            423566596,
            430948450,
            426855115,
            423470368,
            1232242402,
            429948262,
            421623082,
            664988208,
            429911083,
            427431754,
            426861676,
            422315632,
            420111865,
            430662682,
            421747012,
            427062151,
            429956281,
            176566666,
            40775027,
            426415528,
            43317050,
            431358904,
            426202687,
            420205204,
            420875884,
            421624567,
            421749226,
            421616575,
            421737589,
            422309854,
            427310065,
            642188777,
            645043541,
            429913324,
            421748524,
            431041087,
            423475552,
            664981026,
            426861784,
            1249019753,
            431033149,
            426605932,
            429409666,
            204141246,
            432441632,
            432442361,
            140319768,
            421736267,
            423429734,
            426402596,
            175394624,
            175396082,
            432448193,
            421741370,
            430206518,
            433523684,
            432453296,
            422318009,
            432455483,
            432456212,
            429051782,
            423836516,
            421750847,
            432972830,
            35208330,
            432459857,
            423997652,
            423998381,
            429037958,
            423999839,
            429944834,
            423528905,
            423471314,
            424003484,
            429043061,
            423473501,
            429044519,
            423219080,
            427471337,
            426409184,
            427472795,
            423477875,
            427474253,
            424010774,
            424011503,
            423441425,
            427024460,
            423482249,
            423482978,
            39733503,
            432459884,
            433032176,
            422404085,
            423467696,
            422405543,
            432444602,
            422407001,
            422525828,
            422526557,
            423472070,
            423433433,
            427429811,
            427469906,
            432981875,
            421960124,
            432451892,
            426409940,
            423477902,
            423478631,
            426412127,
            426412856,
            426413585,
            423481547,
            421966685,
            422695685,
            423483734,
            423484463,
            423426899,
            423466994,
            423467723,
            426401219,
            36077622,
            145736778,
            421955048,
            424002809,
            421621895,
            421622624,
            421623353,
            421624811,
            422688422,
            421626998,
            421627727,
            421746554,
            423479387,
            423224237,
            423224966,
            432457022,
            423226424,
            195294228,
            195294957,
            429054779,
            426399059,
            423467021,
            430612679,
            423468479,
            423469208,
            432446843,
            421740749,
            423473582,
            432981200,
            430619969,
            426192023,
            432983387,
            430622156,
            426410723,
            422317388,
            421963823,
            423480143,
            423480872,
            429248720,
            423442964,
            47469003,
            427262924,
            429960224,
            38200524,
            421734944,
            421617575,
            426401273,
            430850360,
            426402731,
            427013633,
            426404189,
            40528950,
            426405647,
            426406376,
            423434972,
            423435701,
            423436430,
            423437159,
            421745150,
            423556715,
            430623641,
            423480170,
            427437182,
            427260764,
            423482357,
            430175306,
            432459263,
            429920885,
            423406568,
            1361789779,
            421951484,
            429904145,
            429904874,
            421953671,
            421737887,
            426403487,
            433509779,
            423432812,
            423433541,
            421741532,
            423474365,
            426211031,
            422688503,
            426409319,
            176562644,
            433654121,
            426864215,
            433655579,
            423480197,
            423480926,
            433657766,
            433658495,
            433659953,
            433660682,
            423938036,
            420101309,
            432443279,
            433644671,
            432976178,
            423470018,
            430615676,
            423570620,
            36770280,
            426406430,
            423474392,
            433513451,
            430246802,
            426862055,
            421745204,
            429953744,
            421747391,
            422535440,
            427063259,
            431709905,
            426612737,
            421751765,
            421752494,
            429942107,
            432442577,
            420023333,
            1418500960,
            432444764,
            426402812,
            432446222,
            432446951,
            432447680,
            426405728,
            429949397,
            432449867,
            432450596,
            421743773,
            432452054,
            432452783,
            424501580,
            432454241,
            432455699,
            432456428,
            423482438,
            432458615,
            432459344,
            432460073,
            426203093,
            432443333,
            429944321,
            421953752,
            426935009,
            433647641,
            426936467,
            423472988,
            423473717,
            175398512,
            423475175,
            423475904,
            443837613,
            443838342,
            423440183,
            175404344,
            611612689,
            443841258,
            427064771,
            421613309,
            429959630,
            176570015,
            424273457,
            175391249,
            423467912,
            175393436,
            423430733,
            39722082,
            426464831,
            426406511,
            424793234,
            642189183,
            421743827,
            423437294,
            423477389,
            429953825,
            423478847,
            432455024,
            421315175,
            427023974,
            431040035,
            423226613,
            424014662,
            421751846,
            426220616,
            443825274,
            431024753,
            426399977,
            427306124,
            423469397,
            638306556,
            423471584,
            421740209,
            421957451,
            422312474,
            431032772,
            420877802,
            427255823,
            423477416,
            426411641,
            421944329,
            420882905,
            431040062,
            426415286,
            431041520,
            424016147,
            423427142,
            421735133,
            432443414,
            426932903,
            431027696,
            423430787,
            431029154,
            429041900,
            423472340,
            431033528,
            424007426,
            423476714,
            423477443,
            423478172,
            426943109,
            423480359,
            426413855,
            429052106,
            431040818,
            423483275,
            421968413,
            421634531,
            423466535,
            421735160,
            460486633,
            429039011,
            421953860,
            426402947,
            427309094,
            421621436,
            74733137,
            36770442,
            426485324,
            431032826,
            423475283,
            427314197,
            1232248046,
            432985088,
            429954635,
            145746525,
            430620951,
            421749011,
            420883688,
            476943818,
            421751198,
            433522361,
            421752656,
            427756732,
            424273565,
            429018626,
            429944456,
            420024953,
            429956104,
            421738832,
            420027140,
            423433028,
            423217244,
            421741748,
            427314953,
            433299314,
            421746122,
            421943681,
            422672681,
            427476062,
            421965551,
            429957578,
            423226721,
            423483329,
            430176278,
            421969196,
            433642700,
            430612247,
            430612976,
            429039065,
            430161725,
            421955372,
            430616621,
            426405188,
            430618079,
            421958288,
            423474608,
            432450785,
            423476066,
            423476795,
            423477524,
            429048542,
            420880826,
            423479711,
            423480440,
            429051458,
            423481898,
            429052916,
            423483356,
            421751981,
            642198795,
            421734512,
            426400112,
            421735970,
            423469532,
            421738157,
            421738886,
            432447167,
            421740344,
            421741073,
            424005347,
            424793396,
            422943923,
            421743989,
            421744718,
            421745447,
            432985169,
            421746905,
            421747634,
            424090640,
            429917537,
            423481925,
            423482654,
            421751279,
            421752008,
            423484841,
            175389980,
            642180624,
            431025644,
            429943808,
            421738184,
            427053323,
            427054052,
            145740072,
            421308803,
            426466478,
            431033663,
            420877964,
            -1792985548,
            431035850,
            422946866,
            175403102,
            431038037,
            423441128,
            426413990,
            422950511,
            424014122,
            421751306,
            424015580,
            421752764,
            423998840,
            427011068,
            421953995,
            421738211,
            421738940,
            423412724,
            432979391,
            421623029,
            424005401,
            421742585,
            424006859,
            431034419,
            421744772,
            429047894,
            421313204,
            421747688,
            423481250,
            426414746,
            431808617,
            423483437,
            423484166,
            423484895,
            430315652,
            423998138,
            424274429,
            423468155,
            421736780,
            420871457,
            423470342,
            421738967,
            421739696,
            423472529,
            421741154,
            426406754,
            423435350,
            145742313,
            424499690,
            432452351,
            427453598,
            427316546,
            175403156,
            422416937,
            431038820,
            432456725,
            423482006,
            424014176,
            432458912,
            423484193,
            426399491,
            421951862,
            426400949,
            145735779,
            421127363,
            426403865,
            429908168,
            421740452,
            421957694,
            663098641,
            423475472,
            426409697,
            175396816,
            426942596,
            429915458,
            429955553,
            175404641,
            422320007,
            594836499,
            423483491,
            426416987,
            195296145,
            423466751,
            429943187,
            421736834,
            39719463,
            460489036,
            432446573,
            421956263,
            423474041,
            430619699,
            423476228,
            420878801,
            421745582,
            423478415,
            421747040,
            421747769,
            431038874,
            421965740,
            432988949,
            433658900,
            421751414,
            39734043,
            195296172,
            423466778,
            423467507,
            423468236,
            433645805,
            430615352,
            423471152,
            423471881,
            431030882,
            426072224,
            430383530,
            421959935,
            426861731,
            431035256,
            430622642,
            426608039,
            422318603,
            476941874,
            429917699,
            421749983,
            -1163876997,
            421634801,
            432442253,
            432442982,
            432168149,
            421736888,
            431027993,
            426403217,
            427427462,
            421621706,
            429633416,
            427055672,
            423474095,
            424793585,
            423475553,
            421744178,
            426862487,
            432453188,
            432453917,
            432986087,
            432455375,
            432456104,
            426414152,
            432457562,
            423482843,
            424290575,
            432459749,
            421752926,
            421951970,
            421618088,
            420103955,
            430162697,
            426403973,
            429947642,
            429909734,
            426072278,
            421742747,
            195286776,
            430169258,
            429048056,
            422416343,
            429051701,
            145749009,
            423482870,
            423582014,
            427479977,
            1419048871,
            432442307,
            47452803,
            426401813,
            423469775,
            429022568,
            432448139,
            429240539,
            423434783,
            432450326,
            423436241,
            43308438,
            429047354,
            427453760,
            421746419,
            429049541,
            432987599,
            423481439,
            422694848,
            423837191,
            432872417,
            423485084,
            429271941,
            421734081,
            429037203,
            423467643,
            430628971,
            421736997,
            423469830,
            427052865,
            427015686,
            423473475,
            423474204,
            430619862,
            1232246238,
            1249751725,
            1254141034,
            176561754,
            430248072,
            420249837,
            423439212,
            423479307,
            423440670,
            423836517,
            423482952,
            430628610,
            432459858,
            427677645,
            427422495,
            423427575,
            427049976,
            421618197,
            427051434,
            426945432,
            423431949,
            427054350,
            430617702,
            423473502,
            422687640,
            421743585,
            423437052,
            423437781,
            421745772,
            423439239,
            427062369,
            427063098,
            426414288,
            421632048,
            423483708,
            423466239,
            427049274,
            423467697,
            176553789,
            423469155,
            423469884,
            420026088,
            432446790,
            432447519,
            432448248,
            430618458,
            432449706,
            423474987,
            423475716,
            423476445,
            426411399,
            427062396,
            423835113,
            432458454,
            429960171,
            432165423,
            423210387,
            426399762,
            433506054,
            423429087,
            145736779,
            433646751,
            433647480,
            423432732,
            433648938,
            421623354,
            421624083,
            421959423,
            423219864,
            423575616,
            427434213,
            423439293,
            422180310,
            421629915,
            426413613,
            427260711,
            421632102,
            421750929,
            422696442,
            429920832,
            176550927,
            421734189,
            424274025,
            421735647,
            423429114,
            421304079,
            145737535,
            664985591,
            1704465124,
            423472854,
            421308453,
            421309911,
            421310640,
            427314684,
            432453405,
            421746582,
            423480144,
            419445858,
            403437008,
            176567694,
            423483060,
            424290792,
            429960225,
            421734216,
            423429141,
            420876183,
            423833007,
            426413667,
            420237606,
            421616145,
            421616874,
            421617603,
            422681214,
            426402030,
            422683401,
            420479634,
            423432813,
            426405675,
            430618566,
            433512696,
            426466911,
            426408591,
            433653393,
            433654122,
            420880584,
            423440103,
            432456375,
            426414423,
            423443019,
            423443748,
            426416610,
            423228693,
            430611303,
            424274106,
            432443280,
            433034499,
            432444738,
            430614948,
            432446196,
            432447654,
            432449112,
            432450570,
            432451299,
            423476580,
            432452757,
            432453486,
            431706261,
            432455673,
            426413721,
            432457131,
            432457860,
            432458589,
            432459318,
            432460047,
            421734297,
            423467130,
            430613517,
            421953726,
            423470046,
            430615704,
            433647615,
            423472233,
            421740858,
            427055997,
            421742316,
            433651260,
            423436512,
            145743475,
            422316768,
            421746690,
            423479523,
            611611934,
            430881789,
            145748578,
            423482439,
            421632966,
            421633695,
            423484626,
            423427062,
            427049463,
            433644726,
            427053837,
            430617189,
            426405756,
            429910788,
            427057482,
            427058211,
            427058940,
            423439455,
            421747446,
            429385179,
            430625937,
            423227316,
            426416691,
            426851931,
            427049490,
            426400680,
            427050948,
            420871215,
            427052406,
            423470829,
            427053864,
            427054593,
            421740912,
            431032017,
            423475203,
            427432215,
            423830955,
            423832413,
            426470664,
            421747473,
            433656417,
            424288038,
            431925771,
            421632291,
            423443856,
            423445314,
            426399249,
            421735836,
            422308101,
            420872700,
            36769660,
            421622841,
            421741668,
            175398567,
            39725026,
            421626486,
            426607743,
            430618863,
            423835356,
            432457239,
            430627449,
            175407315,
            430628907,
            420886551,
            427048815,
            431025510,
            421952376,
            420102903,
            427051731,
            427052460,
            426403650,
            427053918,
            423432975,
            422685750,
            431032071,
            426407295,
            176560620,
            431703480,
            427059021,
            430622373,
            432178059,
            426411669,
            431037903,
            426472176,
            429956796,
            430626747,
            423482547,
            423483276,
            423563466,
            427677969,
            430611465,
            421617063,
            421952403,
            431026995,
            427425735,
            423470181,
            427053216,
            426404406,
            421740264,
            430165317,
            423473826,
            427056861,
            423475284,
            421960422,
            -1133221311,
            433654311,
            430623858,
            429956094,
            423835410,
            430626774,
            422675571,
            430628961,
            426417528,
            427677996,
            427462212,
            423468021,
            1783033419,
            175393545,
            423470208,
            145737805,
            423471666,
            175396461,
            427468773,
            429949560,
            429950289,
            539912719,
            423477498,
            421628025,
            695379349,
            422417532,
            423481143,
            419446857,
            433658712,
            421968468,
            664981514,
            426600561,
            427053999,
            432450057,
            423476067,
            427059102,
            421747608,
            427063476,
            420885201,
            421751982,
            424789752,
            424792668,
            427430919,
            421743261,
            423476094,
            1467207155,
            426607878,
            423441102,
            426613710,
            420474099,
            420100851,
            429096711,
            427051866,
            422289309,
            431029290,
            427054782,
            430619592,
            432982281,
            538082281,
            430248531,
            429956202,
            430628340,
            423484869,
            427048977,
            420475584,
            423428763,
            695368522,
            426855063,
            695369980,
            433647156,
            426404541,
            671687676,
            427057725,
            423476148,
            420485061,
            429954042,
            423479793,
            -1015777748,
            432456699,
            695381644,
            431040981,
            427439721,
            421752063,
            429960603,
            432975774,
            430616001,
            422665527,
            430618188,
            433650099,
            424794207,
            421626702,
            432453081,
            423833385,
            420883122,
            429958443,
            426613062,
            695757835,
            43317025,
            421301595,
            429038472,
            423468912,
            422682321,
            426934578,
            430616028,
            423432462,
            428609820,
            423571701,
            420029490,
            427805733,
            427315116,
            423438294,
            423478389,
            423479118,
            429916188,
            427318761,
            421631103,
            422675031,
            426474579,
            423483492,
            430629150,
            432460398,
            429941730,
            431030127,
            423475500,
            429942486,
            424274511,
            -1434059136,
            426402462,
            430616082,
            431030883,
            429911868,
            430621914,
            423479172,
            433658928,
            176568909,
            429959982,
            426202743,
            421618791,
            421737618,
            421739076,
            433648749,
            426603693,
            421742721,
            430621212,
            420111219,
            426942678,
            423479199,
            421751469,
            431910111,
            423821856,
            422307723,
            427426032,
            422309181,
            421621005,
            430616865,
            421937391,
            421623192,
            427430406,
            642188833,
            433651692,
            423574725,
            423575454,
            423576183,
            43310599,
            431923233,
            430624884,
            430625613,
            433519743,
            430627071,
            642196852,
            430628529,
            433660440,
            426399627,
            420101796,
            421618845,
            423826986,
            422686830,
            427057914,
            423439887,
            423225561,
            421968765,
            426083241,
            145733054,
            145734512,
            69282055,
            584098510,
            204137658,
            429947752,
            424004944,
            426406999,
            1534904647,
            424007860,
            476939851,
            429129085,
            423441427,
            429114532,
            422403358,
            -697137921,
            420642094,
            432456268,
            423426901,
            39723353,
            426097957,
            423441481,
            429952234,
            426097282,
            423441535,
            423427711,
            423428440,
            423431356,
            423437188,
            423441562,
            1704473225,
            430763665,
            421734298,
            429905659,
            423475879,
            671679415,
            420022633,
            420023362,
            671693266,
            420883582,
            420037942,
            420021931,
            423427819,
            421617712,
            423429277,
            423430006,
            430615759,
            422310991,
            423473746,
            311782128,
            295006370,
            423439483,
            423440212,
            426413803,
            423481765,
            423443857,
            390363275,
            176551846,
            426399979,
            433644781,
            664983594,
            430618702,
            423435865,
            430956229,
            431037148,
            430310335,
            427437346,
            429942217,
            431025511,
            422405086,
            422408002,
            421622140,
            145740668,
            421624327,
            423476716,
            1937009191,
            -1552650279,
            422319064,
            422418208,
            423482548,
            476944522,
            47114927,
            429017143,
            420024928,
            423470911,
            421740265,
            423473098,
            423473827,
            423476014,
            420032218,
            427059778,
            423478930,
            423479659,
            423480388,
            431039389,
            421751200,
            429944458,
            175400107,
            420487141,
            421741777,
            423475339,
            423476797,
            432455890,
            429054376,
            527711518,
            420868489,
            422306806,
            422406679,
            423431653,
            432983011,
            423476851,
            423439672,
            432986656,
            611612178,
            39731021,
            145748822,
            429052972,
            423444046,
            421752766,
            137013242,
            -1415551381,
            514125162,
            145735727,
            1310932848,
            423437512,
            429638386,
            426413290,
            423481252,
            422184361,
            43515314,
            661812660,
            421736782,
            432445063,
            429042820,
            1484099635,
            432450166,
            432450895,
            432451624,
            432453811,
            421943818,
            432455269,
            432455998,
            429051568,
            420038212,
            432458914,
            -1988852603,
            432460372,
            429234574,
            423469642,
            -1032681026,
            423475474,
            422465107,
            423472612,
            420640447,
            430161241,
            429045871,
            423484330,
            426408376,
            276052820,
            39715254,
            429037205,
            427305830,
            429038663,
            421618901,
            429040121,
            424002002,
            429041579,
            423432653,
            429043766,
            2056572228,
            2071105582,
            424006376,
            429952100,
            431724299,
            139938234,
            429954287,
            421747205,
            431983823,
            429051785,
            429957932,
            429053243,
            427046306,
            429054701,
            427462592,
            432856463,
            432444578,
            432445307,
            422525804,
            422526533,
            426404813,
            423434867,
            432450410,
            423436325,
            431802329,
            427020089,
            433654718,
            432454784,
            36777411,
            36763290,
            427063829,
            423483710,
            432441689,
            390345564,
            426931907,
            429117449,
            476930402,
            443829408,
            443830137,
            175395410,
            175396139,
            611604484,
            427055837,
            423435623,
            423436352,
            427453142,
            423442913,
            423466268,
            429943433,
            421743641,
            421744370,
            420035594,
            426610445,
            421734191,
            429942731,
            423468482,
            421737107,
            429945647,
            527716271,
            432447575,
            429948563,
            423473585,
            421742210,
            421624841,
            1033164347,
            423477230,
            429953666,
            422536820,
            423483062,
            421751687,
            432991409,
            426458138,
            426402005,
            422175263,
            429902690,
            962465212,
            175394789,
            423472181,
            431031911,
            489382569,
            514132858,
            423440105,
            421748825,
            175392629,
            427308935,
            427309664,
            477387620,
            39724191,
            433513454,
            1528036172,
            403431988,
            39728565,
            642194208,
            642194937,
            36779031,
            176567777,
            420631322,
            476926919,
            175389740,
            559730434,
            642179655,
            432441851,
            422404250,
            420102068,
            422523806,
            429945026,
            426461864,
            422407895,
            422900699,
            424793183,
            429950858,
            423475880,
            427472258,
            423437972,
            429049085,
            420881369,
            430625183,
            430625912,
            420883556,
            433658552,
            423483170,
            423444533,
            421319498,
            430625210,
            1098137403,
            422305889,
            423470831,
            421601675,
            430620863,
            422315366,
            425347277,
            443838372,
            421748933,
            426122960,
            423466484,
            431025485,
            423999383,
            420634319,
            421737296,
            429021464,
            421739483,
            39723570,
            476935748,
            427471610,
            432452138,
            424285880,
            432455054,
            424013234,
            424013963,
            432991598,
            431024783,
            421617038,
            430613627,
            421304297,
            421738052,
            1098142560,
            426936551,
            426937280,
            427273349,
            426408026,
            426408755,
            421744613,
            432453623,
            423478904,
            430250585,
            422948921,
            429958256,
            427065584,
            421751903,
            432460184,
            432973427,
            421735892,
            427425008,
            432976343,
            423431546,
            425341526,
            421740266,
            430618028,
            427449794,
            422667554,
            432982175,
            423476015,
            422413862,
            421745369,
            422671199,
            423478931,
            421747556,
            244599717,
            145747257,
            429404972,
            430626776,
            430627505,
            403438711,
            426416801,
            422697443,
            430199609,
            432444929,
            421620008,
            429041228,
            430203254,
            432447845,
            429044144,
            429951020,
            426467858,
            429952478,
            421312370,
            432453677,
            432455135,
            429956123,
            431807783,
            432458051,
            433660172,
            423469508,
            432447872,
            421741778,
            431505275,
            421743236,
            423476069,
            423476798,
            421627325,
            423478256,
            432455162,
            423480443,
            423427253,
            420030842,
            36765450,
            43300935,
            430437344,
            424001732,
            426128225,
            424003190,
            421307348,
            426603533,
            423475394,
            429125873,
            422415428,
            429049328,
            642194478,
            421749122,
            423482684,
            41189751,
            421734569,
            421737485,
            36769122,
            36769851,
            427451387,
            421744046,
            423478337,
            423479795,
            39730320,
            1098152199,
            431040983,
            429959876,
            429036260,
            433032638,
            429042092,
            430617461,
            421744073,
            429047195,
            423477635,
            431037365,
            421748447,
            421749176,
            431040281,
            420038213,
            432442175,
            427049762,
            421736081,
            421736810,
            429020249,
            421738268,
            422664098,
            427468208,
            421741184,
            176560838,
            427315118,
            423477662,
            427454357,
            429049409,
            421748474,
            420115514,
            426474581,
            423483494,
            429959930,
            423466781,
            423428144,
            423471155,
            429948320,
            424006970,
            432058046,
            476938232,
            175403240,
            642196800,
            432451004,
            424276754,
            423436217,
            429046601,
            432063203,
            476944847,
            426613928,
            423430412,
            432053753,
            426605936,
            422403117,
            429942435,
            422404575,
            430199772,
            421126638,
            422407491,
            421128825,
            429948267,
            422411136,
            427450713,
            430207062,
            429951912,
            422414781,
            429639171,
            422416239,
            429030456,
            430213623,
            421140489,
            422420613,
            422421342,
            422403873,
            422405331,
            422406789,
            422408976,
            421130310,
            421131039,
            422411892,
            422412621,
            422413350,
            422414079,
            422414808,
            422416995,
            422419911,
            421142703,
            422403900,
            422405358,
            422409003,
            430758240,
            422417022,
            429956340,
            422403927,
            422405385,
            422409030,
            421132551,
            422413404,
            422414133,
            422414862,
            43310575,
            421136925,
            422417778,
            422418507,
            422419965,
            419431821,
            429953478,
            176551552,
            176552281,
            421735543,
            427306561,
            176555197,
            422309266,
            74732062,
            423472021,
            423473479,
            429045226,
            421743562,
            423476395,
            425878450,
            425348467,
            176566861,
            426611824,
            423443590,
            422952244,
            421752310,
            476928190,
            424004947,
            424005676,
            430622080,
            422446372,
            43299101,
            423466297,
            421734922,
            432976102,
            433646782,
            527717731,
            421740754,
            422313019,
            422412163,
            427313959,
            423440053,
            421748044,
            427459759,
            431024623,
            430246780,
            422415862,
            427317658,
            421748827,
            -1234344035,
            423477313,
            427048711,
            420222355,
            426604021,
            433651264,
            423436516,
            421746694,
            430625185,
            421748881,
            421738702,
            176557627,
            176564917,
            390345053,
            429037477,
            425341447,
            422668204,
            69288889,
            430627426,
            423741346,
            424490029,
            430612171,
            425652784,
            425358268,
            420635077,
            424336210,
            427683049,
            421739512,
            57266994,
            423473803,
            426131737,
            421743157,
            429892648,
            423752281,
            423477448,
            429638956,
            43312466,
            422477260,
            420648199,
            427766209,
            477398692,
            424253131,
            421618525,
            433509244,
            427056865,
            421743913,
            430623862,
            433658689,
            421735192,
            427306210,
            423429388,
            423469483,
            433646323,
            427309126,
            424006027,
            423476773,
            430622431,
            421746856,
            421965556,
            421750501,
            431034343,
            423480445,
            420874324,
            433533409,
            423476854,
            430625428,
            429884062,
            144677951,
            423443347,
            426597757,
            421739701,
            424872943,
            175406806,
            145732868,
            423565873,
            423566602,
            135166742,
            433646485,
            420872947,
            433648672,
            423434653,
            429165322,
            427768558,
            429147097,
            145747448,
            432988198,
            423444859,
            423445588,
            432008476,
            423466783,
            433650184,
            433650913,
            423573946,
            423476989,
            175403242,
            430613926,
            430627777,
            377814640,
            421950599,
            420278273,
            429943355,
            433644488,
            429039395,
            423824129,
            145738161,
            421740647,
            420107687,
            2124351046,
            421744292,
            422316557,
            427454549,
            421747208,
            1836348491,
            421748666,
            427260635,
            421750124,
            431041229,
            423444320,
            1869907297,
            421950626,
            420868790,
            423467675,
            422661401,
            423469133,
            421738487,
            423471320,
            423472049,
            421957187,
            433649618,
            424005677,
            433651076,
            39725490,
            432983312,
            433653263,
            423477881,
            421746506,
            420251327,
            421747964,
            661944127,
            430252478,
            420116462,
            421750880,
            426869189,
            422697122,
            430236467,
            427305158,
            144669906,
            422343989,
            427756814,
            429390503,
            426933368,
            420281243,
            421738514,
            427053653,
            425519108,
            175397600,
            39724059,
            430246673,
            420642098,
            176562542,
            420034841,
            403435501,
            -1720420518,
            423442187,
            423442916,
            245704587,
            39715338,
            175389608,
            -1653326936,
            -1854653528,
            421734167,
            42767661,
            430238681,
            423429821,
            42770577,
            36767991,
            43303476,
            423216953,
            423473561,
            430246700,
            432983366,
            421745831,
            69287243,
            41402244,
            421748747,
            432989927,
            427677731,
            432973187,
            424274030,
            420023231,
            427306670,
            429944921,
            424276946,
            433646783,
            433509731,
            432447578,
            423472859,
            420029063,
            145741185,
            422668772,
            423476504,
            422670230,
            422670959,
            429954398,
            426077576,
            421748045,
            421748774,
            424288610,
            423482336,
            421141517,
            426614120,
            424000682,
            1551012753,
            423836657,
            422678303,
            422265689,
            423998522,
            422306513,
            423999980,
            421737164,
            139931838,
            426404951,
            175396979,
            422313803,
            427059593,
            43310847,
            430309475,
            664994398,
            421748828,
            195293586,
            36781194,
            423484577,
            423427013,
            429037397,
            421617635,
            39718362,
            430161515,
            431698247,
            429947189,
            1007427076,
            421937666,
            429910010,
            43307229,
            476937101,
            423437219,
            422414432,
            426863519,
            421628570,
            420034976,
            429955937,
            36089400,
            40774683,
            421947143,
            433345058,
            426082760,
            559730437,
            145733274,
            432974024,
            430160813,
            426854798,
            422663048,
            423825074,
            421306379,
            427054544,
            423472967,
            429043985,
            423828719,
            423475154,
            661940671,
            423478070,
            423439433,
            429955235,
            423480986,
            423481715,
            423482444,
            423483173,
            43316004,
            37392150,
            427462082,
            421735058,
            1232238467,
            145735488,
            422465516,
            421955216,
            427056758,
            424006622,
            175401434,
            423478826,
            145747152,
            422477180,
            429958178,
            425650544,
            429942167,
            642181170,
            423467918,
            429944354,
            431027648,
            429040394,
            423411785,
            421739459,
            421740188,
            176558384,
            423475208,
            424007378,
            421744562,
            432984284,
            422671121,
            39728649,
            423479582,
            421630109,
            431039312,
            421749665,
            432871289,
            421751123,
            420885800,
            421752581,
            424587689,
            427463594,
            422661671,
            359942845,
            421738757,
            429947297,
            426129524,
            429043337,
            423474506,
            424006676,
            429951671,
            421745318,
            426943088,
            421748963,
            423482525,
            421633052,
            421751879,
            421752608,
            429980858,
            422462681,
            423467243,
            423467972,
            423470159,
            423470888,
            695371281,
            422469242,
            424005245,
            424005974,
            424342043,
            2120495689,
            423478178,
            421746803,
            424345688,
            427062671,
            390359688,
            421750448,
            421633079,
            43316112,
            423484739,
            432165698,
            423467999,
            432976346,
            427249322,
            421620713,
            422409491,
            422685782,
            426071987,
            424006001,
            423573704,
            427471667,
            429952454,
            423477476,
            420112412,
            423478934,
            431037935,
            421749017,
            432988739,
            423836873,
            423483308,
            423484037,
            427776416,
            2135352773,
            421735193,
            421617824,
            421618553,
            421619282,
            -1210500432,
            176557763,
            421958267,
            423474587,
            421626572,
            421627301,
            423478232,
            421963370,
            422672687,
            642195129,
            431984933,
            423482606,
            426416102,
            424802825,
            433660904,
            421735220,
            422523269,
            423468782,
            423469511,
            432977858,
            421740323,
            423473885,
            423474614,
            423475343,
            433042010,
            429952508,
            426075686,
            422415377,
            421746884,
            423479717,
            661943776,
            527727506,
            423427256,
            423432359,
            43308930,
            403433692,
            36718770,
            420036677,
            423466649,
            -1737211180,
            421737461,
            423470294,
            424002464,
            41059992,
            427468130,
            432980828,
            421742564,
            429380297,
            429381026,
            430247807,
            427454279,
            427258178,
            420035246,
            421748396,
            429051518,
            424013399,
            421750583,
            423484145,
            43316976,
            420474131,
            423998846,
            433644245,
            423468863,
            424001033,
            432052109,
            423471050,
            36237684,
            423473237,
            423828989,
            432982313,
            422314856,
            423476882,
            421746236,
            403435204,
            423480527,
            423481256,
            431040257,
            423483443,
            429113510,
            423484901,
            420474158,
            426852179,
            423998873,
            427051196,
            421737515,
            423470348,
            427309262,
            422271143,
            427310720,
            422666261,
            423473993,
            426092561,
            423475451,
            420878024,
            420032384,
            432453086,
            422179289,
            420034571,
            36777171,
            427318739,
            1785565376,
            879930323,
            195293208,
            426474557,
            145751067,
            421733897,
            423466730,
            421617257,
            423999629,
            423469646,
            423471104,
            423472562,
            433649402,
            433650131,
            424506043,
            423476936,
            430170614,
            423439757,
            427022792,
            424504097,
            427064345,
            433658879,
            429054515,
            176570318,
            422462195,
            204122920,
            423467486,
            421460549,
            421737569,
            430246457,
            420881723,
            433642166,
            44677425,
            421620227,
            422172080,
            292719096,
            420107552,
            431918081,
            423475532,
            429047279,
            423477719,
            426411215,
            421747073,
            421747802,
            421748531,
            421749260,
            175406159,
            431041094,
            429053840,
            421968689,
            422306243,
            420103934,
            421744184,
            432060992,
            423440567,
            539622825,
            424801610,
            421734734,
            423999008,
            580387823,
            420106877,
            423434762,
            69283436,
            422668583,
            580179329,
            423910070,
            421964369,
            176568239,
            420117812,
            432973754,
            421735490,
            432975212,
            432979237,
            421621037,
            426132089,
            421744238,
            421745696,
            426414941,
            421750799,
            432066149,
            594819928,
            429941898,
            145733788,
            432443097,
            421736274,
            429039396,
            429040125,
            421935291,
            176558115,
            423434115,
            423434844,
            423436302,
            432058185,
            421626924,
            426076011,
            432454032,
            427317498,
            429956478,
            427477149,
            423482229,
            421967367,
            432065475,
            421949142,
            429036507,
            423467676,
            423468405,
            420870978,
            423469863,
            423470592,
            430616250,
            421936776,
            423472779,
            759549269,
            424005678,
            421624764,
            427471344,
            423476424,
            421745049,
            423479340,
            421629867,
            432456246,
            423481527,
            424013697,
            423482985,
            421751610,
            424803204,
            429036534,
            429942681,
            433643814,
            423822726,
            420024636,
            432445338,
            421738515,
            421424316,
            423472077,
            420107742,
            421742889,
            176561085,
            476937696,
            426606777,
            421745805,
            430624296,
            432456273,
            432457731,
            594837478,
            359957183,
            427066776,
            1009566584,
            175391067,
            427463379,
            879917499,
            426067344,
            176556009,
            176556738,
            421740000,
            421740729,
            423434196,
            423434925,
            432863811,
            421743645,
            423437112,
            423438570,
            427316850,
            421747290,
            426216060,
            423442215,
            423423990,
            424015209,
            611597252,
            432973188,
            421124751,
            422306460,
            424275489,
            432444663,
            427052250,
            420104880,
            429022008,
            423472131,
            421623387,
            426191301,
            427471425,
            423574920,
            432452682,
            421942689,
            429048981,
            1310939765,
            426216087,
            423579294,
            421749504,
            429958044,
            429919407,
            421948521,
            422382276,
            424790919,
            429951510,
            421744428,
            420290073,
            421748073,
            139926007,
            39715420,
            422305056,
            432973971,
            423467811,
            423429174,
            176554632,
            664984193,
            430458921,
            423472185,
            427055220,
            424007271,
            423476559,
            431035560,
            432984906,
            431037747,
            424011645,
            423480933,
            429051951,
            424289394,
            420038595,
            429920190,
            430629507,
            642179632,
            430613496,
            176554659,
            176555388,
            432446931,
            873189666,
            422312373,
            176559762,
            642189109,
            420032790,
            176563407,
            176564136,
            176564865,
            420035706,
            429917301,
            433342872,
            423444510,
            422382357,
            195276874,
            421932591,
            423470052,
            194219095,
            432978399,
            421622037,
            176558331,
            426406464,
            429950133,
            423475155,
            145742752,
            423476613,
            421745238,
            422671068,
            424010970,
            427475907,
            424012428,
            423442350,
            430627374,
            429958881,
            424015344,
            429233553,
            421738704,
            426936474,
            430617924,
            476935698,
            424282914,
            47461855,
            430622298,
            426943764,
            430625943,
            430627401,
            426733110,
            429036750,
            175391256,
            426204585,
            433507707,
            429040395,
            423411786,
            661938863,
            425678976,
            420879240,
            423438759,
            433280988,
            43311685,
            176565675,
            432456489,
            423481770,
            420884343,
            421751124,
            427322871,
            423997200,
            432441936,
            421735113,
            432443394,
            421736571,
            423470133,
            421738758,
            429948027,
            423571464,
            421741674,
            421624305,
            431033508,
            421743861,
            432452871,
            426607749,
            420880725,
            431037882,
            421748235,
            421748964,
            421749693,
            421744404,
            423483255,
            433286118,
            421950924,
            431025516,
            421952382,
            423468702,
            429039720,
            433036098,
            421738785,
            422369370,
            431030619,
            421740972,
            421742430,
            427313448,
            421743888,
            432983610,
            427311585,
            423478179,
            576993276,
            431038638,
            421748991,
            421631622,
            432989442,
            423484011,
            422539956,
            420473997,
            427442508,
            427462920,
            427463649,
            427464378,
            421955325,
            423471645,
            421740270,
            431032104,
            431032833,
            421743186,
            431034291,
            427452714,
            431035749,
            429324057,
            427258071,
            423479664,
            421748289,
            1981893054,
            421750476,
            420885153,
            433660149,
            427796100,
            429017904,
            432443475,
            427011696,
            423470214,
            431914950,
            433510002,
            426857877,
            432448578,
            419438844,
            429950295,
            421743213,
            432452223,
            432452952,
            429914574,
            421628760,
            432455139,
            427319334,
            43313980,
            429958314,
            431986392,
            421751961,
            426417561,
            423466596,
            432443502,
            421599627,
            421738137,
            421738866,
            423472428,
            433039095,
            429044175,
            432450063,
            423829638,
            429046362,
            432452979,
            429049278,
            432455895,
            390359770,
            428205825,
            432458811,
            429054381,
            423484821,
            429037641,
            431032914,
            423475371,
            429951807,
            423476829,
            423477558,
            432455922,
            420883047,
            429958368,
            429390504,
            36763996,
            423467379,
            432443556,
            421737462,
            430457760,
            325327152,
            423471753,
            429377382,
            421957620,
            420640317,
            36772744,
            427452093,
            427059162,
            427059891,
            432453762,
            422416161,
            432455220,
            421748397,
            429405813,
            432063747,
            39732484,
            432990306,
            427066452,
            429055164,
            420474132,
            423210798,
            430159626,
            433506465,
            244588192,
            424002492,
            426404547,
            420027984,
            664987433,
            427312881,
            422670609,
            431037342,
            426078684,
            432063045,
            420116193,
            423443349,
            423483444,
            432460350,
            145732843,
            420022179,
            423428067,
            430199748,
            423468891,
            423469620,
            426403116,
            403427213,
            421740432,
            423571680,
            427469643,
            426860199,
            420030927,
            421744077,
            403432316,
            421745535,
            423439731,
            642193807,
            433282689,
            423481284,
            423482013,
            432989631,
            421752096,
            176570292,
            423466731,
            429943167,
            423468189,
            429039207,
            427465296,
            427466025,
            421955514,
            423471834,
            426405330,
            421741188,
            423435384,
            431919486,
            429951915,
            429047226,
            421962804,
            420035328,
            429957018,
            422320743,
            429053787,
            422322930,
            422677953,
            420868602,
            421737570,
            423433224,
            431032320,
            431525124,
            421743402,
            476937480,
            421744860,
            422318583,
            427062915,
            426414105,
            421750692,
            432065313,
            429942492,
            423998955,
            426086811,
            421737597,
            429946137,
            421739055,
            427310073,
            433513134,
            426409029,
            431704485,
            423477720,
            422376201,
            432454626,
            429050925,
            421749261,
            423482823,
            433521882,
            421752177,
            432973701,
            421737624,
            -1703771038,
            429042933,
            423434007,
            421743456,
            421744185,
            -999004036,
            421746372,
            421747830,
            421748559,
            429051681,
            432990468,
            423425259,
            422934669,
            423466839,
            423430389,
            427310127,
            423216792,
            427313043,
            421744212,
            430622703,
            2138593449,
            427318146,
            427318875,
            431708913,
            145749016,
            423227727,
            423444969,
            427323249,
            432447417,
            430205013,
            419439870,
            420227919,
            421744239,
            432452520,
            423483633,
            429045229,
            423478585,
            423426853,
            421956460,
            424005679,
            423478612,
            423480799,
            429408298,
            423426907,
            145736057,
            443830169,
            145738973,
            421740730,
            426407059,
            145741889,
            421945579,
            421747318,
            423472159,
            41053865,
            148251917,
            141913991,
            902853389,
            430612012,
            420871114,
            145738325,
            642190541,
            423427015,
            421743754,
            423479530,
            426414484,
            423432901,
            135162830,
            421734358,
            423470836,
            422684245,
            527717896,
            426603349,
            423438031,
            423438760,
            423441676,
            429918112,
            423443134,
            430628887,
            423427123,
            423427852,
            145734815,
            429020011,
            421738030,
            426464137,
            430618708,
            421743133,
            423475966,
            421748965,
            423444619,
            429942223,
            427423528,
            430613632,
            430615819,
            423435898,
            426605590,
            429047011,
            430622380,
            430623838,
            421747534,
            423466543,
            419470284,
            36054660,
            36704199,
            421575877,
            36231807,
            36762794,
            427422254,
            429016539,
            429547832,
            430079042,
            431673564,
            432205280,
            422127309,
            422658904,
            37845813,
            424784668,
            425847550,
            426910466,
            427441899,
            428515970,
            431161887,
            147543704,
            421615705,
            423210028,
            423741116,
            424272910,
            425867259,
            426398674,
            427461582,
            429055905,
            430650228,
            431181707,
            248226427,
            424824034,
            427481265,
            47451117,
            420060774,
            421123656,
            37904862,
            194213992,
            420100114,
            422757319,
            427008847,
            428071729,
            428603196,
            430197519,
            431791880,
            427028556,
            421202388,
            42766563,
            41723364,
            422304758,
            40680165,
            2005208689,
            45994575,
            148252292,
            34853997,
            424449704,
            429764534,
            430827349,
            47077140,
            34342239,
            421281094,
            421812466,
            422875417,
            428721268,
            43376736,
            430847032,
            432441381,
            433504301,
            420237566,
            421300777,
            422363202,
            424489449,
            34460337,
            40758897,
            420277287,
            422403051,
            422934466,
            39715718,
            426654553,
            429311784,
            43967226,
            430374704,
            34420971,
            422442391,
            421399192,
            425118855,
            426713659,
            427244979,
            429370653,
            44026275,
            430433753,
            431496597,
            47214921,
            36074343,
            423013198,
            423544639,
            426201908,
            41388753,
            423564470,
            433130286,
            433661932,
            420395416,
            427303865,
            422521149,
            423072247,
            425749121,
            430551787,
            -1613547649,
            47392284,
            41034498,
            40724381,
            34755602,
            35857869,
            41172260,
            44971079,
            37550116,
            39262535,
            43516650,
            1042500538,
            -2037005310,
            1059269762,
            -802801471,
            -1468777641,
            781436464,
            925055463,
            742779568,
            1754803289,
            -1109831623,
            -1043616219,
            137426824,
            140615013,
            148055580,
            134789040,
            143921757,
            143961580,
            142404507,
            136599689,
            137131317,
            142543828,
            140437874,
            144180307,
            148449260,
            140536476,
            178440495,
            179199453,
            -1095348077,
            -1300998557,
            -2020358608,
            -2006868467,
            -1181436577,
            -914932301,
            -1284222672,
            -1988871337,
            -897177323,
            311772755,
            292712137,
            725997336,
            1242108711,
            1249017444,
            321798554,
            329278094,
            344244243,
            -1163217500,
            -1167232832,
            -1164713408,
            -1171071017,
            -1173629807,
            -1164457529,
            -1169752256,
            1286386716,
            -1382726061,
            1310926363,
            377798675,
            -970758812,
            -1083004914,
            2020894394,
            430945338,
            430158018,
            421930524,
            422580063,
            422107671,
            422639046,
            426359394,
            421595913,
            423190236,
            430098969,
            421084155,
            426929676,
            432775980,
            433327090,
            423249285,
            429095136,
            429134502,
            425434098,
            425985222,
            427048104,
            428642427,
            429173802,
            427599228,
            426556138,
            433464762,
            420729861,
            425512830,
            420218212,
            425532608,
            427658277,
            429252709,
            431378364,
            428209401,
            425591562,
            429902139,
            433090980,
            421950316,
            424075971,
            427264726,
            420375524,
            1805124245,
            1821902190,
            -1602995164,
            -1272757446,
            2037552940,
            -1452118162,
            -1939395433,
            -1926866602,
            1445353814,
            -1552663268,
            1937004113,
            -1537329655,
            474424394,
            -948670470,
            -1150010537,
            -1911696075,
            -1434045042,
            1466251316,
            489374553,
            -864784390,
            847206816,
            -712205329,
            1504687384,
            1517455209,
            2106908663,
            1847804114,
            -2060447022,
            -1753990313,
            -1502332073,
            -778566101,
            -1193723216,
            1898128905,
            -846839858,
            975253100,
            759558017,
            -1720428957,
            -763870751,
            1007426327,
            709218525,
            642016948,
            638316544,
            -1636543246,
            -832463347,
            -747341593,
            -814466217,
            1670753128,
            -983458291,
            -1837873839,
            -1317698554,
            423430093,
            430615846,
            423472375,
            429044122,
            429950998,
            430620949,
            430621788,
            74739706,
            176564299,
            423481123,
            74744080,
            421752664,
            432057835,
            423472429,
            431040178,
            422403769,
            429037669,
            430613038,
            427445533,
            430615225,
            423471025,
            423432388,
            423472483,
            642187922,
            423475399,
            421744024,
            423476857,
            429047875,
            431037316,
            423480502,
            429051520,
            423481960,
            423482689,
            423483418,
            421752043,
            429055165,
            423466678,
            39721577,
            421602625,
            426406735,
            430209199,
            423440434,
            423481258,
            423427339,
            429945328,
            420879484,
            423439732,
            423481285,
            237686075,
            431037397,
            421304545,
            423471862,
            423474778,
            430611715,
            423427474,
            36763484,
            141717674,
            36777335,
            594820659,
            422681789,
            43301940,
            423824861,
            175395362,
            423474212,
            423474941,
            423475670,
            431034671,
            427059434,
            432454034,
            175403381,
            421630571,
            175405568,
            176569052,
            421734845,
            424004951,
            420473756,
            430238711,
            423435683,
            429952214,
            430956776,
            423439328,
            39728544,
            432561413,
            433644707,
            423214175,
            422663780,
            429025034,
            433651997,
            423440894,
            423481718,
            175397792,
            430611392,
            421957433,
            421741649,
            421742378,
            429045500,
            423436574,
            421744565,
            427059704,
            421748210,
            430625972,
            423445322,
            431035697,
            422141168,
            430611446,
            430612175,
            432443423,
            359942146,
            421737329,
            422171084,
            423470891,
            43303722,
            430617278,
            432448526,
            433512137,
            430619465,
            432450713,
            432452900,
            432453629,
            433517240,
            421747535,
            430626026,
            429957533,
            433520885,
            432458732,
            432459461,
            432460190,
            420875678,
            431033564,
            431035751,
            419430827,
            423439598,
            430959962,
            431024924,
            422197463,
            420881618,
            431038775,
            421744808,
            420109688,
            433652321,
            426413351,
            426930995,
            422127021,
            429941901,
            423466923,
            429943359,
            421736277,
            423744672,
            429040128,
            423470568,
            421739193,
            421739922,
            423472755,
            195285409,
            429950649,
            424282674,
            429952107,
            432865920,
            430622787,
            424010028,
            429955023,
            423480045,
            429051063,
            423442137,
            429052521,
            423482961,
            429388590,
            423484419,
            422521437,
            421734846,
            421737033,
            422662863,
            433647435,
            433648164,
            433648893,
            36770857,
            425600004,
            426939177,
            430622085,
            611609567,
            175402680,
            430625001,
            430626459,
            421750155,
            429036537,
            423550812,
            420102669,
            423470649,
            430617765,
            430618494,
            420035601,
            430625784,
            430628700,
            424274763,
            423468489,
            430615605,
            426404172,
            423472134,
            424793811,
            422178159,
            423478695,
            426412191,
            421748049,
            426610479,
            421750236,
            421738599,
            430611285,
            423467085,
            430615659,
            423472188,
            421744458,
            430625865,
            430628781,
            421734279,
            423470757,
            421741569,
            421748859,
            422660136,
            429943575,
            430614255,
            430614984,
            430615713,
            430616442,
            423472242,
            430617900,
            430618629,
            430619358,
            430620087,
            429951594,
            429049092,
            423480990,
            423481719,
            429959613,
            423427071,
            423432903,
            433642575,
            421736547,
            430623786,
            430627431,
            430628889,
            423466491,
            195280603,
            430615794,
            426207531,
            421740219,
            429949488,
            420640887,
            421744593,
            431037156,
            423085953,
            430626000,
            429032406,
            421750425,
            423837552,
            176569350,
            423427152,
            430612176,
            423467976,
            429038994,
            176554797,
            426207558,
            430617279,
            421743162,
            421310865,
            423476724,
            421747536,
            430625298,
            433520886,
            423483285,
            423467274,
            423468003,
            430613661,
            39719257,
            421738815,
            40686640,
            421741731,
            430620222,
            421744647,
            423477480,
            423481125,
            429958290,
            430611501,
            424274304,
            423468030,
            421736655,
            426461304,
            426481716,
            423470946,
            421740300,
            426406629,
            423435954,
            421625847,
            421744674,
            421746861,
            423479694,
            421750506,
            422523273,
            430612311,
            430615956,
            430616685,
            430617414,
            430618872,
            430619601,
            430620330,
            421745484,
            430623975,
            423479775,
            421749129,
            423481962,
            430627620,
            421751316,
            430629807,
            421734576,
            611602736,
            431030784,
            423473970,
            423479073,
            423834096,
            429051549,
            36779335,
            433643547,
            423470352,
            430616739,
            430164759,
            423473997,
            175399521,
            421750641,
            430611663,
            430612392,
            423547653,
            421742649,
            420109689,
            433652322,
            430624056,
            423480585,
            1232251890,
            423482043,
            430628430,
            421752126,
            424785549,
            430612446,
            431035266,
            430624110,
            426415593,
            430627782,
            430612500,
            430617603,
            426132795,
            429952026,
            429049524,
            424881831,
            429626974,
            423427558,
            429042316,
            429043045,
            422528701,
            145741082,
            420483127,
            195286868,
            427314586,
            423478588,
            145746185,
            429050335,
            421748671,
            429051793,
            429957940,
            421751587,
            430611880,
            430613338,
            430614067,
            430615525,
            423472054,
            430617712,
            429123991,
            432982588,
            430622086,
            421746511,
            429052549,
            430628647,
            430611205,
            430618495,
            427432765,
            145744808,
            421751668,
            426401257,
            420478861,
            421742947,
            429048985,
            423479425,
            429050443,
            423480883,
            424274089,
            430613473,
            430615660,
            430617118,
            430620034,
            430625866,
            430627324,
            420473839,
            39719096,
            390353726,
            427319878,
            420480427,
            430207474,
            429049093,
            527725135,
            429054196,
            430612096,
            430625218,
            39716261,
            424785955,
            43300025,
            421736548,
            421737277,
            664984305,
            426068995,
            43305128,
            390352349,
            421742380,
            421743838,
            43309502,
            421746025,
            429049147,
            421747483,
            423834610,
            423225166,
            431709268,
            421750399,
            423483232,
            432990850,
            430117861,
            423466492,
            -1181420678,
            427777096,
            426400015,
            433506307,
            426401473,
            204126327,
            426403660,
            430616551,
            426405847,
            421743163,
            429047014,
            430622383,
            430623112,
            421748266,
            430626028,
            423422779,
            423423508,
            421751182,
            430628944,
            421752640,
            432049063,
            430617307,
            433649218,
            430618765,
            430620223,
            424007464,
            433516540,
            175403005,
            430626055,
            423268258,
            423428665,
            421736656,
            423569362,
            423472405,
            429044152,
            421940047,
            423830344,
            429047068,
            423477508,
            429049255,
            423482611,
            430611529,
            430612258,
            430613716,
            430615174,
            244846181,
            430616632,
            487746944,
            430618090,
            429044179,
            430619548,
            145742216,
            429046366,
            432452254,
            429953971,
            430625380,
            430626838,
            430627567,
            430628296,
            430629754,
            429036943,
            422660380,
            430613770,
            429039859,
            430615957,
            429042775,
            145742270,
            145742999,
            430249999,
            429956212,
            430626163,
            423482692,
            423998851,
            421737493,
            423432418,
            423472513,
            423829723,
            423436792,
            423477616,
            433516675,
            176564437,
            145743541,
            422536477,
            432065965,
            432442156,
            432442885,
            421932892,
            432444343,
            421737520,
            430616740,
            432447988,
            432448717,
            432450175,
            432450904,
            432451633,
            432453091,
            1100275082,
            432455278,
            432456007,
            432456736,
            430626946,
            429053035,
            432459652,
            594821201,
            594821930,
            430613851,
            594827762,
            430619683,
            430246435,
            430621141,
            421961350,
            429953377,
            430625515,
            420253303,
            514126710,
            36769940,
            429637018,
            430247920,
            430250836,
            429037078,
            429943954,
            430613905,
            424788466,
            430618279,
            430619008,
            424793569,
            145743863,
            421747078,
            430625569,
            430627756,
            423821839,
            421742002,
            430620493,
            429049498,
            421748563,
            430611772,
            430612501,
            430618333,
            430619062,
            429045151,
            430625623,
            430629268,
            -1452112011,
            432453253,
            422403314,
            429037214,
            421735550,
            422405501,
            422524328,
            421619639,
            425871896,
            425144354,
            139932411,
            422685437,
            429949193,
            427017155,
            424499189,
            433514732,
            426468947,
            432453308,
            422533805,
            426412085,
            426412814,
            422535992,
            426414272,
            429052523,
            427439246,
            423444326,
            423445055,
            423426857,
            426399719,
            426933347,
            176556689,
            176557418,
            423433418,
            423434876,
            423474971,
            429045989,
            423476429,
            423482990,
            423483719,
            426938477,
            427471376,
            432060431,
            430611206,
            423469193,
            39720447,
            423473567,
            443825826,
            422168684,
            423469220,
            426404903,
            244592193,
            421624121,
            423438845,
            423439331,
            423440060,
            421748051,
            611612566,
            423481613,
            431711294,
            430611287,
            430617119,
            423474377,
            423475106,
            1551014973,
            423478751,
            430625867,
            423482396,
            325324700,
            430611341,
            695370450,
            321509141,
            430617173,
            430617902,
            430619360,
            427057466,
            476937134,
            421746701,
            423479534,
            695381385,
            430620332,
            423997907,
            145737708,
            141919935,
            421740194,
            423473756,
            423475214,
            426409439,
            423478859,
            422696642,
            423466493,
            423467222,
            423469409,
            423470867,
            421740221,
            423474512,
            430623815,
            423481073,
            421318859,
            423467249,
            422406554,
            421620692,
            433512140,
            423474539,
            427785845,
            421743893,
            423476726,
            423477455,
            1551004227,
            423467276,
            430613663,
            421620719,
            145740705,
            423474566,
            429951731,
            421629467,
            427476776,
            423426479,
            423467303,
            424002389,
            1770314557,
            429949571,
            421625120,
            423476051,
            427057629,
            423441059,
            642198051,
            423466655,
            423467384,
            424276574,
            145740813,
            429044963,
            429047150,
            421747673,
            423482693,
            430629080,
            695368533,
            695375823,
            695377281,
            145745943,
            423479804,
            1551021858,
            423482747,
            430629134,
            432442184,
            430612394,
            429943901,
            325325051,
            1247521536,
            1232240228,
            429946088,
            145737978,
            427468217,
            423473297,
            429949733,
            422687435,
            429951191,
            423436847,
            427473320,
            427454366,
            429954836,
            423480587,
            423482774,
            145750371,
            427460927,
            421734659,
            422535830,
            423466790,
            430616093,
            429046556,
            1551016134,
            430624112,
            1551019050,
            430627757,
            430611746,
            430616120,
            430619765,
            430620494,
            430626326,
            430629242,
            430624166,
            423481424,
            432441645,
            432442374,
            432443103,
            432443832,
            432444561,
            432445290,
            421935297,
            423431934,
            432452580,
            433648869,
            433649598,
            432450393,
            432451851,
            432453309,
            432454038,
            432454767,
            432455496,
            661944107,
            432456954,
            432457683,
            432458412,
            430175913,
            423445056,
            33555241,
            432974571,
            432976029,
            421747971,
            423441438,
            432989151,
            432441699,
            292717834,
            40687102,
            426084144,
            423470679,
            292717888,
            423435687,
            1016465144,
            433642470,
            292713568,
            292721587,
            292722316,
            423478752,
            292715053,
            423432852,
            426940071,
            426415191,
            423466413,
            423473703,
            427017372,
            421959570,
            433652001,
            433658562,
            423445272,
            421734363,
            429949464,
            476937189,
            429047691,
            430625976,
            145751560,
            421616292,
            292719535,
            432982131,
            292722451,
            292724638,
            423441708,
            430611450,
            421617048,
            430612908,
            430613637,
            430614366,
            421619964,
            430615824,
            423471624,
            432979242,
            430618011,
            430618740,
            430619469,
            430620198,
            420110205,
            421941453,
            421627254,
            421627983,
            430623843,
            421629441,
            430625301,
            430626030,
            430626759,
            421632357,
            423227409,
            430628946,
            421634544,
            421950957,
            421619262,
            427309107,
            430618767,
            423440304,
            432443481,
            432447126,
            432452229,
            432453687,
            432454416,
            432455145,
            432442050,
            432442779,
            432443508,
            432444237,
            432444966,
            432445695,
            432446424,
            432447153,
            432447882,
            432448611,
            432449340,
            432450069,
            432450798,
            432451527,
            432452256,
            432452985,
            432453714,
            432454443,
            432455172,
            432455901,
            432456630,
            432457359,
            432458088,
            432458817,
            432459546,
            432460275,
            292716025,
            527716632,
            421960542,
            421134585,
            328463316,
            421747674,
            423466683,
            432454524,
            423481263,
            432445074,
            432446532,
            432450177,
            432450906,
            432451635,
            432453093,
            432453822,
            432455280,
            432456009,
            432456738,
            432458925,
            432459654,
            420474192,
            423471840,
            40768480,
            429951921,
            426417000,
            195277987,
            292717699,
            426937614,
            292722802,
            426607377,
            292719913,
        }
        m49{
            "001",
            "143",
            "419",
        }
        regionAliases{
            "062","034",
            "172","RU",
            "200","CZ",
            "230","ET",
            "280","DE",
            "532","CW",
            "582","FM",
            "736","SD",
            "830","JE",
            "886","YE",
            "890","RS",
            "AN","CW",
            "BU","MM",
            "CS","RS",
            "CT","KI",
            "DD","DE",
            "DY","BJ",
            "FQ","AQ",
            "FX","FR",
            "HV","BF",
            "JT","UM",
            "MI","UM",
            "NH","VU",
            "NQ","AQ",
            "NT","SA",
            "PC","FM",
            "PU","UM",
            "PZ","PA",
            "QU","EU",
            "RH","ZW",
            "SU","RU",
            "TP","TL",
            "UK","GB",
            "VD","VN",
            "WK","UM",
            "YD","YE",
            "YU","RS",
            "ZR","CD",
        }
        trie:bin{
001a6df03c7074da2d77cf4d77a89078
b04579b8bb7a00186fc19d75957a647a
32e1d5d6e838f5d91dac01e1af14ead9
1db6022a3e42d85e424811616e01e2ab
c3f4abbe0b4d26540f54d85dee552a56
10ceabc110d3abc04dd87401502a5310
d2abbc02c1abbbc6abb9c8abba47f05d
fc473248d873e24910c4abb701c2abbf
c6abb5754e776c7904e2d5d6e7d91db2
ead91db3eed91db4f0d91db503e8d91d
adedd91daeeed91daff9d91db010e1d9
1db17263729673a24d740bf11af50cf5
d91da9f8d91daaf9d91dabf1d91da6f3
d91da7f4d91da8ed0cedd91da3eed91d
a4f0d91da5e5d91da0e7d91da1ecd91d
a204e7d91d98eed91d99efd91d9af0d9
1d9bf3d91d9c03e1d91d9dedd8333bf2
d91d9ef5d91d9f6f30706a7110e5d91d
9706ef10efd91d79f1d91d7af2d91d7b
f3d91d7ce3d91d77e8d91d78edd91cdd
0019ee3af41ef710f7d91d93f8d91d94
f9d91d95fad91d96f4d91d90f5d91d91
f6d91d92f10cf1d91d8df2d91d8ef3d9
1d8feed91d8aefd91d8bf0d91d8ce71e
ea10ead91d86ebd91d87ecd91d88edd9
1d89e7d91d83e8d91d84e9d91d85e40c
e4d91d80e5d91d81e6d91d82e1d91d7d
e2d91d7ee3d91d7f68c10f6cad6c506d
826e04e1d91d72e5d91d73e7d91d74eb
d91d75f3d91d7605ee0ceed91d55f1d9
1d56f5d91d57e1d91d52ead91d53edd9
1d540019ee3af41ef710f7d91d6ef8d9
1d6ff9d91d70fad91d71f4d91d6bf5d9
1d6cf6d91d6df10cf1d91d68f2d91d69
f3d91d6aeed91d65efd91d66f0d91d67
e71eea10ead91d61ebd91d62ecd91d63
edd91d64e7d91d5ee8d91d5fe9d91d60
e40ce4d91d5be5d91d5ce6d91d5de1d9
1d58e2d91d59e3d91d5a687669946b09
ef13efd91c25f0d91d4ff4d5c9f5d91d
50fad91d51e1d91d4ce2b96de4b7edeb
d91d4deed91d4e03e4d91d41e9d91d42
eed91d43f7d91d4407ee0feed91d49f2
cd64f7d91d4afad91d4be1d91d45ebd9
1d46ecd91d47edd91d486439645a6560
6705ed0cedd91d3eeed91d3ff2d91d40
e1d91d3ce2d91d3de8d71810ead91d36
04e1d91d37e7d91d38e8d91d39edd91d
3aeed91d3b613a62a27a6301e1d91d34
e8d91d350017ef36f51af80cf8d91d2b
f9d91d2cfad91d2df5d91d28f6d91d29
f7d91d2af20cf2d91d25f3d91d26f4d9
1d27efd91d23f0d91d1ff1d91d24e71a
ea0cead91d20ebd91d21edd91d22e7d9
1d1de8d91d1ee9d91d1fe40ce4d91d1a
e5d91d1be6d91d1ce1d91d17e2d91d18
e3d91d1905f40cf4d91d31f5d91d32f7
d91d33e1d91d2ee3d91d2fe5d91d3000
186dc1d9749c782a78307936e1d7b2ef
d57210f7d91b7c05ee0ceed91b80f2d9
1b81f9d91b82e2d91b7de9d91b7eedd9
1b7f7450758a7704e1d91b77e2d91b78
efd91b79f2d91b7af7d91b7b06e910e9
d91b67ebd91b68edd91b69f7d91b6ae2
d91b64e6d91b65e8d91b660bf21af60c
f6d91b74f8d91b75f9d91b76f2d91b71
f4d91b72f5d91b73ec0cecd91b6eedd9
1b6feed91b70e1d91b6be2d91b6ce4d9
1b6d7073706c72727307f210f2d91b60
f3d91b61f5d91b62f6d91b63e1d91b5c
e7d91b5de9d91b5eebd91b5f10e3d91b
4c0ff022f610f6d91b58f7d91b59f8d9
1b5afad91b5bf0d91b54f2d91b55f3d9
1b56f5d91b57eb0febd91b51ecd91b52
edd91b53efd72ae2d91b4de7d91b4ee8
d91b4fe9d91b506da2476ea2836f0ee9
22ef10efd91b48f2d91b49f3d91b4af7
d91b4be9d91b44ebd91b45edd91b46ee
d91b47e410e4d91b40e5d91b41e6d91b
42e7d91b43e1d91b3de2d91b3ee3d91b
3f0ded1ef310f3d91b2df4d91b2ef7d9
1b2ff8d91b30edd91b2aeed91b2befd9
1b2ce410e4d91b26e5d91b27e8d91b28
e9d91b29e1d91b23e2d91b24e3d91b25
0ded1cf00ff0d91b3af5d91b3bf7d91b
3cf9b1a3edd91b38eec199efd91b39e5
10e5d91b34e7d91b35e9d91b36ebd91b
37e2d91b31e3d91b32e4d91b3367c0e4
6a686aa2476ba24d6c0eef22f610f6d9
1b1ff7d91b20f8d91b21f9d91b22efd9
1b1bf2d91b1cf3d91b1df5d91b1ee810
e8d91b17e9d91b18ebd91b19edd91b1a
e1d91b14e5d91b15e7d91b1601e1d91b
0de9d91b0e04e1d91b0fe4d91b10f2d9
1b11f7d91b12f9d91b1367a24f68a267
690011ec24f412f4c5e7f5d91b0af6d9
1b0bf7c756f9d91b0cecd91b06edd91b
07eed91b08f2d91b09e714e7d91b01e8
d91b02e9d91b03ead91b04ebd91b05e2
d7fde3d7fee5d7ffe6d91b0007ef0cef
d7f6f5d7f7f7d7f3f9d7f8e1d7f2e2d7
f3e7d7f4e9d7f503e1d7f9e7d7faebd7
fbf5d7fc6452642e655a6610e7d7f106
eb0cebd7e1f4d7e2f5d7e3f9d7e4e4d7
dee7d7dfead7e00def17f30cf3d7edf4
d7eef5d7eff7d7f0efd1d9f0d7ebf2d7
ece80ce8d7e8e9d7e9ecad97edd7eae3
d7e5e4d7e6e7d7e7613662a2636301e1
d7dce9d7dd0018ee2df417f70cf7d7c8
f8d7c9f9d7cafad7cbf4d7c5f5d7c6f6
d7c7f109f1d7c2f2d7c3f3d7c4eed7bf
efd7c0f0d7c1e714ea09ead7bcecd7bd
edd7bee7d7b9e8d7bae9d7bbe409e4d7
b6e5d7b7e6d7b8e1d7b3e2d7b4e3d7b5
0fec1af20cf2d7d8f4d7d9f6d7daf7d7
dbecd7d4edd7d5f0d7d6f1d7d7e80ce8
d7d0e9d7d1ead7d2ebd7d3e1d7cce2d7
cde5d7cee6d7cf00186ec27075c0c678
47783079567a90e8d91bb204e2d91c56
ebd91c57edd91c58f2d91c59f4d91c5a
06eb10ebd91c5eecd91c5ff4d91c60f9
d91c61e1d91c5be2d91c5cead91c5d01
e8d91c62f0d91c63758a76a263770aeb
1af20cf2d91c53f4d91c54f7d91c55eb
d91c50ecd91c51efd91c52e1d91c4be3
d91c4ce4d91c4de5d91c4eead91c4f0a
ed1af00cf0d91c43f4d91c44f5d91c45
edd91c40eed91c41efd91c42e1d91c3b
e2d91c3ce4d91c3dead91c3eecd91c3f
04e5d91c46e9d91c47eed91c48efd91c
49f3d91c4a72c0d872a25873a28f7400
12ed2af414f4d91c36f5d91c37f6d91c
38f7d91c39f9d91c3aedd91c31eed91c
32f0d91c33f1d91c34f3d91c35e514e5
d91c2ce8d91c2de9d91c2eead91c2fec
d91c30e1d91c28e2d91c29e3d91c2ae4
d91c2b0ced1df210f2d91c18f4d91c19
f5d91c1af7d91c1bedd91c16eed91c17
f1af44e50ce5d91c13e7d91c14e9d91c
15e1d91c10e2d91c11e4d91c120fed22
f210f2d91c24f3d91c25f5d91c26f9d9
1c27edd91c20eed91c21f0d91c22f1d9
1c23e80ee8d91c1ee9d91c1feacfafec
ade1e1d70de2d91c1ce4d710e5d91c1d
6ea2606fa295700014ec2ff219f70cf7
d91c0df8d91c0efad91c0ff2d70bf4d9
1c0bf6d91c0cecd91c06edd91c07eed9
1c08efd91c09f1d91c0ae714e7d91c01
e8d91c02e9d91c03ead91c04ebd91c05
e1d91bfde2d91bfee4d91bffe5bb0ae6
d91c000cee1cf40ef4c1a5f5d91bf0f9
c3b8fad91bf1eed91bedf1d91beef2d9
1befea0cead91beaebd91bebedd91bec
e1d702e2d91be8e9d91be90aed1af00c
f0d91bfaf2d91bfbf7d91bfcedd91bf7
eed91bf8efd91bf9e3d91bf2e4d91bf3
e7d91bf4e9d91bf5ebd91bf668c1126b
c0db6ba2606ca2c66d0014ef2ff51af8
0cf8d91be5f9d91be6fad91be7f5d91b
e2f6d91be3f7d91be4efd91bdef0d91b
dff1d91be0f2d5faf4d91be1e713e7d9
1bdae8d91bdbead91bdcedd91bddeed5
f7e1d91bd5e2d91bd6e3d91bd7e4d91b
d8e6d91bd90016ee36f51af80cf8d91b
d0f9d91bd1fad91bd2f5d91bcdf6d91b
cef7d91bcff20cf2d91bcaf3d91bcbf4
d91bcceed91bc7f0d91bc8f1d91bc9e6
19ea0cead91bc4ebd91bc5ecd91bc6e6
d91bc2e7d91bc3e8d7c8e1d91bbde2d9
1bbee3d91bbfe4d91bc0e5d91bc103e1
d91bd3e3d5f3e4d5f4f9d91bd4683869
4e6a01e2d91bbbf4d91bbc02e5d91bb3
edd91bb4f6d91bb505f20cf2d91bb8f3
d91bb9f9d91bbae19be9d91bb6eed91b
b764586464658a6706e910e9d91baeed
d91baff5d91bb0f7d91bb1e2d91babe4
d91bace7d91bad04e1d91b9febd91ba0
efd91ba1f1d91ba2f9d91ba306f210f2
d91ba7f3d91ba8f4d91ba9f5d91baae4
d91ba4e7d91ba5edd91ba6613c62a256
6302e8ad0eefd59af2d5990010ee26f4
14f4d91b8ef5d91b8ff6d91b90f7d91b
91f9d91b92eed91b8aefd91b8bf2d91b
8cf3d91b8dea10ead91b86ebd91b87ec
d91b88edd91b89e1d91b83e2d91b84e7
d586e9d91b850cea1ef010f0d91b9bf2
d91b9cf7d91b9df9d91b9eead91b98ed
d91b99eed91b9ae50ce5d91b95e7d91b
96e9d91b97e1ab70e2d91b93e4d91b94
00166ec182765c7912792ee9b74eefd9
1cd601f2d91d15f5d91d16765c776a78
05ed0cedd91d12f5d91d13f9d91d14e1
d91d0fe7d91d10ecd91d1101e1d91d06
f4d91d0706f110f1d91d0bf2d91d0cf5
d91d0df7d91d0ee1d91d08e7d91d09ee
d91d0a739c73a27574a28d750014ec30
f21af70cf7d91d03f8d91d04fad91d05
f2d91d01f4d91d02f5d91cf8ecd91cfc
edd91cfdeed91cfef0d91cfff1d91d00
e614e6d91cf7e7d91cf8e9d91cf9ead9
1cfaebd91cfbe1d91cf1e2d91cf2e3d9
1cf3e4d91cf4e5012a304812616ef3d9
1cf6012ad91cf54310ced91cf605f20c
f2d91cecf3d91cedf9d91ceee4d91ce9
eed91ceaf0d91ceb01f7d91ceff9d91c
f06e7e6fa2577209ed14edd91cb1efd9
1ce5f3d91ce6f7d91ce7f9d91ce8e1d9
1ce0e2d91ce1e5d91ce2ebd91ce3ecd9
1ce409ec14ecd91cd2eed91cd3f1d91c
96f3d91cd4f5d91cd5e1d91ccde2d91c
cee4d91ccfe7d91cd0ebd91cd109ed14
edd91cdbeed91cdcf3d91cddf4d91cde
f9d91cdfe2d91cd7e7d91cd8e9d91cd9
ebd91cdaecaffd67c0e56b7e6b7c6ca2
526d09ed13edd91cc9eed91ccaefd91c
cbf0d91cccf4c324e2d91cc4e5d91cc5
e7d91cc6ebd91cc7ecd91cc808eb14eb
d91cb6edd91cb7efd91cb8f2d91cb9f9
d91cbae1d91cb2e7d91cb3e8d91cb4e9
d91cb508e914e9d91cbfecd91cc0f2d9
1cc1f5d91cc2f9d91cc3e1d91cbbe2d9
1cbce5d91cbde7d91cbe679668a25b69
0bed1af30cf3d91caff6d91cb0f9d91c
b1edd91caceed91cadf2d91caee90ce9
d91ca9ead91caaecd91cabe1d91ca6e7
d91ca7e8d91ca807f010f0d91ca1f2d9
1ca2f5d91ca3f7d91ca4e1d91c9de9d9
1c9eecd91c9fedd91ca010e4d91ca561
a24562a2b963a2f064a2fa650cee1ef4
10f4d91c99f5d91c9af6d91c9bf9d91c
9ceed91c96f2d91c97f3d91c98e90ce9
d91c93ead91c94ecd91c95e1d91c90e3
d91c91e5d91c920019ee3af41ef710f7
d91c79f8d91c7af9d91c7bfad91c7cf4
d91c76f5d91c77f6d91c78f10cf1d91c
73f2d91c74f3d91c75eed91c70efd91c
71f0d91c72e71dea0fead91c6debd91c
6eecd91c6fedbbc1e7d91c6ae8d91c6b
e9d91c6ce40ce4d91c67e5d91c68e6d9
1c69e1d91c64e2d91c65e3d91c660cea
1eee10eed91c85efd91c86f8d91c87f9
d91c88ead91c82ecd91c83edd91c84e5
0ce5d91c7fe8d91c80e9d91c81e1d91c
7de2d91c7ee4ab8f02ecd91c89eed91c
8af2d91c8b04e1d91c8ce4b74ee5d91c
8de7d91c8eebd91c8f74a45b75b29776
00116e46751b75367746e5d76fe9d581
efd7a602edd7aeeed7aff4d7b010e1d7
b16e326f42724c7410efd7ad02ebd7a3
edd7a4f0d7a501f2d7a7f4d7a803e1d7
a9efd7aaf3d7abf4d7ac69ac69a25d6a
a2756ba2766ca2996d0016ec2af514f8
09f8d7a0f9d7a1fad7a2f5d79df6d79e
f7d79ff109f1d79af2d79bf3d79cecd7
97edd798f0d799e614e909e9d794ead7
95ebd796e6d791e7d792e8d793e1d78c
e2d78de3d78ee4d78fe5d79007ec0cec
d77aeed77bf4d77cf6d77de3d776e4d7
77e6d778e7d77910ebd77e0aee14f409
f4d787f5d788fad789eed784efd785f0
d786e1d77fead780ebd781ecd782edd7
8301f0d78af3d78b613662a24365a247
6710f2d7750010ed1df20ff2d768f3d7
69f5d76af6d76bf9d76cedd764eed765
efd766f0d767e80ce8d762e9d720eab1
eaecd763e1d75ee5d75fe6d760e7d761
01e2d76debd76e04e3d770edd771efd7
72f0d773f2d774002775c18ce920f20f
f2d33cf3d355f4d367f7a3c0f9d3c1e9
d192ebd1b2ecd1c5eed1f3efd3097a38
7a36e1cff3e5d14be756e8d18006ed0c
edd3d4eed3d5efd3d6f8d3d7e8d3d1ea
d3d2ecd3d3012a2e41127261e2d16a01
2ad1695010cbd16a75a24176a28777a2
b578a2f3790ff21af60cf6d3cdf8d3ce
f9d3cffad3d0f2d3c9f3d3caf4d3cbf5
d3ccea0cead1eaecd3c6eed3c7f0d3c8
e1d3c2e5d3c3e8d3c4e9d3c50014ec25
f314f809f8d391f9d392fad393f3d38e
f5d38ff6d390ecd389edd38aeed38bef
d38cf1d38de60fe6d384e7d385e8d386
e9d387ead388e1d37fe2d380e3d381e4
d382e5d3830dee17f40cf4d39df5d39e
f7d39ff8d3a0eed39aefd39bf3d39ce9
0ce9d396ebd397ecd398edd399e1d394
e4bbcee5d3950012ee20f40ff4d3aef5
d3aff7d3b0f8d3b1f9d3b2eed3a9efd3
aaf0d3abf1d3acf2d3ade60fe6d3a5e7
d3a6e8d3a7ecd3a8edd1b9e1d3a1e2d3
a2e4d3a3e5d3a40def17f40cf4d3bdf5
d3bef8d3bff9d3c0efd3baf1d3bbf3d3
bce90ce9d3b6ead3b7edd3b8eed3b9e1
d3b3e5d3b4e7d3b56bc2ed70c15d70a2
6271a2a372a2be73a413740017ee2af4
14f709f7d37cf9d37dfad37ef4d379f5
d37af6d37bf109f1d1e3f2d377f3d378
eed374efd375f0d376e814eb09ebd371
ecd372edd373e8d36ee9d36fead370e4
09e4d36be5d36ce6d36de1d368e2d369
e3d36a0013ee20f60ff6d32ff7d32af8
d330f9d331fad332eed32af0d32bf2d3
2cf4d32df5d32ee90fe9d325ead326eb
d327ecd328edd329e1d320e3d321e5d3
22e6d323e7d32408ef0fefd337f0d338
f4d339f5d33af7d33be2d333ecd334ed
d335eed3360017ef2af514f809f8d352
f9d353fad354f5d34ff6d350f7d351f2
09f2d34cf3d34df4d34eefd349f0d34a
f1d34be814ec09ecd346edd347eed348
e8d343e9d344ead345e509e5d340e6d3
41e7d342e1d33de2d33ee3d33f0011ec
1df50ff5d362f6d363f7d364f8d365fa
d366ecd35ef0d35ff2d360f4d361e60f
e6cffbe7d35ae8d35be9d35cead35de1
d356e2d357e3d358e4d3596ba2586ca2
936da2de6ea4336f0015ef25f514f809
f8d31df9d31efad31ff5d31af6d31bf7
d31cefd315f0d316f1d317f2d318f3d3
19e814eb09ebd312ecd313edd314e8d3
0fe9d310ead311e2d30ae3d30be4d30c
e6d30de7d30e0011f11df50ff5d1c0f6
d1c1f7d1c2f8d1c3fad1c4f1d1bcf2d1
bdf3d1bef4d1bfe60fe6d1b7e7d1b8eb
d1b9ecd1baf0d1bbe1d1b3e2d1b4e4d1
b5e5d1b60015ee25f414f709f7d1d9f8
d1daf9d1dbf4d1d6f5d1d7f6d1d8eed1
d1f0d1d2f1d1d3f2d1d4f3d1d5e714eb
09ebd1ceecd1cfedd1d0e7d1cbe9d1cc
ead1cde1d1c6e2d1c7e3d1c8e4d1c9e6
d1ca0017ed2af414f709f7d1f0f9d1f1
fad1f2f4d1edf5d1eef6d1eff009f0d1
eaf1d1ebf2d1ecedd1e7eed1e8efd1e9
e714ea09ead1e5ebd13becd1e6e7d1e2
e8d1e3e9d1e4e409e4d1dfe5d1e0e6d1
e1e1d1dce2d1dde3d1de0015ee25f314
f709f7d306f8d307f9d308f3d303f4d3
04f6d305eed1feefd1fff0d300f1d301
f2d302e714eb09ebd1fbecd1fcedd1fd
e7d1f8e8d1f9e9d1fae1d1f4e2d1f5e3
d1f6e4d1f7e5b7a266c11e667e679a68
a28869a2c66a0aee14f309f3d1aff5d1
b0f7d1b1eed1acefd1adf0d1aee1d1a7
e7d1a8e9d1a9ead1aaecd1ab04e9d164
eed165efd166f2d167f4d1680015ef25
f514f809f8d17df9d17efad17ff5d17a
f6d17bf7d17cefd175f0d176f1d177f3
d178f4d179e614e909e9d172ead173ee
d174e6d170e7a7d9e8d171e1d16be2d1
6ce3d16de4d16ee5d16f0012f120f60f
f6d18ff7c7c2f8b741f9d190fad191f1
d18af2d18bf3d18cf4d18df5d18ee90f
e9d185ebd186ecd187edd188f0d189e4
d181e5d182e6d183e8d1840015ee25f4
14f709f7d1a4f8d1a5f9d1a6f4d1a1f5
d1a2f6d1a3eed19cefd19df0d19ef1d1
9ff3d1a0e814eb09ebd199ecd19aedd1
9be8d196e9d197ead198e2a947e3d193
e4b5fbe6d194e7d19561a26262a2ad63
a2fd64a443650017ef2af514f809f8d1
61f9d162fad163f5d15ef6d15ff7d160
f209f2d15bf3d15cf4d15defd158f0d1
59f1d15ae714eb09ebd155edd156eed1
57e7d152e8d153e9d154e409e4d14fe5
d150e6d151e1d14ce2d14de3d14e0015
ef25f514f809f8d107f9d108fad109f5
d104f6d105f7d106efcffff0d100f1d1
01f2d102f3d103e614eb09ebcffceccf
fdeecffee6cff9e7cffaeacffbe1cff4
e2cff5e3cff6e4cff7e5cff80016ed2a
f514f809f8d11ef9d11ffad120f5d11b
f6d11cf7d11df009f0d118f3d119f4d1
1aedd115eed116efd117e714ea09ead1
12ebd113ecd114e7d10fe8d110e9d111
e1d10ae3d10be4d10ce5d10de6d10e00
14ed25f314f809f8d133f9d134fad135
f3d130f5d131f7d132edd12beed12cef
d12df0d12ef1d12fe60fe6d126e7d127
e8d128e9d129ebd12ae1d121e2d122e3
d123e4d124e5d1250015ed25f314f609
f6d148f8d149f9d14af3d146f4d147f5
af85edd141eed142efd143f1d144f2d1
45e714ea09ead13eebd13fecd140e7d1
3be8d13ce9d13de1d136e2d137e3d138
e4d139e5d13a001a6fc101775ae72ce7
42ebd3f7f2d568fa012a8a41127261e2
d75b012a2e43127972ecd3eb022ad3ea
4b2a4d10ced3ec10dad3eb776479687a
01ee26f3d75d012a2e41127261e2d75b
022ad57f412a4310ced75c10c6d75b10
e1d75910e1d75a7345733e746a759076
02e5d756e8d757ecd75806eb0cebd74b
f0d74cf3d74df5d74ee1d748e8d749e9
d74a05f009f0d751f2d752f5d753e1d7
4fe5d750e8af8e01edd754f2d7556fa2
4d70a251720014ee25f514f809f8d745
f9d746fad747f5d742f6d743f7d744ee
d73defd73ef0d73ff2d740f4d741e70f
e7d738e8d739e9d73aebd73bedd73ce1
d733e2d734e3d735e5d736e6d73701eb
afe5eed73001e9d731f6d73268c0dc6b
c0c26ba2436ca2666da28e6e0bee25f5
09f5d72df8d72efad72feed729f0d72a
f2012a2e44126576e1d72c012ad72b4e
10d0d72ce909e9d726ebd727edd728e1
d518e5d724e7d7250af014f609f6d500
f7d501f9d502f0d3fdf1d3fef5d3ffe1
d3f8e7d3f9e8d3fae9d3fbebd3fc0beb
14f509f5d50cf7cfb1f9d50debd509ed
d50aeed50be509e5d506e6d507e9d508
e1d503e2d504e3d5050bee14f209f2d5
16f3d517f5addfeed513efd514f0d515
e709e7d511e9cfebedd512e1d50ee2d5
0fe4d510682e69386a10e9d3f601e1d3
f2eed3f301f3d3f4f6d3f5651d654666
4a6704e1d3ede2d3eee5d3efe8d3f0ef
d3f110f3d3e810e9d3e9615c62666407
ea0cead3e4ecd3e5edd3e6f5d3e7e1d3
e0e5d3e1e7d3e2e9d3e301edd3d8f2d3
d905f209f2d3ddf5d3def9d3dfe1d3da
e9d3dbecd3dc70cf6b70b02f71ba6572
bc2e73002b77c11aec25f214f509f5cf
a8f6cfbbf7cfc2f2aec4f3cf7af4cf8f
eccdfdedcf0feecf24efcf39f1a3dae3
36e709e7cd97e9cdc0ebcde4e3cd51e4
26e5cd7b032a3644444b4c5312696ee4
cd6a012acd674910cecd68126576e1cd
6812686feacd69773878a24a79a25f7a
a28ae1ad050012f020f50ff5cfd0f6cf
d1f7cfd2f8cfd3f9cfd4f0cfcbf1cfcc
f2cfcdf3cfcef4cfcfe90fe9cfc6eacf
c7ebcfc8edcfc9efcfcae2cfc3e6cfc4
e7cfc5e8cfc206f20cf2cfd8f3cfd9f5
cfdaf7cfdbe2cfd5e5cfd6eecfd70ced
17f20cf2abfcf3cfe5f7cfe6f8cfe7ed
cfe2eecfe3efcfe4e909e9cfdfebcfe0
eccfe1e1cfdce2cfdde3cfde0aec14f6
09f6cff0f7cff1f9cff2eccfedeecfee
f0cfefe1cfe8e2cfe9e3cfeae4cfebe7
cfec6cc2e071c17974c0c0745275a27a
7605e509e5cfbfedcfc0f3cfc1e1cfbc
e2cfbde3cfbe0016ed3bf325f609f6cf
a5f7cfa6f9cfa7f3cfa1f4cfa2f5012a
2e5412616ce5cfa4012acfa34310cecf
a4f009f0cf9ef1cf9ff2cfa0edcf9bee
cf9cefcf9de714ea09eacf98ebcf99ec
cf9ae7cf95e8cf96e9cf97e1cf90e2cf
91e4cf92e5cf93e6cf940012ed20f40f
f4cfb6f6cfb7f7cfb8f9cfb9facfbaed
cfb1efcfb2f1cfb3f2cfb4f3cfb5e70f
e7cfade9cfaeeacfafebcfb0eccd9be1
cfa9e2cfaae3cfabe5cfac71a24872a2
5d730013ee20f50ff5cf8af6cf8bf8cf
8cf9cf8dfacf8eeecf85efcf86f1cf87
f3cf88f4cf89e70fe7cf80e8cf81eacf
82eccf83edcf84e2cf7be3cf7ce4cf7d
e5cf7ee6cf7f06ef0cefcf61f1cf62f4
cf63f5cf64e1cf5fe8cf60edadde0016
ee2af514f809f8b500f9cf78facf79f5
cf75f6cf76f7cf77f209f2cf72f3cf73
f4cf74eecf6fefcf70f1cf71e714eb09
ebcf6ceccf6dedcf6ee7cf69e8cf6ae9
cf6be1cf65e2cf66e3cd51e5cf67e6cf
686ca2486da2836ea2c96fa414700011
ee1df20ff2cf5bf3cf5cf4cf5df6cf5e
f9b9aaeecf57efcf58f0cf59f1cf5ae7
0fe7cf52e9cf53ebcf54eccf55edcf56
e2cf4ee3cf4fe4cf50e5cf510011ee1d
f50ff5cf0af7cf0bf8cf0cf9cf0dfacf
0eeecf07efcde4f0cf08f2cf09e80fe8
cf02e9cf03eacf04eccf05edcf06e3cd
fee4cdffe5cf00e7cf010014ee25f414
f809f8cf21f9cf22facf23f4cf1ef5cf
1ff7cf20eecf19f0cf1af1cf1bf2cf1c
f3cf1de70fe7cf14e8cf15eacf16ebcf
17eccf18e1cf10e2cf11e3cf12e4b9b9
e6cf130015ef25f514f809f8cf37f9cf
38faa573f5cf34f6cf35f7cf36efcf2f
f0cf30f1cf31f2cf32f3cf33e914ec09
eccf2cedcf2deecf2ee9cf29eacf2aeb
cf2be2a903e3cf25e5cf26e6cf27e7cf
280013f020f60ff6cf49f7cf4af8cf4b
f9cf4cfacf4df0cf44f1cf45f2cf46f3
cf47f5cf48e70fe7cf3fe9cf40ebcf41
eccf42efcf43e1cf3ae2cf3be3cf3ce4
cf3de5cf3e66c18869c0de69a25f6aa2
aa6b0018ee2df417f70cf7cdf9f8cdfa
f9cdfbfacdfcf4cdf6f5cdf7f6cdf8f1
09f1cdf3f2cdf4f3cdf5eecdf0efcdf1
f0cdf2e714ea09eacdeeebb741edcdef
e7cdebe8cdece9cdede409e4cde8e5cd
e9e6cdeae1cde5e2cde6e3cde70015ed
25f514f809f8cdd4f9cdd5facdd6f5cd
d1f6cdd2f7cdd3edcdccf0cdcdf1cdce
f2cdcff3cdd0e714ea09eacdc9ebcdca
eccdcbe7cdc6e8cdc7e9cdc8e1cdc1e2
cdc2e4cdc3e5cdc4e6cdc50cec17f20c
f2cde0f4cde1f5cde2f7cde3eccddded
cddef0cddfe409e4cddae5cddbe7cddc
e1cdd7e2cdd8e3cdd966a25c67a26368
0017ee2af414f709f7cdbdf9cdbefacd
bff4cdbaf5cdbbf6cdbcf109f1cdb7f2
cdb8f3cdb9eecdb4efcdb5f0cdb6e814
eb09ebcdb2ecc1efedcdb3e8cdafe9cd
b0eacdb1e409e4cdace5cdade7cdaee1
cda9e2cdaae3cdab02e5cd94edcd95f7
cd960011ed1df40ff4cda4f5cda5f7cd
a6f9cda7facda8edcda0f0cda1f2cda2
f3cda3e50fe5cd9ce8cd9de9cd9eeacd
9fecb5f2e1cd98e2cd99e3cd9ae4cd9b
61a26262a2ad63a40564a458650017ee
2af414f709f7cd91f9cd92facd93f4cd
8ef5cd8ff6cd90f109f1cd8bf2cd8cf3
cd8deecd88efcd89f0cd8ae714ea09ea
cd85ebcd86eccd87e7cd82e8cd83e9cd
84e409e4cd7fe5cd80e6cd81e1cd7ce2
cd7de3cd7e0015f025f514f809f8cd35
f9cd36facd37f5cd32f6cd33f7cd34f0
a554f1cd2ef2cd2ff3cd30f4cd31e614
eb09ebcd2bedcd2cefcd2de6cd28e8cd
29eacd2ae1cd23e2cd24e3cd25e4cd26
e5cd270018ee2df417f70cf7cd4df8cd
4ef9cd4ffacd50f4cd4af5cd4bf6cd4c
f109f1cd47f2cd48f3cd49eecd44efcd
45f0cd46e814eb09ebcd41eccd42edcd
43e8cd3ee9cd3feacd40e409e4cd3be5
cd3ce7cd3de1cd38e2cd39e3cd3a0012
ee20f40ff4cd62f5cd63f6cd64f7cd65
f8cd66eecd5eefcd5ff0cd60f2b53ff3
cd61e70fe7cd59e8cd5ae9cd5bebcd5c
eccd5de2cd52e32ce5cd57e6cd582203
2acd534d2e52325410d2cd5610c5cd54
10cfcd550feb1af20cf2cd77f3cd78f5
cd79f8cd7aebcd73eecd74efcd75f1cd
76e60ce6cd6fe7cd70e8cd71eacd72e1
cd6be2cd6ce3cd6de5cd6e001d70c1c8
788ee94fe932ecc9b7f3c94ff4cb2f04
2a3a447a4d82538a54126861e9c99605
4c114c2e4d325410c8c99610cbc99510
cdc9932ac992422a4910cec99410d5c9
93126576e1c99412796df2c99312696e
e8c995785079547a7ae1012a2e411272
61e2c928012ac9275010cbc92810edcb
5705f509f5cb5bf8cb5cf9cb5de5cb58
edcb59eecb5a02e5cb5ee8cb5feecb60
73bc736a74a24d75a2707708ed0fedcb
52eecb53efcb54f2cb55f7cb56e1cb4e
e2cb4fe7cb50e9cb510bf114f509f5cb
2cf7cb2df9cb2ef1cb29f3cb2af4cb2b
e909e9cb26edcb27eecb28e1cb23e5cb
24e8cb250af014f509f5cb38f6cb39f7
cb3af0cb35f2cb36f4cb37e1cb30e8cb
31e9cb32eecb33efcb340013ef20f50f
f5cb4af7cb4bf8cb4cf9cb4dfacb3cef
cb45f0cb46f1cb47f2cb48f4cb49e60f
e6cb40e7cb41e9cb42eacb43edcb44e1
cb3be2cb3ce3cb3de4cb3ee5cb3f70a2
4271a26d720011ef1df40ff4cb1ff5cb
20f7cb21f8cb22f9cb1fefcb1cf0b384
f1cb1df2cb1ee70fe7cb17e8cb18e9cb
19ebcb1aedcb1be3cb13e4cb14e5cb15
e6cb160cee17f10cf1cb0ef2bd40f3cb
0ff4cb10eecb0befcb0cf0cb0deb09eb
cb08eccb09edcb0ae1a785e5cb06e9cb
0701e1cb11edcb1268c2066cc1576ca2
426da27d6ea2cd6f0010ee1df30ff3cb
01f4cb02f6cb03f7cb04f9cb05eec9fd
efc9fef0c9fff1cb00e80ce8c9f9e9c9
faebc9fbedc9fce3c9f5e5c9f6e6c9f7
e7c9f80011ee1df40ff4bfe6f5b92bf6
c9c5f7c9c6fac9c7eec9c1efc9c2f2c9
c3f3c9c4e50fe5c9bce7c9bde8c9beeb
c9bfecc9c0e1c9b8e2c9b9e3c9bae4c9
bb0016ed2af414f809f8c9d9f9c9dafa
c9dbf4c9d7f5c98df7c9d8f109f1c9d4
f2c9d5f3c9d6edc9d1eec9d2efc9d3e6
14ea09eac9cfebad55ecc9d0e6c9cce8
c9cde9c9cee1c9c8e2c9c9e3b568e4c9
cae5c9cb0017ee53f43df809f8c9f2f9
c9f3fac9f4f42cf6c9f0f7c9f1022a32
435e4c126174eec9ef042ac9ed313252
3853345410d2c9ef1137b2c9ee10d5c9
ee127972ecc9eef109f1c9eaf2c9ebf3
c9eceec9e7efc9e8f0c9e9e814eb09eb
c9e4ecc9e5edc9e6e8c9e1e9c9e2eac9
e3e409e4c9dee5c9dfe7c9e0e1c9dce2
bd17e3c9dd686a69a2506aa2a06b08ee
0feec9b2efc9b3f0c9b4f2c9b5f5c9b6
e1c9aee2c9afe7c9b0e8c9b10cee17f4
0cf4c98ef5c98ff6c990f7c991eec98b
efc98cf2c98deb09ebc988ecc989edc9
8ae4c985e7c986e8c9870016ee2af514
f809f8c9aaf9c9abfac9acf5c9a7f6c9
a8f7c9a9f209f2c9a4f3c9a5f4c9a6ee
c9a1efc9a2f0c9a3e614ea09eaad37ec
c99fedc9a0e6c99ce7c99de8c99ee1c9
97e2c998e3c999e4c99ae5c99b10f4c9
ad64896468658e66a2786708eb0febc9
80ecc981eec982f3c983f5c984e1c97c
e4c97de7c97ee9c97f05ef09efc964f4
c965f5c966e1c961e3c962eec9630013
ed20f30ff3b130f6c975f8c976f9c977
fac978edc971efc972f0c973f1c974f2
b130e70fe7c96ce9c96deac96eebc96f
ecc970e1c967e2c968e4c969e5c96ae6
c96b02e1c979e5c97aecc97b619662a2
95630fe91aee0ceec95ef0c95ff2a35b
f7c960e9c95aeac95bebc95cedc95de5
0ce5c956e6c957e7c958e8c959e1c952
e2c953e3c954e4c9550016ef2af514f8
09f8c93df9c93efac93ff5c93af6c93b
f7c93cf209f2c938f3c939f4bbd8efc9
35f0c936f1c937e71eeb13ebc931ec26
edc934012ac9325012686cf0c933e7c9
2ee8c92fe9c930e2c929e3c92ae4c92b
e5c92ce6c92d0011ee1df30ff3c94df4
c94ef5c94ff6c950f9c951eec949efc9
4af0c94bf2c94ce70fe7c944e8c945e9
c946ecc947edc948e2c940e3c941e5c9
42e6c943057839782a797cf5cb610bf0
14f409f4cb92f5cb93f7cb94f0cb8ff1
cb90f2cb91ec09eccb8ceecb8defcb8e
e1cb89e3cb8ae8cb8b01e1cb95f0cb96
755276a25a7705ed09edcb86f3cb87f4
cb88e1cb83e3cb84e8cb850013ee20f6
0ff6cb71f7cb72f8cb73f9cb74facb61
eecb6cf0cb6df1cb6ef2cb6ff3cb70e7
0fe7cb67e9cb68ebcb69eccb6aedcb6b
e1cb62e2cb63e3cb64e4cb65e6cb660d
ed17f00cf0cb7ff3cb80f7cb81facb82
edcb7ceecb7defcb7ee80ce8cb78e9cb
79eacb7aeccb7be1cb75e3cb76e5cb77
001970a27820ee0ceecbeaefc1a0f5cd
0af7cd19782a7934edcbd401e4cd20f7
cd2110f5cd22745b745075667705ed09
edcd1defcd1ef2cd1fe1cd1aebcd1bec
cd1c03e3cd06e8cd07edcd08f7cd090e
ed1af40cf4cd15f5cd16f9cd17facd18
edc1a0efcd12f0cd13f1cd14e60ce6cd
0ee7cd0fe9cd10ebcd11e2cd0be3cd0c
e5cd0d703a72447302e2cd03ebcd04f7
cd0501eecbfdf4cbfe03e9cbffedcd00
efcd01f4cd0268c0ea6bb76b8a6da24a
6ea29a6f0cec17f00cf0cbf9f2cbfaf5
cbfbf7cbfceccbf7edcbe8efcbf8e509
e5cbf4e6cbf5e7cbf6e2cbf1e3cbf2e4
cbf306e90ce9ab8fedcbd1f4cbd2f7cb
d3e1cbcee2cbcfe8cbd00016ed2af414
f809f8bdd2f9cbe8facbe9f4cbe5f5cb
e6f7cbe7f009f0cbe3f1cbe4f2aff2ed
cbe0eecbe1efcbe2e614e909e9cbddeb
cbdeeccbdfe6cbdae7cbdbe8cbdce1cb
d5e2cbd6e3cbd7e4cbd8e5cbd905ee09
eecbeef2cbeff7cbf0e4cbebe7cbecec
cbed683a69446a02e7cbcbe9cbccf3cb
cd01e7cbc1f0cbc207ee0ceecbc7f2cb
c8f4cbc9f5cbcae1cbc3e6cbc4eccbc5
edcbc664446446654a6704e1cbbceecb
bdf2cbbef3cbbff5cbc010e2cbaf0bec
14f309f3cbb9f4cbbaf9cbbbeccbb6ed
cbb7eecbb8e709e7cbb3e9cbb4eacbb5
e1cbb0e2cbb1e5cbb2613062a2496310
e6cbae0013ed20f60ff6cba5f7cba6f8
cba7f9cba8facba9edcba0eecba1efcb
a2f0cba3f2cba4e70fe7cb9ce8cb9de9
cb9eeac33debcb9fe1cb97e2cb98e3cb
99e4cb9ae6cb9b03e2cbaaebcbabeccb
acf0cbad6da66e6eb8a16f001b70c0f8
7926ea0ceac7acedb1a0f2c7f1f3c900
792a7a40e3c79603e2b741e4c923edc9
24f9c92510edc9267462743c75a24976
a2567701e9c921ecc9220011f11df50f
f5c917f7c918f8c919f9c91afac91bf1
c913f2c914f3c915f4c916e90fe9c90e
ebc90fecc910edc911eec912e1c90ae2
c90be4c90ce5c90d04e2c91ce5c91de9
c91eedc91feeb1ea10e4c92070627288
7308ef0fefc905f0c906f4c907f5c908
f8c909e1c901e3c902e4c903e9c90405
ef09efc7eef4c7eff9c7f0e1b580ebc7
ecedc7ed0ef31af70cf7c7fdf8c7fef9
c7f1fac7fff3c7f9f4c7faf5c7fbf6c7
fce70ce7c7f5eec7f6efc7f7f2c7f8e1
c7f2e3c7f3e5c7f469c0f66c986c406d
7e6ea2606f02e4c7e9eec7eaf2c7eb09
ed0fedc7c7efc7c8f2c7c9f4c7caf5c7
cbe1c7c2e2c7c3e4c7c4e5c7c5ebc7c6
0eef1af50cf5c7d7f7c7d8f8c7d9f9c7
daefc7d3f0c7d4f2c7d5f4c7d6e70ce7
c7cfe9c7d0ebc7d1ecc7d2e1c7cce2c7
cde3c7ce0def17f30cf3c7e5f4c7e6f5
c7e7f8c7e8efc7e2f0c7e3f2c7e4e90c
e9c7deeac7dfebc7e0eec7e1e1c7dbe5
c7dce7c7dd69966aa2426b0fed1af50c
f5c7bef6c7bff8c7c0fac7c1edc7baef
c7bbf2c7bcf3c7bde50ce5c7b6e7c7b7
e9c7b8ebc7b9e1c7b2e2c7b3e3c7b4e4
c7b502e1c7a9e5c7aaeec7ab05f309f3
c7aff6c7b0f7c7b1e2c7ade3c7aee7c7
ac64356438664e675e6801f4c7a7f5c7
a803e1c79bebc79cf4c79df5c79e02ef
c79ff3c7a0f5c7a104e2c7a2e3c7a3e7
c7a4efc7a5f5c7a66140625c6303e1c7
97e8c798efc799f5c79a04e1c789e3c7
8aebc78bf2c78cf6c78d07ef0cefc792
f2c793f4c794f5c795e9c78eebc78fec
c790edc791002473c2d9e82aef0fefc1
a0f2c1e9f3b223f4c317f9a9e4e8c100
e9bf60ebbf57ecc15cee012ad834c94d
126f6ee7af6c77c156773878a26179a2
bc7aa402e7bfe60017ed2af314f609f6
c36ff7c370fac371f3c36cf4c36df5c3
6ef009f0c36af1c36bf2adfaedc367ee
c368efc369e714ea09eab1eaebc365ec
c366e7c362e8c363e9c364e409e4af44
e5c360e6c361e1c35de2c35ee3c35f00
19ee2df417f70cf7c388f8c389f9c38a
fac38bf4c385f5c386f6c387f109f1c3
82f2c383f3c384eec37fefc380f0c381
e717ea0ceac37bebc37cecc37dedc37e
e7c378e8c379e9c37ae409e4c375e5c3
76e6c377e1c372e2c373e3c3740014ed
25f514f809f8c39cf9c39dfac39ef5c3
99f6c39af7c39bedc395efc396f0c397
f2c398f4c1ffe70fe7c390e8c391eac3
92ebc393ecc394e2c38ce3c38de4a529
e5c38ee6c38f0014ee25f414f709f7c3
b1f8c3b2fac3b3f4c3aef5c3aff6c3b0
eec3a9efc3aaf0c3abf1c3acf2c3ade9
0fe9c3a4eac3a5ebc3a6ecc3a7edc3a8
e1c39fe2c3a0e4c3a1e5c3a2e8c3a373
a25574a2a575a2fd760015f025f514f8
09f8c35af9c35bfac35cf5c357f6c358
f7c359f0c352f1c353f2c354f3c355f4
c356e714ec09ecc34feec350efc351e7
c34ce8c34debc34ee1c347e2c348e4c3
49e5c34ae6c34b0016ee2af514f809f8
c314f9c315fac316f5c311f6c312f7c3
13f109f1c30ff3c310f4c1ffeec30cef
c30df0c30ee814eb09ebc309ecc30aed
c30be8c306e9c307eac308e2c301e3c3
02e5c303e6c304e7c3050018ed2df317
f60cf6c32df7c32ef8c32ff9c330f3c3
2af4c32bf5c32cf009f0c327f1c328f2
c329edc324eec325efc326e714ea09ea
c321ebc322ecc323e7c31ee8c31fe9c3
20e409e4c31be5c31ce6c31de1c318e2
c319e3c31a0015ef25f414f809f8c344
f9c345fac346f4c341f5c342f6c343ef
c33cf0c33df1c33ef2c33ff3c340e714
ea09eac339ebc33aedc33be7c336e8c3
37e9c338e1c331e2c332e3c333e4c334
e5c3356ac3096ec1c96ea2626fa2ba70
a40a71a462720017ef2af514f809f8c1
fef9c1fffac300f5c1fbf6c1fcf7c1fd
f209f2c1f8f3c1f9f4c1faefc1f5f0c1
f6f1c1f7e814ec09ecc1f2edc1f3eec1
f4e8c1efeac1f0ebc1f1e409e4bff6e6
c1ede7c1eee1c1eae2c1ebe3c1ec0018
ed2df417f70cf7c19cf8c19df9c19efa
c19ff4c199f5c19af6c19bf109f1c196
f2c197f3c198edc193eec194f0c195e7
14ea09eac190ebc191ecc192e7c18de8
c18ee9c18fe409e4c18ae5c18be6c18c
e1c187e2c188e3c1890016ef2af514f8
09f8c1b4f9c1b5fac1b6f5c1b1f6c1b2
f7c1b3f209f2c1aef3c1aff4c1b0efc1
abf0c1acf1c1ade714ea09eac1a9ebc1
aaedabe7e7c1a6e8c1a7e9c1a8e1c1a1
e3c1a2e4c1a3e5c1a4e6c1a50018ee2d
f417f70cf7c1ccf8c1cdf9c1cefac1cf
f4c1c9f5c1caf6c1cbf109f1c1c6f2c1
c7f3c1c8eec1c3efc1c4f0c1c5e814eb
09ebc1c0ecc1c1edc1c2e8c1bde9c1be
eac1bfe409e4c1bae5c1bbe7c1bce1c1
b7e2c1b8e3c1b90018ee2df417f70cf7
c1e5f8c1e6f9c1e7fac1e8f4c1e2f5c1
e3f6c1e4f109f1c1dff2c1e0f3c1e1ee
c1dcefc1ddf0c1dee814eb09ebc1d9ec
c1daedc1dbe8c1d6e9c1d7eac1d8e509
e5c1d3e6c1d4e7c1d5e1c1d0e2c1d1e3
c1d26aa2556ba2a06ca2f06d0015ef25
f514f809f8c184f9c185fac186f5c181
f6c182f7c183efc17cf0c17df1c17ef2
c17ff4c180e614e909e9c179edc17aee
c17be6c176e7c177e8c178e1c171e2c1
72e3c173e4c174e5c1750015ee25f514
f809f8c142f9c143fac144f5c13ff6c1
40f7c141eec13af1c13bf2c13cf3c13d
f4c13ee814eb09ebc137ecc138edc139
e8c134e9c135eac136e2c12fe3c130e4
c131e5c132e7c1330016ef2af514f809
f8c159f9c15afac15bf5c156f6c157f7
c158f209f2c153f3c154f4c155efc150
f0c151f1c152e914ec09ecc14dedc14e
eec14fe9c14aeac14bebc14ce1c145e2
c146e3c147e5c148e6c1490013ee20f5
0ff5c16cf6c16df7c16ef8c16ffac170
eec167efc168f0c169f2c16af3c16be8
0fe8c162e9c163eac164ebc165ecc166
e1c15de2c15ee3c15fe5c160e6c16165
c1d665a26266a2c467a41c68a4776900
17ed2af414f809f8c12cf9c12dfac12e
f4c129f5c12af7c12bf009f0c126f1c1
27f2c128edc123eec124efc125e714ea
09eac120ebc121ecc122e7c11de8c11e
e9c11fe409e4c11ae5c11be6c11ce1c1
17e2c118e3c1190016ee3cf426f71bf7
bfc9f926fabfcc012a2e4c126174eebf
cb012abfca5310cebfcbf4bfc6f5bfc7
f6bfc8f109f1bfc3f2bfc4f3bfc5eebf
c0efbfc1f0bfc2e714eb09ebbfbdecbf
beedbfbfe7abdbe8bfbbeabfbce1bfb6
e2bfb7e3bfb8e4bfb9e5bfba0018ed2d
f417f70cf7bfe2f8bfe3f9bfe4fabfe5
f4bfdff5bfe0f6bfe1f009f0bfdcf1bf
ddf2bfdeedbfd9eebfdaefbfdbe714ea
09eabfd6ebbfd7ecbfd8e7bfd3e8bfd4
e9bfd5e409e4bfd0e5bfd1e6bfd2e1bf
cde2bfcee3bfcf0019ee2df417f70cf7
bffdf8b733f9bffefabffff4bffaf5bf
fbf6bffcf109f1bff7f2bff8f3bff9ee
bff4efbff5f0bff6e717ea0ceabff0eb
bff1ecbff2edbff3e7bfede8bfeee9bf
efe409e4bfeae5bfebe6bfece1bfe7e2
bfe8e3bfe90016ee2af414f809f8c114
f9c115fac116f4c111f5c112f7c113f1
09f1c10ff2abc7f3c110eec10cefc10d
f0c10ee714eb09ebc109ecc10aedc10b
e7c106e9c107eac108e2c101e3c102e4
c103e5c104e6c10561a25f62a2b463a4
0c640017ee2af514f809f8bfb3f9bfb4
fabfb5f5bfb0f6bfb1f7bfb2f209f2bf
adf3bfaef4bfafeebfaaf0bfabf1bfac
e714ea09eabfa7ebbfa8edbfa9e7bfa4
e8bfa5e9bfa6e409e4bfa1e5bfa2e6bf
a3e1bf9ee2bf9fe3bfa00015ee2ff51d
f812f8bf67f926fabf6a22012abf6843
10c3bf69f5bf64f6bf65f7bf66eed825
aeefbf60f1bf61f3bf62f4bf63e614ea
09eabf5debbf5eedbf5fe6bf5ae7bf5b
e9bf5ce1bf55e2bf56e3bf57e4bf58e5
bf590018ee2df417f70cf7bf80f8bf81
f9bf82fabf83f4bf7df5bf7ef6bf7ff1
09f1bf7af2bf7bf3bf7ceebf77efbf78
f0bf79e814eb09ebbf74ecbf75edbf76
e8bf71e9bf72eabf73e409e4bf6ee5bf
6fe6bf70e1bf6be2bf6ce3bf6d0019ee
2df417f70cf7bf9af8bf9bf9bf9cfabf
9df4bf97f5bf98f6bf99f109f1bf94f2
bf95f3bf96eebf91efbf92f0bf93e717
ea0ceabf8debbf8eecbf8fedbf90e7bf
8ae8bf8be9bf8ce409e4bf87e5bf88e6
bf89e1bf84e2bf85e3bf86002473c1ef
e220ee0feec5c4efc5dcf2c704f6c74c
f9c767e2c3cde4c3f7e5c510e7c52cec
af9e77c0df7736788879a25f7aa2b4e1
c3b40bed14f709f7c758f8c759f9c75a
edc755efc756f2c757e509e5c752e7c7
53e9c754e1c74fe2c750e3c7510cec17
f10cf1c764f2c765f5a96af8c766ecc7
61eec762efc763e709e7c75ee9c75feb
c760e1c75be4c75ce5c75d0017ee2af4
14f709f7c77cf8c77df9c77ef4c779f5
c77af6c77bf109f1c776f2c777f3c778
eec773efc774f0c775e814eb09ebc770
ecc771edc772e8c76de9c76eeac76fe5
09e5c76ae6c76be7c76ce2c768e3b383
e4c76909ed0fedc784f2c785f5c786f9
c787fac788e1c77fe2c780e4c781e9c7
82ebc783734274a25775a28b7602e8c7
4dedc74eefa70f0014ee25f514f809f8
c724f9c725fac726f5c721f6c722f7c7
23eec71cefc71df1c71ef3c71ff4c720
e60fe6c717e7c718e8c719ebc71aedc7
1be1c712e2c713e3c714e4c715e5c716
0ff01af70cf7c731f8c732f9c733fac7
34f0c72ef2c72ff3ad37f5c730ea0cea
c72aebc72bedc72cefc72de4c727e5af
dbe7c728e9c7290017ef2af514f809f8
c749f9c74afac74bf5c746f6c747f7c7
48f209f2c743f3c744f4c745efc740f0
c741f1c742e814eb09ebc73eedc73fee
a5ebe8c73be9c73ceac73de509e5c738
e6c739e7c73ae1c735e3c736e4c7376a
c2646ec12d6e9c6fa29670a2e171a404
720eec1af40cf4c70ff5c3d3f8c710fa
c711ecc70bedc70ceec70df0c70ee60c
e6c708e7c709e9c70aebc5a4e1c705e2
c706e5c7070018ed2df417f70cf7c5d9
f8c53ff9c5dafac5dbf4c5d6f5c5d7f6
c5d8f109f1c5d4f2c5d5f3c3ddedc5d1
eec5d2f0c5d3e714ea09eac5ceebc5cf
ecc5d0e7c5cbe8c5cce9c5cde409e4c5
c8e5c5c9e6c5cae1c5c5e2c5c6e3c5c7
0015ed25f314f609f6c5eef7c5eff9c5
f0f3c5ebf4c5ecf5c5ededab7eeec5e8
efaf7ff0c5e9f1c5eae714ea09eac5e5
ebc5e6ecc5e7e7c5e2e8c5e3e9c5e4e1
c5dde3c5dee4c5dfe5c5e0e6c5e10aee
14f509f5c5f8f8c5f9f9c5faeec5f5ef
c5f6f3c5f7e2c5f1e7c5f2e8c5f3e9c5
10ecc5f408ee0feec5ffefc700f1c701
f4c702f9c703e7c5fbebc5fcecc5fded
c5fe6aa2626ba29a6ca2ea6d0018ed2d
f317f60cf6c5c0f7c5c1f8c5c2fac5c3
f3c5bdf4c5bef5c5bff009f0c5baf1c5
bbf2c5bcedc5b7eec5b8efc5b9e714ea
09eac5b4ebc5b5ecc5b6e7c5b1e8c5b2
e9c5b3e409e4c5aee5c5afe6c5b0e1c5
abe2c5ace3c5ad0010ee1df40ff4c57e
f5c57ff8c580f9c581faadadeec57aef
c57bf2c57cf3c57de90ce9c576eac577
ecc578edc579e1c572e2c573e4c574e8
c5750016ed2af414f709f7c596f8c597
fac598f4c593f5c594f6c595f109f1c5
90f2c591f3c592edc58deec58eefc58f
e614e909e9c58aeac58bebc58ce6c587
e7c588e8c589e1c582e2c583e3c584e4
c585e5c5860012ee20f60ff6c5a6f7c5
a7f8c5a8f9c5a9fac5aaeea5f2efc5a2
f1c5a3f2c5a4f5c5a5e90fe9c59deac5
9eebc59fecc5a0edc5a1e1c599e3c59a
e5c59be7c59c65c16965a26266a2ad67
a2ba68a40f690017ee2af514f809f8c5
6ff9c570fac571f5c56cf6c56df7c56e
f209f2c569f3c56af4c56beec566efc5
67f1c568e814eb09ebc563ecc564edc5
65e8c560e9c561eac562e509e5c55de6
c55ee7c55fe1c55ae2c55be4c55c0015
ee25f514f809f8c524f9c525fac526f5
c521f6c522f7c523eec51cefc51df1c5
1ef2c51ff4c520e714ea09eac519ebc5
1aedc51be7c516e8c517e9c518e1c511
e2c512e3c513e4c514e5c51504e1c527
e4c528ecc529f2c52af5c52b0017ee2a
f514f809f8c541f9c542fac543f5c53e
f6c53ff7c540f209f2c53cf3c53df4bd
c1eec539f0c53af1c53be814eb09ebc5
36ecc537edc538e8c533e9c534eac535
e409e4c530e5c531e7c532e1c52de2c5
2ee3c52f0015ef25f514f809f8c557f9
c558fac559f5c554f6c555f7c556efc5
4ff0c550f1c551f2c552f4c553e614eb
09ebc54cedc54deec54ee6c549e7c54a
e9c54be1c544e2c545e3c546e4c547e5
c54861a25f62a2c263a40d640017ee2a
f514f809f8c50df9c50efac50ff5c50a
f6c50bf7c50cf209f2c507f3c508f4c5
09eec504f0c505f1c506e814eb09ebc5
01ecc502edc503e8c3fee9c3ffeac500
e409e4c3fbe6c3fce7c3fde1c3f8e2c3
f9e3c3fa0015ee3df314f809f8c3caf9
c3cbfac3ccf3c3c7f4c3c8f7c3c9ee38
efc3c3f0c3c4f1c3c5f2c3c6012a2e48
12616ef4c3c2022ac3c04d2a5410d7c3
c210cfc3c1e614eb09ebc3bdecc3beed
c3bfe6c3bae7c3bbeac3bce1c3b5e2c3
b6e3c3b7e4c3b8e5c3b90015ee25f414
f709f7c3e1f8b325f9c3e2f4c3def5c3
dff6c3e0eec3d9efc3daf0c3dbf1c3dc
f2c3dde614ea09eac3d6ebc3d7edc3d8
e6c3d3e8c3d4e9c3d5e1c3cee2c3cfe3
c3d0e4c3d1e5c3d20015ec25f114f509
f5c3f4f8c3f5fac3f6f1b924f2c3f2f4
c3f3ecc3eeedc3efeec3f0efc3f1f0b7
f1e614e909e9c3ebeac3ecebc3ede6c3
e8e7c3e9e8c3eae1c3e3e2c3e4e3c3e5
e4c3e6e5c3e766dc5769d34569aaea6a
b0716bb4616c002272c146e11dee0fee
bdddefbdecf4bf1ef5bf27f6bf3ee1bd
10e2bd25e7bd6ce9bd847667766e7794
78a25579a2567a03e8bf50ecbf51eebf
52fa012a2e4712656ff2bf54012abf53
4710c5bf5405ec09ecbf42f3bf3ef5bf
43e1bf3fe9bf40ebbf4108ec0fecbf48
edbf49efbf4af4bf4bf7bf4ce1bf44e5
bf45e7bf46e8bf4710edbf4d01e1bf4e
eebf4f72a25a73a28574a29a750016ee
2af414f709f7bf3cf9ab24fabf3df4bf
39f5bf3af6bf3bf109f1bf36f2bf37f3
bf38eebf33efbf34f0bf35e814eb09eb
bf30ecbf31edbf32e8bf2de9bf2eeabf
2fe1bf28e3bf29e4bf2ae5bf2be6bf2c
0cec17ef0cefbf13f4bf14f6bf15fabf
16ecbf10edbf11eebf12e709e7bf0de9
bf0eebbf0fe1bf0ae3bf0be5bf0c06e9
0ce9bf1aedbf1bf2bf1cf3bf1de1bf17
e4bf18e5bf1907ee0ceebf23efbf24f3
bf25f5bf26e3bf1fe7bf20e8bf21e9bf
2269c1ed6dc0f76d3c6ea25e6fa28c70
a2dc7110f2bf090016ec2af214f709f7
bddaf8bddbf9bddcf2bdd7f5bdd8f6bd
d9ef09efbdd4f0bdd5f1bdd6ecbdd1ed
bdd2eebdd3e614e909e9bdceeabdcfeb
bdd0e6bdcbe7bdcce8bdcde1bdc6e2bd
c7e3bdc8e4bdc9e5bdca0dec17f30cf3
bde8f5bde9f7bdeafabdebecbde5edbd
e6eebde7e70ce7bde1e8bde2e9bde3ea
bde4e1bddee2bddfe4bde00016ee2af4
14f809f8bf01f9bf02fabf03f4bdfef5
bdfff7bf00f109f1bdfbf2bdfcf3bdfd
eebdf8efbdf9f0bdfae814eb09ebbdf5
ecbdf6edbdf7e8bdf2e9bdf3eabdf4e1
bdede2bdeee3bdefe5bdf0e7bdf104e1
bf04e5bf05eebf06efbf07f8bf0869a2
456aa29a6ba2af6c0011eb1def0fefbd
c1f0bdc2f1bdc3f5bdc4f8bdc5ebbdbd
ecbdbeedbdbfeebdc0e50fe5bdb8e6bd
b9e7bdbae9bdbbeabdbce1bdb4e2bdb5
e3bdb6e4bdb70015ef25f514f809f8bd
99f9bd9afabd9bf5bd96f6bd97f7bd98
efbd91f0bd92f1bd93f2bd94f3bd95e6
1eea09eabd8eebbd8fecbd90e62ce7bd
8ce8bd8d012abd8a4c12696de2bd8be1
bd85e2bd86e3bd87e4bd88e5bd8906ec
0cecbd9ff0bda0f7bda1f8bda2e1bd9c
e5bd9de9bd9e0010ec1df20ff2bdaff3
bdb0f4bdb1f5bdb2f9bdb3ecbdabedbd
aceebdadefbdaee50ce5bda7e8bda8e9
bda9eabdaae1bda3e2bda4e3bda5e4bd
a665c0c0656466a27d67a2846807ee0c
eebd80f3bd81f4bd82f5bd83e1bd7ce8
bd7de9bd7eedbd7f0019ee2df417f70c
f7bd65f8bd66f9bd67fabd68f4bd62f5
bd63f6bd64f109f1bd5ff2bd60f3bd61
eebd5cefbd5df0bd5ee717ea0ceabd58
ebbd59ecbd5aedbd5be7affce8bd56e9
bd57e409e4bd53e5bd54e6bd55e1bd50
e2bd51e3bd5202e1bd69e2bd6aeebd6b
0eed1af20cf2bd78f4bd79f5bd7afabd
7bedbd74eebd75efbd76f1bd77e80ce8
bd70e9bd71ebbd72ecbd73e1bd6de2bd
6ee7bd6f619062a27e63a2bc640deb17
ee0ceebd4cefbd4df0bd4ef1bd4febbd
49ecbd4aedbd4be70ce7bd45e8bd46e9
bd47eabd48e1bd42e2bd43e4bd440014
ec25f214f709f7bd22f8bd23fabd24f2
bd1ff3bd20f5bd21ecbd1aedbd1beebd
1cf0bd1df1bd1ee70fe7bd16e8bd17e9
bd18eabd19ebbb5fe1bd11e2bd12e3bd
13e4bd14e5bd150012ef20f60ff6bd33
f7bd34f8bd35f9bd36fabd37efbd2ef1
bd2ff2bd30f4bd31f5bd32ea0feabd2a
eba932ecbd2bedbd2ceebd2de2bd26e5
bd27e6bd28e9bd2909ec0fecbd3dedbd
3ef0bd3ff1bd40f3bd41e3bd38e4bd39
e5bd3ae6bd3be8bd3c002474a9e520ef
0fefb5ddf3b588f4b5f9f5b5b4f7b70d
e5b596e7b59fe9b5adebb116eeb5d378
2d7834793e7a4ee1b577e4b58b01e3b7
12ecb71302e1b714efb715f8b71604e8
b717e9b12eedb718f2b719fab71a7448
75a24876a2497703ebb70eedb70fefb7
10f3b7110ff21af70cf7b706f8b707f9
b708fab709f2b702f3b703f4b704f6b7
05eb0cebb5feecb5ffedb700efb701e2
b5fae4b5fbe5b5fce9b5fd10edb70a01
e2b70bf6b70c6bc1056f686f86709671
a072a244730bed14f409f4b5f6f5b5f7
f6b5f8edb5f3eeb5f4efb5f5e809e8b5
f0e9b5f1ebb5f2e1b5ede3b5eee4b5ef
02f2b5def5b5dff7b5e001e9b5e1efb5
e201f5b5e3f7b5e407ee0ceeb5e9f5b5
eaf8b5ebf9b5ece5b5e5e8b5e6e9b5e7
ebb5e86b6a6ca2506da2786e08ee0fee
b5d8efb5d9f0b5daf4b5dbfab5dce2b5
d4e7b5d5e8b5d6eab5d70cf017f60cf6
b5bdf7b5bef8b5bffab5c0f0b5baf2b5
bbf4b5bceb09ebb5b7ecb5b8efb5b9e5
b5b4e8b5b5e9b5b60bed14f509f5b5c9
f6b5caf7b193edb5c6efb5c7f0b5c8e9
09e9b5c4ebb5c5ecb5c6e1b5c1e2b5c2
e7b5c307f20cf2b5cff3b5d0f4b5d1f9
b5d2e9b5cbecb5cceeb5cdefb5ce6665
6652678468a24d69a2576a04e3b5afe5
b5b0eab5b1eeb5b2f3b5b307eb0cebb5
9bedb59cf5b59df9b59ee1b597e2b598
e5b599e6b59a08ed0fedb5a4eeb5a5ef
b5a6f3b5a7f7b5a8e2b5a0e5b5a1e7b5
a2ecb5a303e2b5a9e9b5aaf0b5abf7b5
ac10eeb5ae616e627e63a25a6409e90f
e9b591f2b592f3b593f4b594f5b595e1
b58ce2b58de3b58ee4b58fe5b59002e9
b578eeb579f2b57a0ce917ee0ceeb583
f2b584f5b585f9b586e9b580ecb581ed
b582e509e5b57de7b57ee8b57fe1a903
e2b57be4b57c03e1b587e5b588e8b589
f2b58a00186eb47628e10ce1b71be9b7
4ef6b792f7b795763a77447902e1b797
e5b798f9b79901e4b793eeb79410e9b7
967154719c72a0750010ed1df20ff2b7
8df4b78ef5b78ff7b790f9b791edb789
eeb78aefb78bf0b78ce80ce8b785e9b7
86ebb787ecb788e1b781e2b782e3b783
e4b78410f2b77c04e1b77de2a3bdf2b7
7ef4b77ff5b7806e346f607001e1b77a
f2b77b06e90ce9b771eab772ecb773f3
b774e1b76ee4b76fe7b77004e2b775e4
b776e7b777f2b778f7b779687c6b3f6b
726c8e6d0aec14f309f3b76bf7b76cf8
b76decb768eeb769f2b76ae1b763e2b7
64e3b765e4b766e9b76704e1b75dedb7
5eefb75ff0b760f5b76110e5b7626834
69386a01e5b75bf2b75c10e9b74d0bec
14f509f5b758f6b759f9b75aecb755ed
b756f4b757e409e4b752e5b753e7b754
e1b74fe2b750e3b75164426440655067
03e2b74ae5b74bebb729efb74c02e1b7
3ce7b73df4b73e0aeb14f209f2b747f4
b748f5b749ebb744ecb745eeb746e2b7
3fe5b740e7b741e8b742e9b743613062
a24e6310f4b73b0014ed25f314f809f8
b72df9b72efab72ff3b72af4b72bf5b7
2cedb725eeb726efb727f1b728f2b729
e60fe6b721e8b722eab723ebb724ecb5
47e1b71ce2b71de3b71ee4b71fe5b720
0aee14f409f4b738f5b739f7b73aeeb7
35efb736f2b737e5b730e9b731eab732
ebb733edb734002875c2a8eb77f242f6
28f6bb1af7bbb0f9022a32414c4c1261
74eebbe1022abbdf432a5410d2bbe110
cebbe0127261e2bbe0f2b9dcf3bb50f5
032aac8d41acb243acb55912657ae9b9
d0eb38ecb99cedb9b7eeb9d9efb9f201
2a2e41127261e2b980042ab97e413243
36493a4d10ceb98210c6b97f10ceb980
10d2b9817a697a38e1b1e1e7b921e9b9
4eeab9660018ee2df417f70cf7bd0cf8
bd0df9bd0efabd0ff4af85f5bd0af6bd
0bf109f1bd07f2bd08f3bd09eebd04ef
bd05f0bd06e814eb09ebaf71ecbd02ed
bd03e8adf1e9bd01eaaf85e409e4bbfe
e5bbffe6bd00e1bbfbe2bbfce3bbfd75
a26576a2ba77a40f78a46a790018ed2d
f417f70cf7bbf7f8bbf8f9bbf9fabbfa
f4bbf4f5bbf5f6bbf6f109f1bbf1f2bb
f2f3bbf3edbbeeeebbefefbbf0e714ea
09eabbebebbbececbbede7bbe8e8bbe9
e9bbeae409e4bbe5e5bbe6e6bbe7e1bb
e2e2bbe3e3bbe40017ee2af514f809f8
bb96f9bb97fabb98f5bb93f6bb94f7bb
95f109f1bb90f3bb91f4bb92eebb8def
bb8ef0bb8fe814eb09ebbb8aecbb8bed
bb8ce8bb87e9bb88eabb89e509e5bb84
e6bb85e7bb86e2bb81e3bb82e4bb8300
17ee2af414f809f8bbadf9bbaefabbaf
f4bbaaf6bbabf7bbacf109f1bba8f2bb
a9f3b1cbeebba5efbba6f0bba7e714ea
09eabba2ecbba3edbba4e7bb9fe8bba0
e9bba1e409e4bb9ce5bb9de6bb9ee1bb
99e2bb9ae3bb9b0019ee2df417f70cf7
bbc6f8bbc7f9bbc8fabbc9f4bbc4f5bb
c5f6b9fbf109f1bbc1f2bbc2f3bbc3ee
bbbeefbbbff0bbc0e717ea0ceabbbaeb
bbbbecbbbcedbbbde7bbb7e8bbb8e9bb
b9e409e4bbb4e5bbb5e6bbb6e1bbb1e2
bbb2e3bbb30015ee25f414f809f8bbdc
f9bbddfabbdef4bbd9f6bbdaf7bbdbee
bbd4efbbd5f0bbd6f1bbd7f2bbd8e614
eb09ebbbd2ecbb4aedbbd3e6bbcfe9bb
d0eabbd1e1bbcae2bbcbe3bbcce4bbcd
e5bbce6bc3e070c1d470a26871a2c072
a41b73a470740019ee2df417f70cf7bb
7ef8bb7ff9bb80faa5a0f4bb7bf5bb7c
f6bb7df109f1bb79f2af85f3bb7aeebb
76efbb77f0bb78e717ea0ceabb72ebbb
73ecbb74edbb75e7bb6fe8bb70e9bb71
e409e4bb6ce5bb6de6bb6ee1bb69e2bb
6ae3bb6b0018ee2df417f70cf7bb1bf8
bb1cf9bb1dfabb1ef4bb18f5bb19f6bb
1af109f1bb15f2bb16f3bb17eebb13ef
bb14f0b75ee814eb09ebbb10ecbb11ed
bb12e8bb0de9bb0eeabb0fe509e5bb0a
e6bb0be7bb0ce1bb07e3bb08e4bb0900
19ee2df417f70cf7bb35f8bb36f9bb37
fabb38f4bb32f5bb33f6bb34f109f1bb
2ff2bb30f3bb31eebb2cefbb2df0bb2e
e717ea0ceabb28ebbb29ecbb2aedbb2b
e7bb25e8bb26e9bb27e409e4bb22e5bb
23e6bb24e1bb1fe2bb20e3bb210017ee
2af514f809f8bb4df9bb4efabb4ff5bb
4af6bb4bf7bb4cf209f2bb47f3bb48f4
bb49eebb44efbb45f0bb46e814eb09eb
bb42ecbb43eda91ce8bb3fe9bb40eabb
41e409e4bb3ce5bb3de6bb3ee1bb39e2
bb3ae3bb3b0017ee2af414f709f7bb66
f8bb67fabb68f4bb63f5bb64f6bb65f1
09f1bb60f2bb61f3bb62eebb5defbb5e
f0bb5fe814eb09ebbb5aecbb5bedbb5c
e8bb57e9bb58eabb59e509e5bb54e6bb
55e7bb56e2bb51e3bb52e4bb536ba253
6ca2ab6da4066ea4a26f0014ec25f414
f709f7bb04f9bb05fabb06f4bb01f5bb
02f6bb03ecb9fcefb9fdf0b9fef1b9ff
f3bb00e70fe7b9f8e8b9f9e9b9faeab9
fbebb359e1b9f3e3b9f4e4b9f5e5b9f6
e6b9f70018ed2df417f70cf7b998f8b9
99f9b99afab99bf4b995f5b996f6b997
f109f1b992f2b993f3b994edb98fefb9
90f0b991e714ea09eab98cebb98decb9
8ee7b989e8b98ae9b98be409e4b986e5
b987e6b988e1b983e2b984e3b9850019
ee2df417f70cf7b9b3f8b9b4f9b9b5fa
b9b6f4b9b0f5b9b1f6b9b2f109f1b9ad
f2b9aef3b9afeeb9aaefb9abf0b9ace7
17ea0ceab9a6ebb9a7ecb9a8edb9a9e7
b9a3e8b9a4e9b9a5e409e4b9a0e5b9a1
e6b9a2e1b99de2b99ee3b99f0019ee6e
f417f70cf7b9d5f8b9d6f9b9d7fab9d8
f4b9d2f5b9d3f6b9d4f14af1b9c7f226
f3b9d1032a364182438a5912657ae9b9
d0054914492e4c385410cdb9cf01d1b9
ccd2b9cd10c2b9ce2ab9c8412a4710c5
b9cb01cdb9c9dab9ca127261e2b9cc12
7972ecb9c9eeb9c4efb9c5f0b9c6e717
ea0ceab9c1ebb9c2ecb927edb9c3e7b9
bee8b9bfe9b9c0e409e4b9bbe5b9bce6
b9bde1b9b8e2b9b9e3b9ba0018ee2df4
17f70cf7b9eef8b9eff9b9f0fab9f1f4
b9ebf5b9ecf6b9edf109f1b9e8f2b9e9
f3b9eaeeb9e5efb9e6f0b9e7e714eb09
ebb9e2ecb9e3edb9e4e7b921e9b9e0ea
b9e1e409e4b9dde5b9dee6b9dfe1b9da
e2b9dbe3b9dc66c1ac66a25d67a2b268
a2f869a44d6a0016ed2af314f809f8b9
7bf9b97cfab97df3b978f4b979f5b97a
f009f0b975f1b976f2b977edb972eeb9
73efb974e714ea09eab96febb970ecb9
71e7b96ce8b96de9b96ee1b967e2b968
e3b969e4b96ae5b96b0017ee2af514f8
09f8b91ef9b91ffab920f5b91bf6b91c
f7b91df109f1b918f2b919f3b91aeeb9
15efb916f0b917e714eb09ebb912ecb9
13edb914e7b90fe8b910e9b911e409e4
b90ce5b90de6b90ee1b909e2b90ae3b9
0b0014ef25f414f709f7b934f8b935f9
b936f4b931f5b932f6b933efb92cf0b9
2df1b92ef2b92ff3b930e80fe8b927ea
b928ebb929ecb92aedb92be1b922e2b9
23e4b924e5b925e6b9260017ef2af514
f809f8b94bf9b94cfab94df5b948f6b9
49f7b94af209f2b945f3b946f4b947ef
b942f0b943f1b944e714eb09ebc84fec
b940eeb941e7b93de8b93eeab93fe409
e4b93ae5b93be6b93ce1b937e2b938e3
b9390016ed2af514f809f8b963f9b964
fab965f5b960f6b961f7b962f109f1b9
5df3b95ef4b95fedb95aefb95bf0b95c
e614e909e9b957eab958ecb959e6b954
e7b955e8b956e1b94fe2b950e3b951e4
b952e5b95361a25d62a29563a2ed64a4
42650016ed2af514f809f8b906f9b907
fab908f5b903f6b904f7b905f209f2b9
00f3b901f4b902edb7fdeeb7feefb7ff
e614e909e9b7faebb7fbecb7fce6b7f7
e7b7f8e8b7f9e1b7f2e2b7f3e3b7f4e4
b7f5e5b7f60010eb1df10ff1b7a6f6b7
a7f7b7a8f8b7a9f9b7aaebb7a2edb7a3
efb7a4f0b7a5e70ce7b79ee8b79fe9b7
a0eab7a1e1b79ae2b79be3b79ce4b79d
0018ee2df417f70cf7b7c0f8b7c1f9b7
c2fab7c3f4b7bdf5b7bef6b7bff109f1
b7baf2b7bbf3b7bceeb7b7efb7b8f0b7
b9e814eb09ebb7b4ecb7b5edb7b6e8b7
b1e9b7b2eab7b3e409e4b7aee5b7afe7
b7b0e1b7abe2b7ace3b7ad0017ed2af4
14f709f7b7d9f9b7dafab7dbf4b7d6f5
b7d7f6b7d8f009f0b7d3f1b7d4f3b7d5
edb7d0eeb7d1efb7d2e714ea09eab7cd
ebb7ceecb7cfe7b7cae8b7cbe9b7cce4
09e4b7c7e5b7c8e6b7c9e1b7c4e2b7c5
e3b7c60015ed25f414f809f8b7eff9b7
f0fab7f1f4b7ecf6b7edf7b7eeedb7e7
eeb7e8f0b7e9f1b7eaf2b7ebe714ea09
eab7e4ebb7e5ecb7e6e7b7e1e8b7e2e9
b7e3e1b7dce3b7dde4b7dee5b7dfe6b7
e066a6ca67aa3468001e72c0f8e51af4
0cf4b550f5b556f9a562fab576e5b3e9
e9b3f5efb52cf2b53f763f7658777479
84e122032ab3c8372e43345310c4b3c9
1133b6b3c910cdb3ca04e3b56ce5b56d
ebb56eeeb56ff6b57002e1b571e3b572
efb57301e1b574f7b57572a25073a27b
74a282750014ed25f514f809f8b569f9
b56afab56bf5b566f6b567f7b568edb5
61f0b562f2b563f3b564f4b565e70fe7
b55ce8b55de9b55eebb55fecb560e2b5
57e3b558e4b559e5b55ae6b55b0cf017
f50cf5b549f7b54af8b54bfab54cf0b5
46f2b547f4b548eb09ebb543edb544ef
b545e1b540e3b541e5b54202e2b54dee
b54ef3b54f04e9b551efb552f3b553f5
b554f8b55569c1166db36d366ea2436f
a2707010efb53e0010f11df50ff5b51b
f6b51cf7b51df9b51efab51ff1b517f2
b518f3b519f4b51aea0ceab514edb515
eeb3eaf0b516e1b510e2b511e4b512e6
b5130ae91eee09eeb529efb52af3b52b
e9b525ea26edb528012ab52648126d6e
e7b527e1b520e4b521e5b522e7b523e8
b5240010ec1df20ff2b539f4b53af6b5
3bf7b53cf9b53decb535edb536efb537
f0b538e50ce5b531e8b532e9b533eab5
34e1b52de2b52ee3b52fe4b530694e6a
a24b6ba24c6c04e1b50be2b50ce4b50d
f4b50ef5b50f0feb1af20cf2b502f4b5
03f7b504f8b505ebb3feecb3ffedb500
efb501e70ce7b3fae8b3fbe9b3fceab3
fde1b3f6e2b3f7e4b3f8e6b3f910e9b5
0603e1b507e5b508e8b509ebb50a6434
643e6548676e6802e9b3f2f2b3f3f9b3
f401eeb3d1f9b3e805e809e8b3ede9b3
eeedb3efe1b3eae4b3ebe7b3ec01edb3
f0f7b3f1613062a2656310e8b3e70015
ee25f314f809f8b3dff9b3e0fab3e1f3
b3dcf6b3ddf7b3deeeb3d7efb3d8f0b3
d9f1b3daf2b3dbe826eb1beb2cecb3d5
edb3d6012a2e4812616ef4b3d4012ab3
d35410d7b3d4e8b3d0e9b3d1eab3d2e1
b3cbe3b3cce4b3cde5b3cee7b3cf04e1
b3e2e2b3e3eeb3e4efb3e5f5b3e60017
7199e614ef09efb161f2b16af9b186e6
a254e9b149eab1527612762a772ee1b1
3010f2b18301e1b184e5b18571a24272
a243750eed1af40cf4b17ff5b180f6b1
81f9b182edb17beeb17cf1b17df2b17e
e50ce5b177e6b178e8b179e9b17ae2b1
75e326e4b176012ab1444112646cedb1
4510f3b1690aef14f209f2b172f3b173
f4b174efb16ff0b170f1b171e3b16be4
b16ce5b16aebb16dedb16e6b556e286e
2e6f3e7010e5b16802e2b15ee7b15fe9
b16005ee09eeb165f2b166f3b167e4b1
62e9b163edb1646b346c3e6d01f0b15c
f5b15d01ebb153f6b15406ec0cecb158
eeb159f2b15af9b15be1b155e8b156e9
b157662b665c67666907f00cf0b14ef2
b14ff4b150f7b151e1b14ae5b14be6b1
4cecb14d01e9b146edb14710f2b14861
3062a2436510f2b1430011ec1df20ff2
b13ef5b13ff8b140f9b141fab142ecb1
3aedb13beeb13cf0b13de70fe7b135e8
b136e9b137eab138ebb139e1b131e2b1
32e4b133e6b13410eca7a8001f71c18d
7953ec0cecb31eeeb338f5b384f6b39a
79307a8ee1b187e4b1c20dec17ef0cef
b3c1f2b3c2f9b3c3fab3c4ecb3beedb3
bfeeb3c0e50ce5b3bae6b3bbe7b3bce9
b3bde1b1a1e2b3b8e4b3b902e1b3c5e9
b3c6eeb3c775c0c5753676a25b77a286
7810f8b3b70016ed2af414f709f7b397
f8b398fab399f4b395f5b396f6afa4f0
09f0b392f1b393f2b394edb38feeb390
efb391e614e909e9b38cebb38decb38e
e6b38ae7b338e8b38be1b385e2b386e3
b387e4b388e5b3890ced17f00cf0b3a4
f2b1f2f3b3a5f9b3a6edb3a1eeb3a2ef
b3a3e609e6b39eeab39fecb3a0e1b39b
e3b39ce5b39d0fea1af40cf4b3b3f5b3
b4f7b3b5f8b3b6eab3afedb3b0eeb3b1
f2b3b2e50ce5b3abe6b3ace7b3ade9b3
aee1b3a7e2b3a8e3b3a9e4b3aa714072
5073a2597402e1b382e9b383f5b1f302
e1b368eeb369f2b36a0013f120f60ff6
b378f7b379f8b37af9b37bfab37cf1b3
73f2b374f3b375f4b376f5b377e70fe7
b36ee8b36fe9b370eab371edb372e1b3
6be2b1afe3b36ce4b36de5afdf04ecb3
7deeb37eefb37ff0b380f7b38169c17f
6dc0e26d406e9e6fa2807002e1b365e5
b366eeb3670dee17f60cf6b334f8b335
f9b336fab337eeb331f2b332f5b333e7
0ce7b32de8b32eecb32fedb330e1b32a
e2b32be4b32c0013ec20f20ff2b348f4
b349f5b34af7b34bfab34cecb343edb3
44eeb345efb346f1b347e70fe7b33ee8
b33fe9b340eab341ebb342e1b339e2b3
3ae3b33be4b33ce5b33d0018ed2df317
f60cf6b361f7b362f8b363f9b364f3b3
5ef4b35ff5b360f009f0b35bf1b35cf2
b35dedb359eeb346efb35ae714ea09ea
b356ebb357ecb358e7b353e8b354e9b3
55e409e4b350e5b351e6b352e1b34de2
b34ee3b34f69846aa26d6ba27a6c0beb
14f209f2b327f5b328f7b329ebb324ec
b325efb326e809e8b322e9af71eab323
e2b31fe3b320e4b3210011ee1df30ff3
b30df4b30ef8b30ff9b310fab311eeb3
09f0b30af1b30bf2b30ce50fe5b304e7
b305e8b306ecb307edb308e1b300e2b3
01e3b302e4b30304ebb312edb313eeb3
14f2b315f5b31606ee0ceeb31aefb31b
f0b31cf5b31de1b317e4b318e5b31965
a0656a66a26667a26a6808ee0feeb1fb
efb1fcf2b1fdf3b1fef4b1ffe1b1f7e3
b1f8e5b1f9ebb1fa0013ec20f60ff6b1
e4f7b1e5f8b1e6f9b1e7fab1e8ecb1e0
efb1e1f1b1e2f2add6f3b1e3e70fe7b1
dbe8b1dce9b1ddeab1deebb1dfe1b1d6
e2b1d7e3b1d8e4b1d9e6b1da01ebb1e9
f8b1ea0cec17f20cf2b1f3f4b1f4f5b1
f5f7b1f6ecb1f1eeb1f2efb113e509e5
b1eee7b1efebb1f0e1b1ebe2b1ece4b1
ed61a24862a2a363a2fb640012eb20f1
0ff1b1d1f2b1d2f4b1d3f5b1d4f8b1d5
ebb1ccecb1cdedb1ceeeb1cfefb1d0e6
0fe6b1c7e7b1c8e8b1c9e9b1caeab1cb
e2b1c3e3b1c4e4b1c5e5b1c60019ee2d
f417f70cf7b19df8b19ef9b19ffab1a0
f4b19bf5b19cf6ade6f109f1b198f2b1
99f3b19aeeb195efb196f0b197e717ea
0ceab191ebb192ecb193edb194e7b18e
e8b18fe9b190e409e4b18be5b18ce6b1
8de1b188e2b189e3b18a0018ed2df317
f70cf7b1b6f8b1b7f9b1b8fab1b9f3b1
b3f5b1b4f6b1b5f009f0b1b0f1b1b1f2
b1b2edb1adeeb1aeefb1afe714ea09ea
b1aaebb1abecb1ace7b1a7e8b1a8e9b1
a9e409e4b1a4e5b1a5e6b1a6e1b1a1e2
b1a2e3b1a307ec0cecb1beeeb1bff2b1
c0f4b1c1e3b1bae4b1bbe5b1bce6b1bd
63cb3063a4e264aecf65001d73987a29
ef0cefb105f3b111f4afd8f5a7077a44
e5afc6ecafdfee012aaff453126861f7
aff501e1b12ee5b12f76207638774878
4c7901e1b12cefb12d02e5b127e8b128
eeb12910efb12a10f4b12b732e746c75
10e4b12609ed0fedb117f1b118f3b119
f5b11af9b11be5b112e7b113e8b114e9
b115ebb11609f30ff3b121f4b122f5b1
23f8b124fab125e2b11ce3b11deeb11e
efb11ff2b1206ac0e96e636e6a6fa256
70a2577208eb0febb10cf2b10df3b10e
f4b10ff7b110e1b108e7b109e8b10ae9
b10b0eed1af20cf2b101f6b102f7b103
f8b104edaffdeeaffeefaffff1b100e4
0ce4aff9e6affae8affbecaffce1aff6
e2aff7e3aff810f4b10610e9b1076aa2
426ba2436ca2666d0dee17f50cf5aff0
f7aff1f8aff2faaff3eeafedf0afeef3
afefe716e7afe8e9afe9eb26edafec01
2aafea4e126b6fefafebe1afe5e2afe6
e5afe710e1afd30aec14f009f0afdcf2
afddf9afdeecafd9edafdaefafdbe1af
d4e5afd5e7afd6e9afd7ebafd805ef09
efafe3f0a3fef5afe4e5afe0ebafe1ed
afe2662f663e674e686a6902f0afd0f4
afd1f6afd202e1afc7e5afc8e9afc904
e1afcaecafcbedafccefafcdf9afce10
f5afcf613462386301f2afc4f9afc510
e1afbe05ef09efafc1f2afc2f5afc3e3
afbfe7afc0eba7e5002272c169e127f2
19f2ad45f3ad5df52cf6ad8ef9ad9701
2aad7d47126c61e7ad7ee1ab5be5ab9b
e8ababefad237643764e7758787e7982
7a04e5ad5de8ad9bebad9ceead9df4ad
9e01e7ad8feead9005e509e5ad93e7ad
94f4ad95e1ad91e2ad92e4ad4510e8ad
9602e1ad98e2ad99efad9a729673a28b
74a2bc750eec1af50cf5ad8af6ad8bf8
ad8cf9ad8decad86efad87f0ad88f4ad
89e80ce8ad82e9ad83eaad84ebad85e1
ad7fe2ad80e3ad810016ed2af414f809
f8ad5af9ad5bfaad5cf4ad57f6ad58f7
ad59f109f1ad54f2ad55f3ad56edad51
eead52efad53e714ea09eaad4eebad4f
ecad50e7ad4be8ad4ce9ad4de1ad46e2
ad47e3ad48e4ad49e6ad4a0eef1af60c
f6ad69f7ad6af9ad6bfaad6cefad65f0
ad66f3ad67f4ad68e90ce9ad61eaad62
ebad63edad64e1ad5ee2ad5fe8ad600f
ee1af40cf4ad79f5ad7af9ad7bfaad7c
eead75efad76f0ad77f3ad78e70ce7ad
71e8ad72ecad73edad74e1ad6de3ad6e
e4ad6fe5ad7069c1ad6dc0dd6d3a6e8c
6fa26770a2ad7110e4ad440bed14f209
f2abebf3ad12f4ad13edad10eea4cdef
ad11e909e9ad0debad0eecad0fe1ad0a
e5ad0be7ad0c0eec1af40cf4ad1ff5ad
20f7ad21f8ad22ecad1bf0ad1cf1ad1d
f3ad1ee70ce7ad17e8ad18e9ad19ebad
1ae1ad14e2ad15e3ad160014ec25f414
f809f8ad36f9ad37faad38f4ad33f5ad
34f7ad35ecad2eedad2fefad30f0ad31
f1ad32e60fe6ad29e7ad2ae8ad2beaad
2cebad2de1ad24e2ad25e3ad26e4ad27
e5ad280aee14f509f5ad41f8ad42f9ad
43eead3eefad3ff3ad40e1ad39e2ad3a
e3ad3be7ad3ce9ad3d699c6aa2666ba2
916c0fec1af40cf4ad06f5ad07f7ad08
f9ad09ecad02edad03efad04f3ad05e8
0ce8abfee9abffeaad00ebad01e1abfa
e3abfbe4abfce5abfd0bed14f209f2ab
dbf7abdcf9abddedabd8eeabd9f0abda
e409e4abd5e5abd6e8abd7e1abd2e2ab
d3e3abd40cee17f20cf2abe7f3abe8f6
abe9f9abeaeeabe4efabe5f0abe6e909
e9abe1ebabe2edabe3e1abdee5abdfe8
abe00ef21af60cf6abf6f8abf7f9abf8
faabf9f2abf2f3abf3f4abf4f5abf5ed
0cedabeeeeabefefabf0f1abf1e1abeb
e2abececabed65c0e965a2b466a2c967
a2d3680014ed25f214f809f8abcff9ab
d0faabd1f2abccf4abcdf7abceedabc7
eeabc8efabc9f0abcaf1abcbe873e8ab
b1e932eaabc4ebabc5ecabc6022a3c42
a2594811616e01e2abc3f4abbe0b4d2d
5417542e55385610c4abc101c8abbdd7
abbe01cbabbfd3abc04dce11502a5310
d2abbc02c6abb9c8abbadaabbb470e47
3048ccf54910c4abb710c6abb52aabb2
412a4210ceabb410d5abb3126f70efab
c2e2abace3abade4abaee6abafe7abb0
06eb0cebab9feeaba0f4aba1f9aba2e1
ab9ce2ab9de7ab9e03e1aba3e4aba4e7
aba5edaba603e1aba7e3aba8e7aba9eb
abaa617062a27863a2b36409ed0fedab
96eeab97efab98f2ab99faab9ae5ab91
e6ab92e8ab93e9ab94eaab950016ed2a
f314f809f8ab70f9ab71faab72f3ab6d
f6ab6ef7ab6ff009f0ab6af1ab6bf2ab
6cedab67eeab68efab69e614ea09eaab
64ebab65ecab66e6ab61e7ab62e8ab63
e1ab5ce2ab5de3ab5ee4ab5fe5ab6000
11ef1df40ff4ab80f5ab81f6ab82f7ab
83f9ab84efab7cf1ab7df2ab7ef3ab7f
e90fe9ab77eaab78ebab79ecab7aeeab
7be2ab73e3ab74e4ab75e7ab760bec14
f009f0ab8ef1ab8ff2ab90ecab8bedab
8cefab8de709e7ab88e8ab89eaab8ae3
ab85e4ab86e5ab87001a6fc1b2776ce1
0ce1ad9fe5add6f6afa5faa355775079
887a05e709e7afbbecafbceeafbde1af
b9e4afbae5af2508f30ff3afaaf5af94
f7afabf9afacfaafade1afa7ebafa8ec
adc4f2afa90aed14f209f2afb6f5afb7
f9afb8edafb3eeafb4efafb5e1afaee2
afafe4afb0e7afb1e9afb273b3733474
6075a24e7610e1afa606eb0cebaf79ee
af7aefaf7bf1af7ce2af76e8af77e9af
780def17f30cf3af87f4af88f5af89f9
af8aefaf84f0af85f2af86e80ce8af80
e9af81ebaf82edaf83e1af7de2af7ee4
af7f0019ee2df417f70cf7afa1f8afa2
f9afa3faafa4f4af9ef5af9ff6afa0f1
09f1af9bf2af9cf3af9deeaf98efaf99
f0af9ae717ea0ceaaf94ebaf95ecaf96
edaf97e7af91e8af92e9af93e409e4af
8ee5af8fe6af90e1af8be2af8ce3af8d
6fa24770a285720def17f30cf3af72f4
af73f5af74f9af75efaf6ff1af70f2af
71e81ee832e9af6deca7ceeeaf6e012a
2e4d126f6ee7af6c012aaf6b4310ceaf
6ce3af68e5af69e7af6a0012ee20f40f
f4af62f6af63f7af64f8af65f9af66ee
af5defaf5ef0af5ff2af60f3af61e60f
e6af59e8af5ae9adf3ebaf5becaf5ce1
af55e2af56e3af57e5af5810f0af6768
c15d6b9d6b966ca2506da2576e0eee1a
f50cf5af51f6af52f7af53f9af54eeaf
4defaf4ef2af4ff4af50e70ce7af4ae9
af4beaada4ebaf4ce1af47e4af48e5af
4906ec0ceca54df2af2ff3af30f8af31
e1af2ce7af2debaf2e02e7af32edaf33
eeaf340011ed1df50ff5af42f6af43f7
af44f8af45f9af46edaf3eefaf3ff2af
40f3af41e50fe5af39e6af3ae7af3beb
af3cecaf3de1af35e2af36e3af37e4af
38689669a2666a0feb1aef0cefaf28f2
af29f5af2af7af2bebaf24ecaf25edaf
26eeaf27e50ce5af20e6af21e9af22ea
af23e1af1ce2af1de3af1ee4af1f0cef
17f50cf5af03f6af04f7af05f8af06ef
af00f2af01f3af02ec09ecadfdedadfe
eeadffe4adfae7adfbe9adfc0016ee2a
f414f809f8af19f9af1afaaf1bf4af0b
f5af17f7af18f109f1af14f2af15f3af
16eeaf10efaf12f0af13e714ea09eaaf
0febaf10ecaf11e7af0ce8af0de9af0e
e1af07e2af08e3af09e4af0ae6af0b64
a664a24265a265670011ec1df30ff3ad
f5f4adf6f7adf7f8adf8faadf9ecadf1
eeadf2efadf3f2adf4e50fe5adece7ad
ede8adeee9adefebadf0e1ade8e2ade9
e3adeae4adeb0aea14f209f2add3f3ad
d4f7add5eaadd0eeadd1efadd2e1adcb
e4adcce5adcde7adcee9adcf0010ec1d
f10ff1ade3f2ade4f3ade5f6ade6faad
e7ecaddfedade0eeade1f0ade2e70ce7
addbe8addce9adddebaddee3add7e4ad
d8e5add9e6adda613662a2566301e3ad
c9f2adca0015ed25f314f709f7adb3f8
adb4faadb5f3adb0f5adb1f6adb2edad
abefadacf0adadf1adaef2adafe714ea
09eaada8ebada9ecadaae7ada5e8ada6
e9ada7e1ada0e3ada1e4ada2e5ada3e6
ada40012ed20f40ff4adc4f5adc5f6ad
c6f7adc7f9adc8edadbfeeadc0efadc1
f0adc2f1adc3e60fe6adbae7adbbe9ad
bceaadbdecadbee1adb6e2adb7e4adb8
e5adb92ab40d61ce6962002373c2d0e5
1ded0feda916eea92fefa947f2a98bf3
a9a5e5a75ae7a787e8a79de9a7b677c1
4b773878a26179a2a77aa2e8e1a5f900
17ed2af414f809f8ab19f9ab1afaab1b
f4ab16f5ab17f7ab18f109f1ab13f2ab
14f3ab15edab10efab11f0ab12e714ea
09eaab0debab0eecab0fe7ab0ae8ab0b
e9ab0ce409e4ab07e5ab08e6ab09e1ab
04e2ab05e3ab060014ed25f214f609f6
ab2df7ab2efaab2ff2a9d4f3ab2bf5ab
2cedab26eeab27efab28f0ab29f1ab2a
e80fe8ab21e9ab22eaab23ebab24ecab
25e1ab1ce2ab1de3ab1ee6ab1fe7ab20
0013ec20f30ff3ab3ff6ab40f7ab41f8
ab42faab43ecab3aedab3beeab3cf0ab
3df2ab3ee60fe6ab35e8ab36e9ab37ea
ab38ebab39e1ab30e2ab31e3ab32e4ab
33e5ab340017ee2af514f809f8ab58f9
ab59faab5af5ab55f6ab56f7ab57f109
f1ab52f2ab53f4ab54eeab4fefab50f0
ab51e814eb09ebab4cecab4dedab4ee8
ab49e9ab4aeaab4be409e4ab46e5ab47
e6ab48e1ab44e2ab45e3a7da73a25a74
a2aa75a2ff760016ed2af514f809f8ab
01f9ab02faab03f5a9fef6a9fff7ab00
f109f1a9fbf2a9fcf4a9fdeda9f8eea9
f9efa9fae614e909e9a9f5eaa9f6eba9
f7e6a9f2e7a9f3e8a9f4e1a9ede2a9ee
e3a9efe4a9f0e5a9f10016ee2af414f7
09f7a9baf8a9bbf9a9bcf4a9b7f5a9b8
f6a9b9f109f1a9b4f2a9b5f3a9b6eea9
b1efa9b2f0a9b3e814eb09eba9aeeca9
afeda9b0e8a9abe9a9aceaa9ade1a9a6
e2a9a7e3a9a8e5a9a9e6a9aa0017ef2a
f514f809f8a9d1f9a9d2faa9d3f5a9ce
f6a9cff7a9d0f209f2a9cbf3a9ccf4a9
cdefa9c8f0a9c9f1a9cae714ea09eaa9
c5eda9c6eea9c7e7a9c2e8a9c3e9a9c4
e409e4a9bfe5a9c0e6a9c1e1a9bde2a7
5ce3a9be0018ee2df417f70cf7a9e9f8
a9eaf9a9ebfaa9ecf4a9e6f5a9e7f6a9
e8f109f1a9e3f2a9e4f3a9e5eea9e0ef
a9e1f0a9e2e714ea09eaa9ddeba9deed
a9dfe7a9dae8a9dbe9a9dce409e4a9d7
e5a9d8e6a9d9e1a9d4e2a9d5e3a9d66a
c3206ec1aa6ea2656fa2b570a40071a4
50720018ee2df417f70cf7a9a1f8a9a2
f9a9a3faa9a4f4a99ef5a99ff6a9a0f1
09f1a99bf2a99cf3a99deea998efa999
f0a99ae814eb09eba995eca996eda997
e8a992e9a993eaa994e409e4a98fe6a9
90e7a991e1a98ce2a98de3a98e0016ee
2af514f809f8a944f9a945faa946f5a9
41f6a942f7a943f109f1a93ef2a93ff3
a940eea93befa93cf0a93de614ea09ea
a938eba939eda93ae6a935e7a936e9a9
37e1a930e2a931e3a932e4a933e5a934
0015ef25f514f809f8a95bf9a95cfaa9
5df5a958f6a959f7a95aefa953f0a954
f1a955f2a956f4a957e914ec09eca950
eda951eea952e9a94deaa94eeba94fe1
a948e2a949e5a94ae6a94be8a94c0016
ef2af514f809f8a972f9a973faa974f5
a96ff6a970f7a971f209f2a96cf3a96d
f4a96eefa969f0a96af1a96be814eb09
eba966eca967eda968e8a963e9a964ea
a965e1a95ee3a95fe4a960e5a961e7a9
620015ef25f414f709f7a988f8a989fa
a98af4a985f5a986f6a987efa980f0a9
81f1a982f2a983f3a984e714eb09eba9
7deca97eeda97fe7a97ae9a97beaa97c
e1a975e2a976e3a977e4a978e6a9796a
a25f6ba2b76ca40f6d0017ed2af314f7
09f7a92cf8a92dfaa92ef3a929f5a92a
f6a92bf009f0a926f1a927f2a928eda9
23eea924efa925e714ea09eaa920eba9
21eca922e7a91de8a91ee9a91fe409e4
a91ae5a91be6a91ce1a917e2a918e3a9
190018ee2df417f70cf7a7e0f8a7e1f9
a7e2faa7e3f4a7ddf5a7def6a7dff109
f1a7daf2a7dbf3a7dceea7d7efa7d8f0
a7d9e814eb09eba7d4eca7d5eda7d6e8
a7d1e9a7d2eaa7d3e409e4a7cee6a7cf
e7a7d0e1a7cbe2a7cce3a7cd0018ee2d
f417f70cf7a7f9f8a7faf9a7fbfaa7fc
f4a7f6f5a7f7f6a7f8f109f1a7f3f2a7
f4f3a7f5eea7f0efa7f1f0a7f2e814eb
09eba7edeca7eeeda7efe8a7eae9a7eb
eaa7ece409e4a7e7e6a7e8e7a7e9e1a7
e4e2a7e5e3a7e60018ed2df317f70cf7
a912f8a913f9a914faa915f3a90ff4a9
10f6a911f009f0a90cf1a90df2a90eed
a909eea90aefa90be714ea09eaa906eb
a907eca908e7a903e8a904e9a905e409
e4a900e5a901e6a902e1a7fde2a7fee3
a7ff65c1a065a25866a2a367a2ee68a4
39690015ef25f514f809f8a7c8f9a7c9
faa7caf5a7c5f6a7c6f7a7c7efa7c1f0
a7c2f1a7c3f2a7b9f4a7c4e614ec09ec
a7beeda7bfeea7c0e6a7bce7a7bdeba7
32e1a7b7e2a7b8e3a7b9e4a7bae5a7bb
0015ef25f514f809f8a76ef9a76ffaa7
70f5a76bf6a76cf7a76defa766f0a767
f1a768f3a769f4a76ae614ea09eaa763
eba764eda765e6a760e8a761e9a762e1
a75be2a75ce3a75de4a75ee5a75f0015
ee25f414f809f8a784f9a785faa786f4
a781f5a782f7a783eea77cefa77df0a7
7ef1a77ff3a780e614ea09eaa779eca7
7aeda77be6a776e7a777e8a778e1a771
e2a772e3a773e4a774e5a7750015f025
f514f809f8a79af9a79bfaa79cf5a797
f6a798f7a799f0a792f1a793f2a794f3
a795f4a796e714ed09eda72deea790ef
a791e7a78de9a78eeaa78fe1a788e2a7
89e3a78ae4a78be6a78c0018ed2df317
f60cf6a7b2f7a7b3f9a7b4faa7b5f3a7
aff4a7b0f5a7b1f009f0a7acf1a7adf2
a7aeeda7aaeea7abefa79de714ea09ea
a7a7eba7a8eca7a9e7a7a4e8a7a5e9a7
a6e409e4a7a1e5a7a2e6a7a3e1a79ee2
a79fe3a7a061a26562a2b563a40a6400
19ee2df417f70cf7a756f8a757f9a758
faa759f4a753f5a754f6a755f109f1a7
50f2a751f3a752eea74defa74ef0a74f
e717ea0ceaa749eba74aeca74beda74c
e7a746e8a747e9a748e409e4a743e5a7
44e6a745e1a740e2a741e3a7420014ef
2ff514f809f8a70df9a70efaa70ff5a7
0af6a70bf7a70cefa704f032f1a707f2
a708f3a709012aa7054b127261e9a706
e70fe7a5ffe8a700eaa701eca702eea7
03e1a5fae2a5fbe3a5fce5a5fde6a5fe
0017ee2af414f709f7a725f8a726f9a7
27f4a722f5a723f6a724f109f1a71ff2
a720f3a721eea71cefa71df0a71ee714
eb09eba719eca71aeda71be7a716e9a7
17eaa718e409e4a713e5a714e6a715e1
a710e2a711e3a7120018ed2df317f60c
f6a73cf7a73df9a73efaa73ff3a739f4
a73af5a73bf009f0a736f1a737f2a738
eda733eea734efa735e714ea09eaa730
eba731eca732e7a72de8a72ee9a72fe4
09e4a72ae5a72be6a72ce1a728e2a729
e3a70200184dc2c654c0fe5737573658
4e59665a12616ee2d72301612c631168
efc5d31172e1d72201702c731175f8a3
ca1165efc97201652c691169e9b5ad11
7ae9b9d0544455a2ba5601612c691174
e8d7211169e9d720086864683c698c6e
a2466fa248751174e7d71f106101e158
e9042ad18043324b364c3a5410c8d180
10cebd3f10c8d71a10c1d71b012aafa5
4d10d6afa501622a7210e8d71c10f401
2aa9474210d4a3551173e1c72002642e
6c327410efd3ba10f2d71d10f3d71e61
34658c669267116ce7d719066d176d32
6e36763a7910efd71710eccff310e7d3
b510f4a91067346b386c01e5d139f5b9
3810e2d71510f2d716116cf5d14b116e
e7d718126761f2d3ed50c0da50a28052
a2bf5307694a69426f70759679016c2a
7210e3abfc10efd71401643e6e01e4cd
6ae8012acdc04c10cbcdc001e4d70ff4
d71002672e72387910efad0c01e4cf3f
efd71110e1cf66106e01e4d712f5d713
6142656267686801612a7210e4d70e10
f7aff5026d2e72327510f2cd3710f2cf
1a10e2d70d1161ecc798116ef7a57405
682468306c56721174e9d70b02612e6c
326e10f8c98b10e7d70a01e9c932f0c9
331172e4b51261306344651172edd709
016c2a7510e3ad6f10eda55a1175eed7
08026a306f3675116ef2c5e8116ee7d7
0c1168e7cbc14d9a4ea2b34f05722272
307344751167f2c91e016b2a7910e1c7
f110e8c90f01672a6d10e1d70710e5c9
0167306c366e1161efd7061161edd705
1163ebcd3107722e725a746075667911
6df2032aa9e4492e4d325410c8d5ff10
ceb94710cda9e4116fefc1f51165e9d5
fd116cf4d5fe614265746c9a6f01642a
6e10e7af6c10e9d5fc0368326b366e3a
7210e3d5f810ead5f510e1d5f601e4c3
9ee9d5f70264346e387201e3d5faefd5
fb10e6af3a10e4d5f91179edc15c0361
42626265686b116fef012aafeb4d10cc
d70402672e6e327210e2d70210edd700
10e4d7011161f4a5591177e1d70347c4
ad4ac3844aa8014ba8214c03614665a6
dd69a6df7901632a6410e9d5f410e9d5
f3026ea6ad6fa6bb7410ee001c4ac15f
53a1571757ae3d58ae41592a5a10d7cf
2402c4d5cec5d5ced4d585534854a245
55a2705603c1d580c5d582ced581d5a7
b60ece1ad40cd4d575d5d5cbd6d576d9
d5eeced572cfcf39d2d573d3d5edc90c
c9cdfdcad570cbcde4cdd571c3d56fc4
d5cdc5cfbb0ccd17d20cd2d33cd6d398
d7d350dacfc2cdd1b2ced5f1cfd309c8
09c8d5f0cbd1baccd57bc4d5efc6d579
c7d57a04c1d5f2c7d57dd3aff4d9d57e
dad57f4d8f4d484ea24f50a2645203c5
d56ecfc1a0d5d5cbd7cd190011cf1dd5
0fd5d55cd6d5ead8d55dd9bf68dad55e
cfd5e8d1d55ad2d5e9d4c317c60fc6d5
59c7bfe6cbd5e7cca916cdb79cc1d5e6
c3d557c4d558c5cd5406c90cc9d562cc
af9ecfc3cdd0d5ebc1d55fc3d560c5d5
610bcc14d409d4d56cd7c93ad9b338cc
c9b7cdd569d2d56ac7c61ac7d325c8b1
4dcbd5ec4a564b5a4c06d30cd3d553d4
bf1ed5d554d6bf3ec2d5e4c9d552cbd5
e510cfd5e102c5d54ccdd5e2dad5e343
c0c5465e4662477248a2474907d10cd1
d5dfd2d5e0d3b588d4b5f9c3d549c4b5
8bccd5ddced5de02c9b149cfb161d2b1
6a09d00fd0d544d1d545d2d5dbd4d546
d7d547c1d541c6d542c8a3c0ccb99cce
d54304cbd5dcced548d2b53fd4b550d5
b556435844a2504506c70cc7d5d9d2d5
dad3b111d4d5ccc1d53dc3d53ec5afd8
0fce1ad60cd6d538d7c936d9d5d7daad
5dced5d6cfd535d2d536d5d537c80cc8
d531c9d532ccd533cdd534c3d5d5c4d5
2fc6cd97c7d53004c5add6cad53acbad
9fcfd53bdad5d83765377c3882418842
0ecc0fd2c64cd2cb2fd4d5d4d5b79cd6
d52dc60cc6d526c7d5d3c9cbeacad528
c1a9a5c4d5d2c5d5251133b6d5cd1138
b6d5ce0bd214d709d7d523d8d524daa5
edd2d520d3d521d4d522cc09cca3dacd
d5d1cfd51fc4d51cc5d5cfc6d5d03130
3236341131b9d5191137b2d5cb1133b0
d5cc10e1022ac5df422a4d10cdcfa310
d5cfa310ef012abdec4c10c1bdec1170
e3bd5e026d2e6e327310f5bd9510e2bd
8b01e1bd12e2b3360261307044751172
e3b783016d2a7610e1d5c610efd5c511
61ee012ab71b4a10d0b71b066e256e34
6f3a7254741168e9d5ca1164e1b9d911
72e5012ab9f24b01d0d54ed2b9f21161
e9a70661306850691174f3d5c9026c2e
6e327710e9d5c810e9afde10e1d5c702
612e6d326f10eacd6910f2c97d10f201
2ab9b74b10c8b9b7473448a26a491274
61ecb122056f456f4a726475026a2e6b
327210f5c92710f2b38410e8d5b4016e
2a7410e8b35f01e7d5b2edb113016150
6510eb032aafdf432e47325410d2a79a
10d9d53910d2afdf10eed5b361306536
6c1161e7ad7e1172e1d5b1116ff2012a
b1e14710c5b1e1056c4d6c306d367511
6ee7d5c41175f7b50f106e01e7b527f0
08471d47364c3a4d3e53425410c8d5c3
10c6d5c010c1d5c110cdd5be10d2d5c2
2ac370413442384601d2d5bfd8d5bf10
d5d5bd10d5d5be613265a247691172e1
d5bc016e2a7410f2a55805ef2defd5b7
f35ef4042aabbe4332483c4d405410d7
abbe01c1d5b8ced5b910cbabb610cfab
b8012aabb24310ceabb2e2abc3e7d5b5
e9d5b61162f2032ab3e9493453385501
c1b74ed3d5bb10ccb3e910c5d5ba43c1
3b437444a2f4450267446c4a741168e9
012aa3f04501d2d540d4a3f01179f0af
ce01622a7910edd5b010e1d5af0461a2
9468a2a36fa2b270a2b4791172ec0f4b
48541d5432553c58465910d5cd5301ca
d169d2d5a701c1d3f7dad5a810cbd5a9
4b324d3c52525310cbd5a601c7bbdfda
d55003c4d5a3c5d5a4cbbf57ceaf6b02
cfd5a5d3cd53d5cd0a43194332473649
3e4a10cfd5a210d3cd5301c551d2d5a0
10d2d5a12acd0a383a41404202c1d59f
c7a787d9d52e1139b0cd5302c6d59ccc
d59ddad59e026b2e6e327210e9d59910
edab8e10f3b5b402612e65327210f3d5
9a10edabe310f2abcc1170f4ad31016d
2a7210f4afc510eed59b03653469866f
8c751170ecd5ae1176e106491749324d
364e3a5010cba9cf10ceb3f510d5d5ab
10d0c5102ab3f5422a4610cab3f910d4
d5aa1161ebd5ac1167f2d5ad2aa25b41
a8aa42056f1f6f3e72447501672a6810
e4d59810e9d5971170efabc2106101e8
c9aee9d5966130655c68116bf3d59503
6c326d36733a7410ebd59310e9d59110
f5a70d10f3d592016e2a7210e6d59410
e7012aa92f4210c4a92f00204ac1ba52
c0cf5638563c5758586259665a01d2d5
2fd7cf2404c1d580c4d581c5d582ced5
81d5a7b601c6d583d3cf0f10cbd58403
c4d51bc5d51bd4d585d5cd535246536c
54a25a5503c1d3f7c7d57dd9d57edad5
7f05d309d3cd53d5cd0ad7cd19c5d56e
c8cf24cfc1a00fce1ad40cd4d575d5cd
0ad6d576d9d577ced572cfcf39d2d573
d3d574c90cc9cdfdcad570cbcde4cdd5
71c1d563c3d56fc4d51ac5cfbb0ecd1a
d20cd2d33cd6d398d7abbedacfc2cdd1
b2ced57ccfd309d0d57bc80cc8d180ca
d169cbd1baccd57bc4d578c6d579c7d5
7a4e5b4e344fa80c50665110c1d56d08
c90fc9d562ccaf9ecfc3cdd0c510d4d5
63c1d55fc3d560c5d561c8a7b60dcd17
d40cd4d56cd7c93ad9b338dad565cdd5
69d2d56ad3d56bc70cc7d325c8b14dcb
d568ccc9b7c1d565c5d566c6d5674aa2
484ba24c4ca2644d0012ce20d50fd5d5
5cd6afa5d8d55dd9bf68dad55eceaf6b
cfabb8d1d55ad2d55bd4c317c60fc6d5
59c7bfe6cbbf57cca916cda9e4c1d556
c3d557c4d558c5cd5401cfd54bd0b71b
07d00cd0d54ed2b9f2d7d54fdad550c5
d54cc7bbdfc8b9b7cdd54d08d30fd3d5
53d4bf1ed5d554d6bf3ed9d555c1bdec
c2d551c9d552cbcdc042c11f466b4662
477848a24f4907d10cd1d54ad2b130d3
b588d4b5f9c3d549c4b58bccb3e9ceb3
f503c9b149cfb161d2b16ad8b16a0ace
14d209d2afdfd4d546d7d547ced543d0
d544d1d545c1d541c5b1e1c6d542c8a3
c0ccb99c05d409d4b550d5b556d6d526
cbabb6ced548d2b53f426443a25a44a2
924507c80cc8d53fd2d540d3b111d4a3
f0c1d53dc3d53ec5afd8c7a5560010cc
1dd20fd2cb2fd4a355d5a9e4d6d52dd9
d52eccd529ced52acfd52bd1d52cc70c
c7a787c8d527c9cbeacad528c1a9a5c4
a92fc5d525c6d5260010ce1dd50fd5d5
37d6d538d7c936d9d539daad5dceabb2
cfd535d2d536d3cd53c80cc8d531c9d5
32ccd533cdd534c3bf69c4d52fc6cd97
c7d53006cb0ccbad9fcfd53bd9d528da
d53cc4add6c5add6cad53a354b358637
8c3892410ccf17d40cd4d522d7d523d8
d524daa5edcfd51fd2d520d3d521cc09
cca3dacda562cec936c4d51cc5d51dc6
d51e1133b2c9361133b6d51a01382a39
10b0cd5310b6d51b2aaff43130323634
1131b9d5191137b2cd0a02302e333238
10b0add610b0ad5d10b0a3f004643867
3e6844724a761173f4a35e116cedb145
1168e2d586116feda39d01613e6d01e9
a557ee012aa5624110cda56210e20013
4c665135513c5340545655725901c5d5
1bd4cfc310c1d56d03c1d563c4d51ad3
d574d9d57704c4d578c8bfcdcad58fce
d57cd2d59010cbd58a4c3c4d464e624f
665001cbd568d3d56b01c2d551d9d555
04c1d556cdd589ceb982d2d55bd5d58d
10c7d58e10cdd564452f4542474c4950
4a664b02c8abdecdd54dd7d54f01c7a5
56c8d53f10c2d58a03c4d58bced58cd1
d54ad2b13010cfd54b2aa55641324242
43524410dad53c02c5d51dc6d51edad5
8702c8d527ced588d5d58901c3bf69ce
d3ea002574c1f5e534f223f2a556f3a5
6ff6a5b2f9a5d9fa012a2e41127261e2
a5ef022aa5ed49a2b55210d5a5f0e5a3
5ee6a36deba3c0eda3f0eea50878a678
32795e7aa260e125e25106eb0ceba5d5
eca5d6eda5d7f8a5d8e2a5d2e5a5d3e7
a5d40013ee20f30ff3a5e8f4a5e9f5a5
eaf8a5ebfaa5eceea5e4efa5e5f0a5e6
f1a5e7f2a5d9e70fe7a5dfe8a5e0e9a5
e1eba5e2eca5e3e1a5dae2a5dbe3a5dc
e4a5dde5a5de08ed0feda5f4eea5f5ef
a5f6f4a5f7faa5f8e2a5f1e4a5f2e7a5
f3ea012a2e41127261e2a5ef032aa5ed
312e49345310d5a5f01137b2a5f001d1
a5eed2a5ef74a24875a29d76a2e37700
12ee20f50ff5a5cdf6a5cef7a5cff8a5
d0f9a5d1eea5c8efa5c9f2a5caf3a5cb
f4a5cce70fe7a5c3e8a5c4e9a5c5eba5
c6eda5c7e1a5bfe2a5c0e3a5c1e5a5c2
0017ef2af514f809f8a59af9a59bfaa5
9cf5a597f6a598f7a599f209f2a594f3
a595f4a596efa591f0a592f1a593e914
ec09eca58eeda58feea590e9a58beaa5
8ceba58de409e4a588e5a589e7a58ae1
a585e2a586e3a5870014ed25f214f709
f7a5aff9a5b0faa5b1f2a5acf4a5adf5
a5aeeda5a7eea5a8efa5a9f0a5aaf1a5
abe80fe8a5a2e9a5a3eaa5a4eba5a5ec
a5a6e1a59de3a59ee4a59fe5a5a0e7a5
a10bee14f409f4a5bcf5a5bdf6a5beee
a5b9efa5baf3a5bbeb09eba5b6eca5b7
eda5b8e2a5b3e4a5b4e9a5b56ac30c6f
c1786fa25370a28e71a2e672a4047300
14ec25f414f809f8a582f9a583faa584
f4a57ff5a580f6a581eca57aeea57bef
a57cf2a57df3a57ee70fe7a575e8a576
e9a577eaa578eba579e1a570e2a571e3
a572e4a573e5a5740011eb1df20ff2a5
30f3a531f4a532f8a533faa534eba52c
eca52deda52eeea52fe50fe5a527e6a5
28e7a529e9a52aeaa52be1a523e2a524
e3a525e4a5260018ee2df417f70cf7a5
48f8a549f9a54afaa54bf4a545f5a546
f6a547f109f1a542f2a543f3a544eea5
3fefa540f0a541e814eb09eba53ceca5
3deda53ee8a539e9a53aeaa53be509e5
a537e6a389e7a538e2a535e3a3bce4a5
3609ee0feea551f0a552f2a553f4a554
faa555e3a54ce4a54de7a54eeba54fed
a5500015ef25f514f809f8a56cf9a56d
faa56ef5a569f6a56af7a56befa564f0
a565f1a566f2a567f3a568e914ec09ec
a561eda562eea563e9a55eeaa55feba5
60e2a556e332e4a55be5a55ce8a55d03
2aa55748324e3a5012616ceda55a1261
74f2a558126261f4a5596aa2686ba283
6ca2d86da42d6e0019ee2df417f70cf7
a51ff8a520f9a521faa522f4a51cf5a5
1df6a51ef109f1a519f2a51af3a51bee
a516efa517f0a518e717ea0ceaa512eb
a513eca514eda515e7a50fe8a510e9a5
11e409e4a50ce5a50de6a50ee1a509e2
a50ae3a50b08f00ff0a3bcf4a360f5a3
bdf7a3befaa3bfe1a3b8e7a3b9e9a3ba
eea3bb0017ef2af514f809f8a3d6f9a3
d7faa3d8f5a3d3f6a3d4f7a3d5f209f2
a3d0f3a3d1f4a3d2efa3cdf0a3cef1a3
cfe814eb09eba3caeca3cbeda3cce8a3
c7e9a3c8eaa3c9e509e5a3c4e6a3c5e7
a3c6e2a3c1e3a3c2e4a3c30017ee2af4
14f809f8a3edf9a3eefaa3eff4a3eaf5
a3ebf7a3ecf109f1a3e8f2a3e9f3a3da
eea3e5efa3e6f0a3e7e814eb09eba3e2
eca3e3eda3e4e8a3dfe9a3e0eaa3e1e4
09e4a3dce5a3dde6a3dee1a3d9e2a3da
e3a3db0017ef2af514f809f8a505f9a5
06faa507f5a502f6a503f7a504f209f2
a3fff3a500f4a501efa3fcf0a3fdf1a3
fee914ec09eca3f9eda3faeea3fbe9a3
b3eaa3f7eba3f8e509e5a3f4e6a3f5e7
a3f6e1a3f1e2a3f2e3a3f365c14665a2
5866a28667a2ae68a409690015ed25f2
14f709f7a3b5f8a3b6f9a3b7f2a3b2f3
a3b3f4a3b4eda3adeea3aeefa3aff0a3
b0f1a3b1e614ea09eaa3aaeba3abeca3
ace6a3a7e7a3a8e9a3a9e1a3a2e2a3a3
e3a3a4e4a3a5e5a3a60df117f50cf5a3
69f7a36af9a36bfaa36cf1a366f2a367
f3a368e50ce5a362eba363eca364eda3
65e1a35fe2a360e3a3610bee14f309f3
a377f5a378faa379eea374efa375f0a3
76e809e8a371e9a372eba373e2a36ee4
a36fe5a3700019ee2df417f70cf7a390
f8a391f9a392faa393f4a38df5a38ef6
a38ff109f1a38af2a38bf3a38ceea387
efa388f0a389e717ea0ceaa383eba384
eca385eda386e7a380e8a381e9a382e4
09e4a37de5a37ee6a37fe1a37ae2a37b
e3a37c0ded17f00cf0a39ef2a39ff3a3
a0f4a3a1eda39beea39cefa39de80ce8
a397e9a398eba399eca39ae1a394e2a3
95e7a39661a25062a28563a2d4640014
ee25f414f809f8a35bf9a35cfaa35df4
a358f5a359f7a35aeea353efa354f0a3
55f1a356f2a357e70fe7a34ee8a34fe9
a350eaa351eca352e1a349e2a34ae4a3
4be5a34ce6a34d0015ed1af30ef706f7
4bf84dfa4ff33df447f549ed3dee3fef
41f043f145e60ee906e937eb39ec3be6
31e733e835e127e229e32be42de52f00
18ee30f410f708f77ff881f983fa85f4
79f57bf67df116f128f275f377012a2c
4c126174ee73012a715410d273ee6bef
6df06fe70eea06ea65ec67ed69e75fe8
61e963e406e459e55be65de153e255e3
570015f022f514f809f8a346f9a347fa
a348f5a343f6a344f7a345f09df19ff2
a1f3a341f4a342e80eec06ec97ed99ee
9be891e993eb95e187e289e48be58de6
8f
        }
    }
    match{
        distances:intvector{
            80,
            50,
            4,
            3,
        }
        paradigmnum:intvector{
            429941505,
            420631446,
            429626712,
            419470284,
            429036260,
            430374704,
        }
        partitions{
            ".",
            "0",
            "1",
            "2",
            "3",
            "4",
            "5",
            "6",
            "0123456",
            "04",
            "13",
            "02",
            "06",
            "026",
            "05",
            "012345",
        }
        regionToPartitions:bin{
000008090a00020000000b0009000201
090001010a000a000000000000000a0c
000000010b0000000100000000000000
000000000000010100000b0000000b00
00000000000000000000000000000000
00000000000000000000000000000000
00000000000000000000000000000000
00000000000000000000000000000000
0000000000000000000000000000000d
010001000000000e0100000e01000000
00000000000000000000000000000000
00000000000000000000000000000000
00000000000000000000000900000000
00000000000000000000000000000000
00000000000000000000000000000000
00000000000000000000000000000000
00000000000000000000000000000000
00000000000000000000000000000000
00000000000000000000000000000000
00000000000000000000000000000000
00000000000000000000000000000000
00000000000000000000000000000000
00000000000000000000000000000000
00000000000000000000000000000000
00000000000000000000000000000000
00000000000000000000000000000000
000000000a0000000000000000000000
00000000000000000000000000000000
00000000000000000000000000000000
00000000000000000000000000000000
00000000000000000000000000000000
00000000000000000000000000000000
00000000000000000000000000000000
00000000000000000000000000000000
00000000000000000000000000000000
00000000000000000000000000000000
00000000000000000000000000000000
00000000000000000000000000000000
00000000000000000000000000000000
00000000000000000000000000000000
00000000000000000000000000000000
00000000000000000000000000000000
00000000000000000000000000000000
00000000000000000000000000000000
00000000000000000000000000000000
00000000000000000000000000000000
00000000000000000000000000000000
00000000000000000000000000000000
00000000000000000000000000000000
00000000000000000000000000000000
00000000000000000000000000000000
00000000000000000000000000000000
00000000000000000000000000000000
00000000000000000000000000000000
00000000000000000000000000000000
00000000000000000000000000000000
00000000000000000000000000000000
00000000000000000000000000000000
00000000000000000000000000000000
00000000000000000000000000000000
00000000000000000000000000000000
00000000000000000000000000000000
00000000000000000000000101010102
00020000010102010001020301010002
01000101020001010101010101000202
01020002020201010201000102040001
01000101010100010201010201010201
00020102010101000000010100010000
01010002000200000000000000000000
05010002000100010500000000000000
00000101010100000000010000000000
00000001010200010001000001000000
00000100000106000201020101010000
02010100020101020203000100020000
00000000000000000007000102000000
01000201000000000000000101010000
00000000010101010001010101000000
00000000000000010000000000000002
00010100000000000000000000000000
00010001010100000001020001000100
00000001000201010102000000000001
00010000000000000101010101000005
00050001010102010300000101010107
03020502010101010201010100010001
01010002000001000001010001000101
00000000010000000000000000000000
00010000000000000000000000000002
00000002010103000001010201000000
04010100000100020001000000000000
00000000000000010000000000010000
00000000000000010000000000000000
00010000000100010001000000010101
01010001010101010101010100000201
01010200020101010002010001010100
01010101050101000100020001010000
01010000000000010000000000030f00
00000004000000000002010100020002
00020004000000000100000000000001
00000000000000000000010000000000
00000000000000010000000000000000
00000000000000000001000000000000
00000000000000000000000001010000
00000000000000000000000001010000
00000001000000000000000000000001
00000000010000000001000000
        }
        trie:bin{
00196ec44274c1ad77c0c777a27d78a2
8779a2977a046c386daab3e138e856f5
1165ee5d12ed6df335117ae848012a85
4c166174ee48616ef335117ae820022a
8548344c166174ee48616ef34911616e
01e97ef41348616ef42007b30ab33eb4
3ab536b610b6292a2bb026b122b205b3
c8d8b329b429b52905b3c8ceb329b429
b5291248616e01f349f44901752aef11
66f25d12f57ae835016d2ae81165ee5d
02eda241f622f7116de7350369327538
e93eef1165ee5d12e879e93512e57ae8
351165ee5c012a8548166562f24c6174
ee35744a75a2b476016b2c7212ef65f4
3501eb22f4116df3350ee171eb0eeba2
a5eea2d9efa2d6f41172f55de14ee592
e7aa6ae91165ee5c012a8545167468e9
4c6174ee350165427410e120012a854c
166174ee54616dec4910ee5c012a8554
16616dec4c6174ee350165427410e520
012a854c166174ee54656cf54910ee5c
012a855416656cf54c6174ee356c1c6c
366dac3b75367812f96de73512e865ee
5d01eda258f9126b6cee35643265a2e4
6b12e76de73512f86de7350472527a58
e75ef2a4effa1172f55c012a854c1661
74ee437972ec3512eb6df33512f375fa
35117ae84971c18271a2b472a4517300
14e45fef30f40af428f5a842f71165ee
5def78f174f2107301e829f220022a85
43344c166174ee437972ec2b167972ec
4c6174ee2be4a48ce832e942eb60ee11
65ee5d0262ac4f68227310f2291165ee
5c012a855316696ee84c6174ee351163
f3496b256b36703c72427348e11168e9
5d12e76de73512f66ff23512ef73e335
01e8b045f91161e1296338643e674a68
526a12e37ae83512ee69f44901e322ee
1173e33513e36b6cee3512f561f23504
753a769077a26478a26df51165f35d0c
ec16f30bf32af726f822f91171f535ec
26f022f21171f535e709e726e822eb11
71f535e226e422e61171f5350ded16f0
0bf02af326f722fa1171f535ed26ee22
ef1171f535e80be82ae926ea22ec1171
f535e126e322e51171f53503e12ae326
e822f31171f5350aef14f409f426f522
f71171f535ef26f022f21171f535e12e
e32ae826ec22ee1171f5351171f53503
61a838ed44ee48f702652c662e7210ee
3510ee5d10f2671164e54902652c662e
7210f73510ee6710f25d6ea2736fa2d9
70086b516bac1e7362e170f38ef41170
f4a28007b3c4ddb3aaf7b426b522b604
b029b229b429b529b62901e5a2d5f411
70f3351165ee5c012a8547167572f54c
6174ee351165ee5c012a8541167261e2
4c6174ee356234633a65406712e161f2
3512f470f33512ed65ee4912ec6df335
0a7946ee19ee2eef38f91165ee5d106e
01e249ef4901647c6e01e223ee497948
e256e51165ee5c012a8544166576e14c
6174ee3501e4a67dee1165ee5d01642c
6e01ee49ef2310e13161a8646834693a
6c427312ef65ee5d12e467ee3513f16b
6cee3513e56c75f935046b54725ce3ae
3deda2e0f21165ee5c012a854f167279
e14c6174ee3513e96b6cee3502e3a6cb
ee22f3116df33567c3346ac2576aa2b8
6ba4106ca4bc6d00107669ee35eea40d
f24ef374f4a29df91165ee5c012a854d
16796df24c6174ee350168a6626d10f2
20012a854c166174ee446576e1491169
e45d7676e7a449e9a619ec0165426d10
ec20012a854c166174ee4d6c79ed4910
ee5c012a854d166c79ed4c6174ee3512
e66dee356e1b6ea8f4713073367512e9
6df33512e76df33501e8acb9e9116df3
3561346548664e6912ee6df33501e92a
f8116df3351168e94912ef6df33502e1
4ae246e51165ee5d02612ee13af61169
e44901eb22f8116df335116ae120032a
8548384b784c166174ee4a7061ee2b02
6136694272156bf44a7061ee2b156ee9
4a7061ee2b1172e10148464a127061ee
2b12616ee101482c4a127061ee2b1272
6bf42b0beb73ef36ef2ef57cf91172f5
5d116bef20022a8548464a12616def01
482c4b126f72e52b12616ee72b11616e
01e722e9134b6f72e52b1174f25deba8
d7ed6aee0165426b10ee20012a854c16
6174ee4b6e64e14910ee5c012a854b16
6e64e14c6174ee351165ee5c012a854b
16686df24c6174ee35781f782ee134e7
1166f25d12e46df3351165ee5c012a85
4716656ff24c6174ee356e36723e7601
e222f2116df33513ee6b6feb3512e965
ee5d0e7541e21de24ee7a2a0ee72ef11
65ee5c012a854c16616fef4c6174ee35
1164e529753277467a4ee11169f44901
e12ae8117ae8351166f25d13e76c75f9
3512e87ae8356f2a6f48724e735c7402
e730ef22f3126c75f935116cf63512fa
65ee5d01e922ed126c75f93513ed6c75
f935634669526b02e226ef22f3126c75
f935126c75f93501e522e6116df33512
f76df335676a68a2766905e40ae4a8c1
e734f31165ee49642e6b36e11165ee5d
13e16c75f93512f469f53509e124e1a2
9be4a298eca403eea400f50167286810
e95d10f520012a854c166174ee47756a
f249613e6b526e5a73607501e922ee11
67ee3502e1a454eea489f8116fed3513
f06b70e53512f767ee3512f764e52908
e137e1a436e94ef26cf4a832f91172f5
5c012a854116726dee437972ec351168
e920012a854c166174ee446576e14901
62287310e82910f32961346a4e6e5473
12ee7ae83502e530eba428f71165ee49
116fed3512e96df33512ed7ae83564c0
ea648865a248660366327538ef6af911
6eec4912ed66e63506e80be82ae926f1
22f61166e635e226e522e61166e63511
66e6351164e149027434753ae1106e01
e231ef3112f96ee53512f06df33506ee
85ee36efa285f3a241f51165f3491165
eea28007b31db364b426b538b604b029
b129b429b527b62904b027b127b427b5
27b6272a2bb030b12cb201b229b32904
b029b129b429b527b6291165f3a28007
b312b37ab426b522b604b029b229b429
b529b6292a2bb026b14eb204b029b229
b429b529b62904b029b229b429b529b6
2901b129b3296e2e7936e51165ee5d13
e26b6cee3513ef6b6cee3561a26962a4
a2630e7030e111e1a2d6efa4e1f32af9
1165ee491173eb4970427248737e7a01
e822ef117ae835117ae83512f87ae835
12f366f2496a1b6a346b3a6e406f12e1
6df33512f97ae83512e261f25d12f07a
e835643065366812f265ee4912ef7ae8
3513e26669ec5d001576bce692f275f2
4af9a26cfa1172f55c012a854c166174
ee437972ec351161f220012a5a4c1661
74ee417261e24807b327b32ab460b522
b605b336b329b529b6298407b313b32a
b438b522b605b322b329b529b62910b4
292a2bb026b122b205b30fb329b529b6
2905b306b329b529b629b029b129b229
1165f349e64aeba2aded1165ee5c012a
8545167468e94c6174ee351165ee4976
36793c7a50e156e21172f55d12ec61f2
3503e82aec26ee22f01161f23512e261
fa35127373f9296635701e7030723c75
12fa61f23501e322e41161f23503f12a
f326f922fa1161f235663069366c12ee
73f13512e261f23513e97379f235613e
624e635a64906501e222e31161f23502
e526ef32f41173f13501e822f61161f2
3505f709f726f822f91161f235e82eed
22f11161f2351165ee5d1161f23512e6
61f2350e7668ee4aee3eef82f2a0f301
68287310e82910f2290162426510ee5c
012a854216656ee74c6174ee3510ee20
012a854c166174ee42656ee749117ae8
48012a8554166962f448616ef3351166
f24976327a3ee544e81168e95d01e522
f5116df33512e36de7351172f5496822
68346a3a6d4e7412ea6df33512f26de7
3501ee2af1116de735116df33512ed6d
e735613062366512ed65ee5d12ec75f2
4912fa61f235
        }
    }
}
