// Copyright (C) 2016 and later: Unicode, Inc. and others.
// License & terms of use: http://www.unicode.org/copyright.html
// Copyright (C) 1999-2016, International Business Machines
// Corporation and others.  All Rights Reserved.
//
// file name: uchar_props_data.h
//
// machine-generated by: icu/tools/unicode/c/genprops/corepropsbuilder.cpp

#ifdef INCLUDED_FROM_UCHAR_C

static const UVersionInfo dataVersion={0x12,0,0,0};

static const uint16_t propsTrie_index[24744]={
0x4a6,0x4ae,0x4b6,0x4be,0x4d6,0x4de,0x4e6,0x4ee,0x4f6,0x4fe,0x504,0x50c,0x514,0x51c,0x524,0x52c,
0x532,0x53a,0x542,0x54a,0x54d,0x555,0x55d,0x565,0x56d,0x575,0x571,0x579,0x581,0x589,0x58e,0x596,
0x59e,0x5a6,0x5aa,0x5b2,0x5ba,0x5c2,0x5ca,0x5d2,0x5ce,0x5d6,0x5db,0x5e3,0x5e9,0x5f1,0x5f9,0x601,
0x609,0x611,0x619,0x621,0x626,0x62e,0x631,0x639,0x641,0x649,0x64f,0x657,0x656,0x65e,0x666,0x66e,
0x67e,0x676,0x686,0x68e,0x694,0x611,0x6a4,0x69c,0x6b4,0x6b6,0x6be,0x6ac,0x6ce,0x6d4,0x6dc,0x6c6,
0x6ec,0x6f2,0x6fa,0x6e4,0x70a,0x710,0x718,0x702,0x728,0x72e,0x736,0x720,0x746,0x74e,0x756,0x73e,
0x766,0x76c,0x774,0x75e,0x784,0x78a,0x792,0x77c,0x7a2,0x7a7,0x7af,0x79a,0x7bf,0x7c6,0x7ce,0x7b7,
0x652,0x7d6,0x7de,0x4c6,0x7e6,0x7ed,0x7f5,0x4c6,0x7fd,0x805,0x80d,0x812,0x81a,0x821,0x829,0x4c6,
0x611,0x831,0x839,0x841,0x849,0x59e,0x859,0x851,0x611,0x611,0x611,0x611,0x611,0x611,0x611,0x611,
0x611,0x611,0x861,0x611,0x869,0x86d,0x875,0x611,0x87b,0x611,0x881,0x889,0x891,0x59e,0x59e,0x899,
0x8a1,0x611,0x611,0x611,0x611,0x611,0x611,0x611,0x611,0x611,0x611,0x611,0x611,0x611,0x611,0x611,
0x611,0x611,0x611,0x8a6,0x8ae,0x611,0x611,0x8b6,0x8be,0x8c6,0x8ce,0x8d6,0x611,0x8de,0x8e6,0x8ee,
0x8fe,0x611,0x906,0x908,0x910,0x8f6,0x611,0x913,0x927,0x91b,0x923,0x92f,0x611,0x937,0x93d,0x945,
0x94d,0x611,0x95d,0x965,0x96d,0x955,0x56d,0x975,0x985,0x988,0x990,0x97d,0x9a0,0x998,0x611,0x9a7,
0x611,0x9b6,0x9af,0x9be,0x9c6,0x9ca,0x9d2,0x9da,0x546,0x9e2,0x9e5,0x9eb,0x9f2,0x9e5,0x56d,0x56d,
0x4f6,0x4f6,0x4f6,0x4f6,0x9fa,0x4f6,0x4f6,0x4f6,0xa0a,0xa12,0xa1a,0xa22,0xa2a,0xa2e,0xa36,0xa02,
0xa4e,0xa56,0xa3e,0xa46,0xa5e,0xa66,0xa6d,0xa75,0xa8d,0xa7d,0xa85,0xa95,0xa9d,0xaac,0xab1,0xaa4,
0xab9,0xab9,0xab9,0xab9,0xab9,0xab9,0xab9,0xab9,0xac1,0xac9,0x945,0xacc,0xad4,0xadb,0xae0,0xae8,
0x945,0xaee,0xaf6,0xb06,0xb09,0x945,0x945,0xafe,0x945,0x945,0x945,0x945,0x945,0xb18,0xb20,0xb10,
0x945,0x945,0x945,0xb25,0x945,0x945,0x945,0x945,0x945,0x945,0x945,0xb2b,0xb33,0x945,0xb3b,0xb42,
0x945,0x945,0x945,0x945,0x945,0x945,0x945,0x945,0xab9,0xab9,0xab9,0xab9,0xb4a,0xab9,0xb51,0xb58,
0xab9,0xab9,0xab9,0xab9,0xab9,0xab9,0xab9,0xab9,0x945,0xb60,0xb67,0xb6b,0x945,0x945,0x945,0x945,
0x59e,0x5a6,0x546,0xb73,0x4f6,0x4f6,0x4f6,0xb7b,0x546,0xb83,0x611,0xb89,0xb99,0xb91,0xb91,0x56d,
0xba9,0xbb1,0xbb9,0xba1,0xbc1,0x945,0x945,0xbc8,0x945,0x945,0x945,0x945,0x945,0x945,0xaeb,0xbcd,
0xbdd,0xbd5,0x652,0x611,0xbe5,0x8a1,0x611,0xbed,0xbf5,0xbf9,0x611,0x611,0xbfe,0x611,0x945,0xc05,
0xc0d,0xc15,0xc1b,0x945,0xc15,0xc23,0x945,0x945,0x945,0x945,0x945,0x945,0x945,0x945,0x945,0x945,
0xc2b,0x611,0x611,0x611,0xc33,0x611,0x611,0x611,0x611,0x611,0x611,0x611,0x611,0x611,0x611,0x611,
0x611,0x611,0x611,0x611,0x611,0x611,0x611,0x611,0x611,0x611,0x611,0x611,0x611,0x611,0x611,0x611,
0x611,0xc39,0x611,0x611,0x611,0x611,0x611,0x611,0x611,0x611,0x611,0x611,0x611,0x611,0x611,0x611,
0x611,0x611,0x611,0x611,0x611,0x611,0x611,0x611,0x611,0x611,0xc3e,0x611,0x611,0x611,0x611,0x611,
0x611,0x611,0x611,0x611,0x611,0x611,0x611,0x611,0x611,0x611,0x611,0x611,0x611,0x611,0x611,0x611,
0x611,0x611,0x611,0x611,0x611,0x611,0x611,0x611,0x611,0x611,0x611,0x611,0x611,0x611,0x611,0x611,
0x611,0x611,0x611,0x611,0x611,0x611,0x611,0x611,0x611,0x611,0x611,0x611,0x611,0x611,0x611,0x611,
0x611,0x611,0x611,0x611,0x611,0x611,0x611,0x611,0x611,0x611,0x611,0x611,0x611,0x611,0x611,0x611,
0x611,0x611,0x611,0x611,0x611,0x611,0x611,0x611,0x611,0x611,0x611,0x611,0x611,0x611,0x611,0x611,
0x611,0x611,0x611,0x611,0x611,0x611,0x611,0x611,0x611,0x611,0x611,0x611,0x611,0x611,0x611,0x611,
0x611,0x611,0x611,0x611,0x611,0x611,0x611,0x611,0x611,0x611,0x611,0x611,0x611,0x611,0x611,0x611,
0x611,0x611,0x611,0x611,0x611,0x611,0x611,0x611,0x611,0x611,0x611,0x611,0x611,0x611,0x611,0x611,
0x611,0x611,0x611,0x611,0x611,0x611,0x611,0x611,0x611,0x611,0x611,0x611,0x611,0x611,0x945,0x945,
0xc46,0xc4d,0xc4f,0x611,0xc57,0xc5d,0xc65,0xc6d,0xc72,0x611,0x611,0xc76,0x611,0x611,0x611,0xc7c,
0xc83,0x611,0x611,0x611,0x611,0x611,0x611,0x611,0xc8a,0x611,0xc91,0xc97,0x611,0x611,0x611,0x611,
0x611,0x611,0x611,0x611,0x611,0x611,0x611,0x611,0x611,0x611,0xc9f,0x611,0x611,0x611,0xca7,0x611,
0x611,0x611,0x611,0x611,0x611,0x611,0x611,0x611,0x611,0x611,0x611,0x611,0x611,0x611,0x611,0x611,
0x611,0x611,0x611,0x611,0x611,0x611,0xca9,0x611,0x611,0x611,0x611,0x611,0x611,0x611,0x611,0x611,
0x611,0x611,0x611,0x611,0x611,0x611,0x611,0xcb0,0x611,0x611,0x611,0x611,0x611,0x611,0x611,0x611,
0x611,0x611,0x611,0x611,0x611,0x611,0x611,0x611,0x611,0x611,0x611,0x611,0x611,0x611,0x611,0x611,
0x611,0x611,0x611,0x611,0x611,0x611,0x611,0x611,0x611,0x611,0x611,0x611,0x611,0x611,0x611,0x611,
0x611,0x611,0x611,0xcb7,0x611,0x611,0x611,0xcbe,0xcc6,0x611,0x611,0x611,0x611,0x611,0x611,0x611,
0x611,0x611,0x611,0x611,0x611,0x611,0x611,0x611,0x611,0x611,0x611,0x611,0x611,0x611,0x611,0x611,
0x611,0x611,0x611,0x611,0x611,0x611,0xccb,0xcd0,0x611,0x611,0xcd8,0x611,0x611,0x611,0x611,0x611,
0x611,0x611,0x611,0x611,0x611,0x611,0x611,0x611,0x611,0x611,0x611,0x611,0x611,0x611,0x611,0x611,
0x611,0x611,0x611,0x611,0x611,0x611,0x611,0x611,0x611,0x611,0x611,0x611,0x611,0x611,0xcdc,0x611,
0x611,0x611,0x611,0x611,0x611,0x611,0x611,0x611,0x611,0x611,0x611,0x611,0x611,0x611,0x611,0x611,
0x611,0x611,0x611,0x611,0x611,0x611,0x611,0x611,0x611,0x611,0x611,0x611,0x611,0x611,0x611,0x611,
0x611,0x611,0x611,0x611,0x611,0x611,0x611,0x611,0xce1,0x611,0x611,0x611,0x611,0x611,0x611,0x611,
0x611,0x611,0x611,0x611,0x611,0x611,0x611,0x611,0xcdf,0x611,0x611,0x611,0x611,0x611,0x611,0x611,
0x611,0x611,0x611,0x611,0x611,0x611,0x611,0x611,0x611,0x611,0x611,0x611,0x611,0x611,0x611,0x611,
0x611,0x611,0x611,0x611,0x611,0x611,0x611,0x611,0x611,0x611,0x611,0x611,0xce9,0x611,0x611,0x611,
0x611,0x611,0x611,0x611,0x611,0x611,0x611,0x611,0x611,0x611,0x611,0x611,0x611,0x611,0x611,0x611,
0x611,0x611,0x611,0xcef,0xcf7,0x611,0x611,0x611,0x611,0x611,0x611,0x611,0x611,0x611,0x611,0x611,
0x611,0x611,0x611,0x611,0x611,0x611,0x611,0x611,0x611,0x611,0x611,0x611,0x611,0x611,0x611,0xcfd,
0x611,0x611,0x611,0x611,0x611,0x611,0x611,0x611,0x611,0x611,0x611,0x611,0x611,0x611,0x611,0x611,
0x611,0x611,0x611,0x611,0x611,0x611,0x611,0x611,0x611,0x611,0x611,0x611,0x611,0x611,0x611,0x611,
0x611,0x611,0x611,0x611,0x611,0x611,0x611,0x611,0x611,0x611,0x611,0x611,0x611,0x611,0x611,0x611,
0x611,0x611,0x611,0x611,0xd04,0x611,0x611,0x611,0x611,0x611,0x611,0x611,0x611,0x611,0x611,0x611,
0x611,0x611,0x611,0x611,0x611,0x611,0x611,0x611,0x611,0x611,0x611,0x611,0x611,0x611,0x611,0x611,
0x611,0xd09,0x611,0x611,0x611,0x611,0x611,0x611,0x611,0x611,0x611,0x611,0x611,0x611,0x611,0x611,
0x611,0x611,0x611,0x611,0x611,0x611,0x611,0x611,0x611,0x611,0x611,0x611,0x611,0x611,0x611,0x611,
0x611,0x611,0x611,0x611,0x611,0x611,0x611,0x611,0x611,0x611,0x611,0x611,0x611,0x611,0x611,0x611,
0x611,0x611,0x611,0x611,0x611,0x611,0x611,0x611,0x611,0x611,0x611,0x611,0x611,0x611,0x611,0x611,
0x611,0x611,0x611,0x611,0x611,0xd0e,0x611,0x611,0x611,0xc4a,0x611,0x611,0x611,0x611,0x611,0x611,
0x611,0x611,0x611,0x611,0x611,0x611,0x611,0x611,0x611,0x611,0x611,0x611,0x611,0x611,0x611,0x611,
0x611,0x611,0x611,0x611,0x611,0x611,0x611,0x611,0x611,0x611,0x611,0x611,0x611,0x611,0x611,0x611,
0xceb,0x611,0x611,0x611,0x611,0x611,0x611,0x611,0x611,0x611,0x611,0x611,0x611,0x611,0x611,0x611,
0x611,0x611,0x611,0x611,0x611,0xd14,0x611,0x611,0x611,0x611,0x611,0x611,0x611,0x611,0x611,0x611,
0x611,0xd1c,0xd23,0xd27,0x611,0x611,0x611,0xce3,0x611,0x611,0x611,0x611,0x611,0x611,0x611,0x611,
0x611,0x611,0x611,0x611,0x611,0x611,0x611,0x611,0x611,0x611,0x611,0x611,0x611,0x611,0x611,0x611,
0x611,0x611,0x611,0x611,0x611,0x611,0x611,0x611,0x611,0x611,0x611,0x611,0x611,0x611,0x611,0x611,
0x611,0x611,0x611,0x611,0x611,0x611,0x611,0x611,0x611,0x611,0x611,0x611,0x611,0x611,0x611,0x611,
0x611,0x611,0x611,0x611,0x611,0x611,0x611,0x611,0x611,0x611,0x611,0x611,0x611,0x611,0x611,0x611,
0xd36,0x611,0x611,0x611,0x611,0x611,0x611,0x611,0x611,0x611,0x611,0x611,0x611,0x611,0x611,0x611,
0x611,0x611,0x611,0x611,0x611,0x611,0x611,0x611,0x611,0x611,0x611,0x611,0x611,0x611,0x611,0x611,
0x611,0x611,0x611,0x611,0xd2e,0x945,0xd3e,0x9be,0x611,0x611,0x611,0x611,0x611,0x611,0x611,0x611,
0xd43,0xd4b,0x4f6,0xd5b,0xd53,0x611,0x611,0xd63,0xd6b,0xd7b,0x4f6,0xd80,0xd88,0xd8e,0xd95,0xd73,
0xd9d,0xda5,0x611,0xdad,0xdbd,0xdc0,0xdb5,0xdc8,0x666,0xdd0,0xdd7,0x907,0x6b4,0xde7,0xddf,0xdef,
0x611,0xdf7,0xdff,0xe07,0x611,0xe0f,0xe17,0xe1f,0xe27,0xe2f,0xe33,0xe3b,0x546,0x546,0x611,0xe43,
0x611,0x611,0x611,0x611,0x611,0x611,0x611,0x611,0x611,0x611,0x611,0x611,0x611,0x611,0x611,0x611,
0x611,0x611,0x611,0x611,0x611,0x611,0x611,0x611,0x611,0x611,0x611,0x611,0x611,0x611,0x611,0x611,
0x611,0x611,0x611,0x611,0x611,0x611,0x611,0x611,0x611,0x611,0x611,0x611,0x611,0x611,0x611,0x611,
0x611,0x611,0x611,0x611,0x611,0x611,0x611,0x611,0x611,0x611,0x611,0x611,0x611,0x611,0x611,0x611,
0x611,0x611,0x611,0x611,0x611,0x611,0x611,0x611,0x611,0x611,0x611,0x611,0x611,0x611,0x611,0x611,
0x611,0x611,0x611,0x611,0x611,0x611,0x611,0x611,0x611,0x611,0x611,0x611,0x611,0x611,0x611,0x611,
0x611,0x611,0x611,0x611,0x611,0x611,0x611,0x611,0x611,0x611,0x611,0x611,0x611,0x611,0x611,0x611,
0x611,0x611,0x611,0x611,0x611,0x611,0x611,0x611,0x611,0x611,0x611,0x611,0x611,0x611,0x611,0x611,
0x611,0x611,0x611,0x611,0x611,0x611,0x611,0x611,0x611,0x611,0x611,0x611,0x611,0x611,0x611,0x611,
0x611,0x611,0x611,0x611,0x611,0x611,0x611,0x611,0x611,0x611,0x611,0x611,0x611,0x611,0x611,0x611,
0x611,0x611,0x611,0x611,0x611,0x611,0x611,0x611,0x611,0x611,0x611,0x611,0x611,0x611,0x611,0x611,
0x611,0x611,0x611,0x611,0x611,0x611,0x611,0x611,0x611,0x611,0x611,0x611,0x611,0x611,0x611,0x611,
0x611,0x611,0x611,0x611,0x611,0x611,0x611,0x611,0x611,0x611,0x611,0x611,0x611,0x611,0x611,0x611,
0x611,0x611,0x611,0x611,0x611,0x611,0x611,0x611,0x611,0x611,0x611,0x611,0x611,0x611,0x611,0x611,
0x611,0x611,0x611,0x611,0x611,0x611,0x611,0x611,0x611,0x611,0x611,0x611,0x611,0x611,0x611,0x611,
0x611,0x611,0x611,0x611,0x611,0x611,0x611,0x611,0x611,0x611,0x611,0x611,0x611,0x611,0x611,0x611,
0x611,0x611,0x611,0x611,0x611,0x611,0x611,0x611,0x611,0x611,0x611,0x611,0x611,0x611,0x611,0x611,
0x611,0x611,0x611,0x611,0x611,0x611,0x611,0x611,0x611,0x611,0x611,0x611,0x611,0x611,0x611,0x611,
0x611,0x611,0x611,0x611,0x611,0x611,0x611,0x611,0x611,0x611,0x611,0x611,0x611,0x611,0x611,0x611,
0x611,0x611,0x611,0x611,0x611,0x611,0x611,0x611,0x611,0x611,0x611,0x611,0x611,0x611,0x611,0x611,
0x611,0x611,0x611,0x611,0x611,0x611,0x611,0x611,0x611,0x611,0x611,0x611,0x611,0x611,0x611,0x611,
0x611,0x611,0x611,0x611,0x611,0x611,0x611,0x611,0x611,0x611,0x611,0x611,0x611,0xe4b,0xe57,0xe4f,
0x4c6,0x4c6,0x4c6,0x4c6,0x4c6,0x4c6,0x4c6,0x4c6,0x4c6,0x4c6,0x4c6,0x4c6,0x4c6,0x4c6,0x4c6,0x4c6,
0x4c6,0x4c6,0x4c6,0x4c6,0x4c6,0x4c6,0x4c6,0x4c6,0x4c6,0x4c6,0x4c6,0x4c6,0x4c6,0x4c6,0x4c6,0x4c6,
0xe5f,0xe5f,0xe5f,0xe5f,0xe5f,0xe5f,0xe5f,0xe5f,0xe5f,0xe5f,0xe5f,0xe5f,0xe5f,0xe5f,0xe5f,0xe5f,
0xe5f,0xe5f,0xe5f,0xe5f,0xe5f,0xe5f,0xe5f,0xe5f,0xe5f,0xe5f,0xe5f,0xe5f,0xe5f,0xe5f,0xe5f,0xe5f,
0xe67,0xe67,0xe67,0xe67,0xe67,0xe67,0xe67,0xe67,0xe67,0xe67,0xe67,0xe67,0xe67,0xe67,0xe67,0xe67,
0xe67,0xe67,0xe67,0xe67,0xe67,0xe67,0xe67,0xe67,0xe67,0xe67,0xe67,0xe67,0xe67,0xe67,0xe67,0xe67,
0xe67,0xe67,0xe67,0xe67,0xe67,0xe67,0xe67,0xe67,0xe67,0xe67,0xe67,0xe67,0xe67,0xe67,0xe67,0xe67,
0xe67,0xe67,0xe67,0xe67,0xe67,0xe67,0xe67,0xe67,0xe67,0xe67,0xe67,0xe67,0xe67,0xe67,0xe67,0xe67,
0xe67,0xe67,0xe67,0xe67,0xe67,0xe67,0xe67,0xe67,0xe67,0xe67,0xe67,0xe67,0xe67,0xe67,0xe67,0xe67,
0xe67,0xe67,0xe67,0xe67,0xe67,0xe67,0xe67,0xe67,0xe67,0xe67,0xe67,0xe67,0xe67,0xe67,0xe67,0xe67,
0xe67,0xe67,0xe67,0xe67,0xe67,0xe67,0xe67,0xe67,0xe67,0xe67,0xe67,0xe67,0xe67,0xe67,0xe67,0xe67,
0xe67,0xe67,0xe67,0xe67,0xe67,0xe67,0xe67,0xe67,0xe67,0xe67,0xe67,0xe67,0xe67,0xe67,0xe67,0xe67,
0xe67,0xe67,0xe67,0xe67,0xe67,0xe67,0xe67,0xe67,0xe67,0xe67,0xe67,0xe67,0xe67,0xe67,0xe67,0xe67,
0xe67,0xe67,0xe67,0xe67,0xe67,0xe67,0xe67,0xe67,0xe67,0xe67,0xe67,0xe67,0xe67,0xe67,0xe67,0xe67,
0xe67,0xe67,0xe67,0xe67,0xe67,0xe67,0xe67,0xe67,0xe67,0xe67,0xe67,0xe67,0xe67,0xe67,0xe67,0xe67,
0xe67,0xe67,0xe67,0xe67,0xe67,0xe67,0xe67,0xe67,0xe67,0xe67,0xe67,0xe67,0xe67,0xe67,0xe67,0xe67,
0xe67,0xe67,0xe67,0xe67,0xe67,0xe67,0xe67,0xe67,0x611,0x611,0x611,0xe6f,0x611,0xce4,0xe76,0xe7b,
0x611,0x611,0x611,0xe83,0x611,0x611,0x912,0x4c6,0xe99,0xe89,0xe91,0x611,0x611,0xea1,0xea9,0x611,
0x611,0x611,0x611,0x611,0x611,0x611,0x611,0x611,0x611,0xeae,0x949,0x611,0xeb6,0x611,0xebc,0xec0,
0xec8,0xed0,0xed7,0xedf,0x611,0x611,0x611,0xee5,0xefd,0x4b6,0xf05,0xf0d,0xf12,0x927,0xeed,0xef5,
0xe5f,0xe5f,0xe5f,0xe5f,0xe5f,0xe5f,0xe5f,0xe5f,0xe5f,0xe5f,0xe5f,0xe5f,0xe5f,0xe5f,0xe5f,0xe5f,
0xe5f,0xe5f,0xe5f,0xe5f,0xe5f,0xe5f,0xe5f,0xe5f,0xe5f,0xe5f,0xe5f,0xe5f,0xe5f,0xe5f,0xe5f,0xe5f,
0x1318,0x1318,0x1358,0x1398,0x13d8,0x1410,0x1450,0x1490,0x14c8,0x1508,0x1534,0x1574,0x15b4,0x15c4,0x1604,0x1638,
0x1678,0x16a8,0x16e8,0x1728,0x1738,0x176c,0x17a4,0x17e4,0x1824,0x1864,0x1898,0x18c4,0x1904,0x193c,0x1958,0x1998,
0xa80,0xac0,0xb00,0xb40,0xb80,0xbb5,0xbf5,0x1db,0xc18,0xa40,0xa40,0xa40,0xc50,0xc90,0x1db,0x1db,
0x1db,0xcd0,0xd04,0xa40,0xa40,0xd13,0xd53,0xd73,0xa40,0xd99,0xdd9,0xe19,0xe59,0xe99,0xed9,0xf18,
0xf58,0xf8f,0x1db,0x1db,0xfb3,0xfe7,0x1db,0x100f,0x1db,0x1db,0x1db,0x1db,0x103c,0x1db,0x1db,0x1db,
0x1db,0x1db,0x1db,0x1db,0x1050,0x1db,0x1db,0x1090,0x1db,0x109b,0x1db,0x1db,0x1db,0x10d1,0xa40,0x1111,
0x1db,0x1db,0x1151,0x1db,0x1171,0x1db,0x1198,0xa40,0xa40,0xa40,0xa40,0xa40,0xa40,0xa40,0xa40,0xa40,
0xa40,0xa40,0xa40,0xa40,0xa40,0xa40,0xa40,0xa40,0xa40,0xa40,0x1db,0x1db,0x1db,0x1db,0x1db,0x11d8,
0xa40,0xa40,0xa40,0xa40,0xa40,0xa40,0xa40,0xa40,0xa40,0xa40,0xa40,0xa40,0xa40,0xa40,0xa40,0xa40,
0xa40,0xa40,0xa40,0xa40,0xa40,0xa40,0xa40,0xa40,0xa40,0xa40,0xa40,0xa40,0xa40,0xa40,0xa40,0xa40,
0xa40,0xa40,0xa40,0xa40,0xa40,0xa40,0xa40,0xa40,0xa40,0xa40,0xa40,0xa40,0xa40,0xa40,0xa40,0xa40,
0xa40,0xa40,0xa40,0xa40,0xa40,0xa40,0xa40,0xa40,0xa40,0xa40,0xa40,0xa40,0xa40,0xa40,0xa40,0xa40,
0xa40,0xa40,0xa40,0xa40,0xa40,0xa40,0xa40,0xa40,0xa40,0xa40,0xa40,0xa40,0xa40,0xa40,0xa40,0xa40,
0xa40,0xa40,0xa40,0xa40,0xa40,0xa40,0xa40,0xa40,0xa40,0xa40,0xa40,0xa40,0xa40,0xa40,0xa40,0xa40,
0xa40,0xa40,0xa40,0xa40,0xa40,0xa40,0xa40,0xa40,0xa40,0xa40,0xa40,0xa40,0xa40,0xa40,0xa40,0xa40,
0xa40,0xa40,0xa40,0xa40,0xa40,0xa40,0xa40,0xa40,0xa40,0xa40,0xa40,0xa40,0xa40,0xa40,0xa40,0xa40,
0xa40,0xa40,0xa40,0xa40,0xa40,0xa40,0xa40,0xa40,0xa40,0xa40,0xa40,0xa40,0xa40,0xa40,0xa40,0xa40,
0xa40,0xa40,0xa40,0xa40,0xa40,0xa40,0xa40,0xa40,0xa40,0xa40,0xa40,0xa40,0xa40,0xa40,0xa40,0xa40,
0xa40,0xa40,0xa40,0xa40,0xa40,0xa40,0xa40,0xa40,0xa40,0xa40,0xa40,0xa40,0xa40,0xa40,0xa40,0xa40,
0xa40,0xa40,0xa40,0xa40,0xa40,0xa40,0xa40,0xa40,0xa40,0xa40,0xa40,0xa40,0xa40,0xa40,0xa40,0xa40,
0xa40,0xa40,0xa40,0xa40,0xa40,0xa40,0xa40,0xa40,0xa40,0xa40,0xa40,0xa40,0xa40,0xa40,0xa40,0xa40,
0xa40,0xa40,0xa40,0xa40,0xa40,0xa40,0xa40,0xa40,0xa40,0xa40,0xa40,0xa40,0xa40,0xa40,0xa40,0xa40,
0xa40,0xa40,0xa40,0xa40,0xa40,0xa40,0xa40,0xa40,0xa40,0xa40,0xa40,0xa40,0xa40,0xa40,0xa40,0xa40,
0xa40,0xa40,0xa40,0xa40,0xa40,0xa40,0xa40,0xa40,0xa40,0xa40,0xa40,0xa40,0xa40,0xa40,0xa40,0xa40,
0xa40,0xa40,0xa40,0xa40,0xa40,0xa40,0xa40,0xa40,0xa40,0xa40,0xa40,0xa40,0xa40,0xa40,0xa40,0xa40,
0xa40,0xa40,0xa40,0xa40,0xa40,0xa40,0xa40,0xa40,0xa40,0xa40,0xa40,0xa40,0xa40,0xa40,0xa40,0xa40,
0xa40,0xa40,0xa40,0xa40,0xa40,0xa40,0xa40,0xa40,0xa40,0xa40,0xa40,0xa40,0xa40,0xa40,0xa40,0xa40,
0xa40,0xa40,0xa40,0xa40,0xa40,0xa40,0xa40,0xa40,0xa40,0xa40,0xa40,0xa40,0xa40,0xa40,0xa40,0xa40,
0x1218,0xa40,0xa40,0xa40,0xa40,0xa40,0xa40,0xa40,0xa40,0xa40,0xa40,0xa40,0xa40,0xa40,0xa40,0xa40,
0xa40,0xa40,0xa40,0xa40,0xa40,0xa40,0xa40,0xa40,0xa40,0xa40,0xa40,0xa40,0xa40,0xa40,0xa40,0xa40,
0x700,0x700,0x700,0x700,0x700,0x700,0x700,0x700,0x700,0x700,0x700,0x700,0x700,0x700,0x700,0x700,
0x700,0x700,0x700,0x700,0x700,0x700,0x700,0x700,0x700,0x700,0x700,0x700,0x700,0x700,0x700,0x1258,
0x700,0x700,0x700,0x700,0x700,0x700,0x700,0x700,0x700,0x700,0x700,0x700,0x700,0x700,0x700,0x700,
0x700,0x700,0x700,0x700,0x700,0x700,0x700,0x700,0x700,0x700,0x700,0x700,0x700,0x700,0x700,0x1258,
0x4c6,0x4c6,0x4c6,0x4c6,0x4c6,0x4c6,0x4c6,0x4c6,0x4c6,0x4c6,0x4c6,0x4c6,0x4c6,0x4c6,0x4c6,0x4c6,
0x4c6,0x4c6,0x4c6,0x4c6,0x4c6,0x4c6,0x4c6,0x4c6,0x4c6,0x4c6,0x4c6,0x4c6,0x4c6,0x4c6,0x4c6,0x4c6,
0x4c6,0x4c6,0x4c6,0x4c6,0x4c6,0x4c6,0x4c6,0x4c6,0x4c6,0x4c6,0x4c6,0x4c6,0x4c6,0x4c6,0x4c6,0x4c6,
0x4c6,0x4c6,0x4c6,0x4c6,0x4c6,0x4c6,0x4c6,0x4c6,0x4c6,0x4c6,0x4c6,0x4c6,0x4c6,0x4c6,0x4c6,0x4c6,
0xf1a,0xf21,0xf29,0x4c6,0x611,0x611,0x611,0xf31,0xf41,0xf39,0xf58,0xf49,0xf50,0xf60,0xbcd,0xf68,
0x4c6,0x4c6,0x4c6,0x4c6,0x907,0x611,0xf70,0xf78,0x611,0xf80,0xf88,0xf8c,0xf94,0x611,0xf9c,0x4c6,
0x59e,0x5a8,0xfa4,0x611,0xfa8,0xfb0,0xfc0,0xfb8,0x611,0xfc8,0x611,0xfcf,0xfdf,0xfd7,0x611,0xfe7,
0x611,0x611,0x611,0x611,0x611,0x611,0x611,0x611,0x611,0xb99,0x913,0xfea,0xff9,0xff2,0x4c6,0x4c6,
0x1009,0x1001,0x100c,0x1014,0x927,0x101c,0x4c6,0x1024,0x102c,0x1034,0x912,0x4c6,0x611,0x1044,0x104c,0x103c,
0x105c,0x1063,0x1054,0x106b,0x1073,0x4c6,0x1083,0x107b,0x611,0x1086,0x108e,0x1096,0x109e,0x10a6,0x4c6,0x4c6,
0x611,0x611,0x10ae,0x4c6,0x59e,0x10b6,0x546,0x10be,0x611,0x10c6,0x10dd,0x10ce,0x10d5,0x4c6,0x4c6,0x4c6,
0x4c6,0x4c6,0x4c6,0x10e5,0x611,0x10ed,0x10fd,0x10f5,0x1104,0x110c,0x1113,0x1020,0x111b,0x1020,0x1123,0xb99,
0x1133,0x647,0x113b,0x112b,0x9a0,0x1143,0x114b,0x1151,0x1169,0x1159,0x1161,0x116d,0x9a0,0x117d,0x1175,0x1185,
0x119d,0x118d,0x1195,0x4c6,0x11a4,0x11ac,0x669,0x11b4,0x11c4,0x11ca,0x11d2,0x11bc,0x11e2,0x11e6,0x11ee,0x11da,
0x611,0x11f6,0x11fe,0x1206,0x611,0x120e,0x1216,0x4c6,0x4c6,0x4c6,0x4c6,0x4c6,0x611,0x121e,0x1226,0x4c6,
0x611,0x122e,0x1236,0x123e,0x611,0x124e,0x1246,0x1256,0x126e,0x125e,0x1266,0x4c6,0x4c6,0x4c6,0x4c6,0x4c6,
0x611,0x1276,0x4c6,0x4c6,0x4c6,0x59e,0x546,0x127e,0x128e,0x1294,0x1286,0x4c6,0x4c6,0x12a4,0x12a8,0x129c,
0x12c0,0x12b0,0x12b8,0x611,0x12ce,0x12c8,0x611,0x908,0x12de,0x4c6,0x4c6,0x12d6,0x4c6,0x4c6,0x611,0x12e6,
0x12fc,0x1301,0x12ee,0x12f6,0x1311,0x1309,0x4c6,0x4c6,0x1320,0x1324,0x1318,0x133b,0x132c,0x1334,0x133e,0x1346,
0x4c6,0x4c6,0x4c6,0x4c6,0x4c6,0x4c6,0x4c6,0x134e,0x135e,0x1363,0x1356,0x4c6,0x4c6,0x136b,0x137b,0x1373,
0x611,0x1383,0x611,0x138a,0x611,0x611,0x611,0x611,0x611,0x611,0x611,0x611,0x611,0x611,0x611,0x611,
0x611,0x1391,0x611,0x611,0x611,0x611,0x611,0x611,0x1397,0x611,0x611,0x611,0x139b,0x4c6,0x4c6,0x4c6,
0x13a9,0x13b1,0x13b9,0x13a3,0x611,0x611,0x611,0x611,0x611,0x611,0x13c1,0x13d9,0x13e1,0x13e9,0x13f1,0x13f9,
0x1401,0x1409,0x1411,0x13c9,0x13d1,0x4c6,0x4c6,0x4c6,0x4c6,0x4c6,0x4c6,0x4c6,0x4c6,0x4c6,0x4c6,0x4c6,
0x4c6,0x4c6,0x4c6,0x4c6,0x4c6,0x4c6,0x4c6,0x4c6,0x4c6,0x4c6,0x4c6,0x4c6,0x4c6,0x4c6,0x4c6,0x4c6,
0x4c6,0x4c6,0x4c6,0x4c6,0x4c6,0x4c6,0x4c6,0x4c6,0x4c6,0x4c6,0x4c6,0x4c6,0x4c6,0x4c6,0x4c6,0x4c6,
0x4c6,0x4c6,0x4c6,0x4c6,0x4c6,0x4c6,0x4c6,0x4c6,0x4c6,0x4c6,0x4c6,0x4c6,0x4c6,0x4c6,0x4c6,0x4c6,
0x4c6,0x1020,0x611,0x611,0x1419,0x611,0x611,0x611,0x611,0x611,0x611,0x611,0x611,0x611,0x611,0x611,
0x611,0x611,0x611,0x611,0x611,0x611,0x611,0x611,0x611,0x611,0x611,0x611,0x611,0x611,0x611,0x611,
0x611,0x611,0x611,0x611,0x611,0x611,0x1421,0x1429,0x611,0x611,0x611,0x611,0x611,0x611,0x611,0x611,
0x611,0x611,0x611,0x611,0x611,0x611,0x611,0x611,0x611,0x611,0x611,0x611,0x611,0x611,0x611,0x611,
0x611,0x611,0x611,0x611,0x611,0x611,0x611,0xf31,0x611,0x611,0x611,0x611,0x611,0x611,0x611,0x611,
0x611,0x611,0x611,0x611,0x611,0x611,0x611,0x611,0x611,0x611,0x1266,0x4c6,0x4c6,0x4c6,0x4c6,0x4c6,
0x4c6,0x4c6,0x4c6,0x4c6,0x4c6,0x4c6,0x4c6,0x4c6,0x658,0x1431,0x4c6,0x4c6,0x4c6,0x4c6,0x4c6,0x4c6,
0x4c6,0x4c6,0x4c6,0x4c6,0x4c6,0x4c6,0x4c6,0x4c6,0x4c6,0x4c6,0x4c6,0x4c6,0x4c6,0x4c6,0x4c6,0x4c6,
0x4c6,0x4c6,0x4c6,0x4c6,0x4c6,0x4c6,0x4c6,0x4c6,0x4c6,0x4c6,0x4c6,0x4c6,0x4c6,0x4c6,0x4c6,0x4c6,
0x4c6,0x4c6,0x4c6,0x4c6,0x4c6,0x4c6,0x4c6,0x4c6,0x4c6,0x4c6,0x4c6,0x4c6,0x4c6,0x4c6,0x4c6,0x4c6,
0x611,0x611,0x611,0x611,0x611,0x611,0x611,0x611,0x611,0x611,0x611,0x611,0x611,0x611,0x611,0x611,
0x611,0x908,0x927,0xde3,0x611,0x927,0x1334,0x1439,0x611,0x1441,0x1449,0x1451,0xfe8,0x4c6,0x4c6,0x4c6,
0x4c6,0x4c6,0x4c6,0x4c6,0x4c6,0x4c6,0x4c6,0x4c6,0x4c6,0x4c6,0x1461,0x1459,0x4c6,0x4c6,0x4c6,0x4c6,
0x4c6,0x4c6,0x59e,0x546,0x1469,0x1479,0x1471,0x4c6,0x611,0x611,0x1481,0x1486,0x148c,0x4c6,0x4c6,0x1494,
0x611,0x611,0x611,0x611,0x611,0x611,0x611,0x611,0x611,0x611,0x611,0x611,0x611,0x611,0x611,0x611,
0x611,0x611,0x611,0x611,0x611,0x611,0x611,0x611,0x611,0x611,0x611,0x611,0x611,0x611,0x611,0x611,
0x611,0x611,0x611,0x611,0x611,0x611,0xf31,0x149a,0x611,0x14a2,0x4c6,0x4c6,0x611,0x611,0x611,0x14aa,
0x611,0x611,0x611,0x611,0x611,0x611,0x611,0x611,0x611,0x611,0x611,0x611,0x611,0x611,0x611,0x611,
0x14b2,0x611,0x14aa,0x4c6,0x4c6,0x4c6,0x4c6,0x4c6,0x4c6,0x4c6,0x4c6,0x4c6,0x4c6,0x4c6,0x4c6,0x4c6,
0x4c6,0x4c6,0x4c6,0x4c6,0x4c6,0x4c6,0x4c6,0x4c6,0x4c6,0x4c6,0x4c6,0x4c6,0x4c6,0x4c6,0x4c6,0x4c6,
0x4c6,0x4c6,0x4c6,0x4c6,0x4c6,0x4c6,0x4c6,0x4c6,0x4c6,0x4c6,0x4c6,0x4c6,0x4c6,0x4c6,0x4c6,0x4c6,
0x4c6,0x4c6,0x4c6,0x4c6,0x4c6,0x4c6,0x4c6,0x4c6,0x4c6,0x4c6,0x4c6,0x4c6,0x4c6,0x4c6,0x4c6,0x4c6,
0x4c6,0x4c6,0x14b7,0x611,0x611,0x611,0x611,0x611,0x611,0x611,0x611,0x611,0x14bf,0x14c4,0x14cb,0x611,
0x611,0x611,0x611,0x611,0x611,0x611,0x611,0x611,0x611,0x611,0xe4f,0x4c6,0x4c6,0x4c6,0x4c6,0x4c6,
0x4c6,0x4c6,0x4c6,0x4c6,0x4c6,0x4c6,0x4c6,0x4c6,0x4c6,0x4c6,0x4c6,0x4c6,0x4c6,0x4c6,0x4c6,0x4c6,
0x4c6,0x4c6,0x4c6,0x4c6,0x4c6,0x4c6,0x4c6,0x4c6,0x4c6,0x4c6,0x4c6,0x4c6,0x4c6,0x4c6,0x4c6,0x4c6,
0x4c6,0x4c6,0x4c6,0x611,0x611,0x611,0x14d1,0x14d6,0x14de,0x4c6,0x4c6,0x4c6,0x4c6,0x4c6,0x4c6,0x4c6,
0x4c6,0x4c6,0x4c6,0x4c6,0x4c6,0x4c6,0x4c6,0x4c6,0x4c6,0x4c6,0x4c6,0x4c6,0x4c6,0x4c6,0x4c6,0x4c6,
0x4c6,0x4c6,0x4c6,0x4c6,0x4c6,0x4c6,0x4c6,0x4c6,0x4c6,0x945,0x945,0x945,0x945,0x945,0x945,0x945,
0x14e6,0x945,0x945,0x945,0x945,0x945,0x945,0x945,0x945,0x945,0x945,0x945,0x945,0x945,0x14ee,0x14fd,
0x14f5,0x56d,0x150d,0x1514,0x945,0x945,0x945,0x1505,0x4c6,0x945,0x945,0x945,0x945,0x945,0x945,0x945,
0xaeb,0x945,0x151b,0x945,0x1522,0x152a,0x1530,0x945,0x945,0x945,0x945,0x1538,0x945,0x1540,0x4c6,0x1548,
0x1548,0x945,0x945,0x1550,0x1558,0x4c6,0x4c6,0x4c6,0x4c6,0x1568,0x156f,0x1574,0x157a,0x1582,0x158a,0x1592,
0x156c,0x159a,0x15a2,0x15aa,0x15af,0x1581,0x1568,0x156f,0x156b,0x157a,0x15b7,0x1569,0x15ba,0x156c,0x15c2,0x15ca,
0x15d2,0x15d9,0x15c5,0x15cd,0x15d5,0x15dc,0x15c8,0x15e4,0x1560,0x945,0x945,0x945,0x945,0x945,0x945,0x945,
0x945,0x945,0x945,0x945,0x945,0x945,0x945,0x945,0x945,0x56d,0x15f4,0x56d,0x15fb,0x1602,0x15ec,0x4c6,
0x4c6,0x160a,0x4c6,0x4c6,0x4c6,0x4c6,0x4c6,0x4c6,0x4c6,0x4c6,0x4c6,0x4c6,0x4c6,0x4c6,0x4c6,0x4c6,
0x4c6,0x4c6,0x4c6,0x4c6,0x4c6,0x4c6,0x4c6,0x4c6,0x4c6,0x4c6,0x4c6,0x4c6,0x4c6,0x4c6,0x4c6,0x4c6,
0x4c6,0x1612,0x546,0x161a,0x1620,0x1628,0x4c6,0x162e,0x9e5,0x1636,0x163e,0x9e5,0x164e,0x1646,0x4c6,0x4c6,
0x4c6,0x611,0x165e,0x1656,0x4c6,0x4c6,0x4c6,0x4c6,0x4c6,0x4c6,0x4c6,0x4c6,0x4c6,0x1020,0x1666,0x611,
0x166e,0x4c6,0x4c6,0x4c6,0x4c6,0x4c6,0x4c6,0x4c6,0x4c6,0x4c6,0x4c6,0x4c6,0x4c6,0x4c6,0x4c6,0x1020,
0x1676,0x4c6,0x4c6,0x4c6,0x4c6,0x4c6,0x4c6,0x1020,0x167e,0x4c6,0x4c6,0x4c6,0x4c6,0x4c6,0x4c6,0x927,
0x1686,0x4c6,0x4c6,0x4c6,0x4c6,0x4c6,0x4c6,0x4c6,0x168e,0x611,0x611,0x611,0x611,0x611,0x611,0x1696,
0x4c6,0x59e,0x16a6,0x169e,0x4c6,0x4c6,0x4c6,0x4c6,0x4c6,0x4c6,0x4c6,0x4c6,0x4c6,0x4c6,0x4c6,0x4c6,
0x4c6,0x4c6,0x4c6,0x4c6,0x4c6,0x4c6,0x4c6,0x4c6,0x4c6,0x4c6,0x4c6,0x4c6,0x16ae,0x16be,0x16b6,0x4c6,
0x4c6,0x16ce,0x16c6,0x4c6,0x4c6,0x4c6,0x4c6,0x4c6,0x4c6,0x16de,0x16e6,0x16ee,0x16f6,0x16fe,0x1706,0x4c6,
0x16d6,0x4c6,0x4c6,0x4c6,0x4c6,0x4c6,0x4c6,0x4c6,0x4c6,0x945,0x170e,0x945,0x945,0xbc8,0x1713,0x1717,
0xaeb,0x171f,0x945,0x945,0x945,0x945,0x1724,0x4c6,0x172b,0x1733,0x1737,0x173f,0x1747,0x4c6,0x4c6,0x4c6,
0x4c6,0x945,0x945,0x945,0x945,0x945,0x945,0x945,0x174f,0x945,0x945,0x945,0x945,0x945,0x945,0x945,
0x945,0x945,0x945,0x945,0x945,0x945,0x945,0x945,0x945,0x945,0x945,0x945,0x945,0x945,0x945,0x1757,
0x175e,0x945,0x945,0x945,0x945,0x945,0x945,0x1737,0x170e,0x945,0x1766,0x945,0x176e,0x1773,0x177b,0x4c6,
0x945,0x945,0x945,0x945,0x945,0x945,0x945,0x945,0x945,0x945,0x1783,0x175a,0x945,0x945,0x178b,0x1793,
0x945,0x945,0x945,0x945,0x179b,0x945,0x945,0x17a0,0x4c6,0x4c6,0x4c6,0x4c6,0x4c6,0x4c6,0x4c6,0x4c6,
0x4c6,0x4c6,0x4c6,0x4c6,0x4c6,0x4c6,0x4c6,0x4c6,0x4c6,0x4c6,0x4c6,0x4c6,0x4c6,0x4c6,0x4c6,0x4c6,
0x4c6,0x4c6,0x4c6,0x4c6,0x4c6,0x4c6,0x4c6,0x4c6,0x17a8,0x611,0x611,0x17af,0x611,0x611,0x611,0x17b7,
0x611,0x17bf,0x611,0x611,0x611,0x611,0x611,0x611,0x611,0x611,0x611,0x611,0x611,0x611,0x611,0x611,
0x611,0x611,0x611,0x611,0x611,0x611,0x611,0x611,0x611,0x611,0x611,0x611,0x611,0x611,0x611,0x611,
0x611,0x611,0x611,0x611,0x611,0x611,0x611,0x611,0x611,0x611,0x611,0x611,0x611,0x611,0x611,0x611,
0x611,0x611,0x611,0x611,0x611,0x611,0x611,0x611,0xcbb,0x611,0x611,0x17c7,0x611,0x611,0x611,0x611,
0x611,0x611,0x611,0x611,0x611,0x611,0x17cf,0x17d7,0x611,0x611,0x611,0x611,0x611,0x611,0x611,0x611,
0x611,0x611,0x611,0x611,0x611,0x611,0x611,0x611,0x611,0x611,0x611,0x611,0x611,0x611,0x611,0x611,
0x611,0x611,0x611,0x611,0x611,0x611,0x611,0x611,0x611,0x611,0x611,0x611,0x611,0x611,0x611,0xc4a,
0x611,0x611,0x611,0x611,0x611,0x611,0x611,0x611,0x611,0x611,0x611,0x611,0x611,0x611,0x611,0x611,
0x611,0x611,0x611,0x611,0x611,0x611,0x611,0x611,0x611,0x611,0x611,0x611,0x611,0x611,0x611,0x611,
0x611,0x611,0x611,0x17de,0x611,0x611,0x611,0x611,0x611,0x611,0x611,0x611,0x611,0x611,0x611,0x611,
0x611,0x611,0x611,0x611,0x611,0x611,0x611,0x611,0x611,0x611,0x611,0x611,0x611,0x611,0x611,0x611,
0x611,0x611,0x611,0x611,0x611,0x611,0x611,0x611,0x611,0x611,0x611,0x611,0x611,0x611,0x611,0x611,
0x611,0x611,0x611,0x611,0x611,0x611,0x611,0x17e5,0x611,0x611,0x611,0x611,0x611,0x611,0x611,0x611,
0x611,0x611,0x611,0x611,0x611,0x611,0x611,0x611,0x611,0x611,0x611,0x611,0x611,0x611,0x611,0x611,
0x611,0x611,0x611,0x611,0x611,0x611,0x611,0x611,0x611,0x611,0x611,0x611,0x611,0x611,0x611,0x17ec,
0x611,0x611,0x611,0x611,0x611,0x611,0x611,0x611,0x611,0x611,0x611,0x611,0x611,0x611,0x611,0x611,
0x611,0x611,0x611,0x611,0x611,0x611,0x611,0x611,0x611,0x611,0x611,0x611,0x611,0x611,0x611,0x611,
0x611,0x611,0x611,0x611,0x611,0x611,0x611,0x611,0x611,0x611,0x611,0x611,0x611,0x611,0x611,0x611,
0x611,0x611,0x611,0x611,0x611,0x611,0x611,0x4c6,0x611,0x611,0x611,0x611,0x611,0x611,0x611,0x611,
0x927,0x611,0x611,0x611,0x611,0x611,0x611,0x611,0x611,0x611,0x611,0x611,0x611,0x611,0x611,0x611,
0x611,0x611,0x611,0x611,0x611,0x611,0x611,0x611,0x611,0x611,0x611,0x611,0x611,0x611,0x611,0x611,
0x611,0x611,0x611,0x611,0x611,0x611,0x611,0x611,0x611,0x611,0x611,0x611,0x611,0x611,0x611,0x611,
0x611,0x611,0x611,0x611,0x611,0x611,0x611,0x611,0x611,0x611,0x611,0x611,0x611,0x611,0x611,0x611,
0xe83,0x611,0x611,0x611,0x611,0x611,0x611,0x611,0x611,0x611,0x611,0x611,0x611,0x611,0x611,0x611,
0x611,0x611,0x611,0x611,0x611,0x611,0x611,0x611,0x611,0x611,0x611,0x611,0x611,0x611,0x611,0x611,
0x17f4,0x611,0x611,0x611,0x611,0x611,0x611,0x611,0x611,0x611,0x611,0x611,0x611,0x611,0x611,0x611,
0x611,0x611,0x611,0xfa8,0x4c6,0x4c6,0x4c6,0x4c6,0x4c6,0x4c6,0x4c6,0x4c6,0x4c6,0x4c6,0x4c6,0x4c6,
0x4c6,0x611,0x611,0x611,0x611,0x17f8,0x611,0x611,0x611,0x611,0x611,0x611,0x611,0x611,0x611,0x611,
0x611,0xfa8,0x4c6,0x4c6,0x4c6,0x4c6,0x4c6,0x4c6,0x4c6,0x4c6,0x4c6,0x4c6,0x4c6,0x4c6,0x4c6,0x4c6,
0x4c6,0x4c6,0x4c6,0x4c6,0x4c6,0x4c6,0x4c6,0x4c6,0x4c6,0x4c6,0x4c6,0x4c6,0x4c6,0x4c6,0x4c6,0x4c6,
0x4c6,0x4c6,0x4c6,0x4c6,0x4c6,0x4c6,0x4c6,0x4c6,0x4c6,0x4c6,0x4c6,0x4c6,0x4c6,0x4c6,0x4c6,0x4c6,
0x4c6,0x611,0x611,0x611,0x611,0x611,0x611,0x611,0x611,0x611,0x611,0x611,0x611,0x611,0x611,0x611,
0x611,0x611,0x611,0x611,0x611,0x611,0x611,0x611,0x611,0x611,0x611,0x68e,0x611,0x611,0x611,0x611,
0x611,0x611,0x611,0x611,0x611,0x611,0x611,0x611,0x611,0x611,0x611,0x611,0x611,0x611,0x611,0x611,
0x611,0x611,0x611,0x611,0x611,0x611,0x611,0x611,0x611,0x611,0x611,0x611,0x611,0x611,0x611,0x611,
0x611,0x1800,0x611,0x611,0x611,0x611,0x611,0x1801,0x611,0x611,0x611,0x611,0x611,0x611,0x611,0x611,
0x611,0x611,0x611,0x611,0x611,0x611,0x611,0x611,0x611,0x611,0x611,0x611,0x611,0x611,0x611,0x611,
0x611,0x611,0x611,0x611,0x611,0x611,0x611,0x611,0x611,0x611,0x611,0x912,0x4c6,0x4c6,0x4c6,0x4c6,
0x4c6,0x4c6,0x4c6,0x4c6,0x4c6,0x4c6,0x4c6,0x4c6,0x4c6,0x4c6,0x4c6,0x4c6,0x4c6,0x4c6,0x4c6,0x4c6,
0x4c6,0x4c6,0x4c6,0x4c6,0x4c6,0x4c6,0x4c6,0x4c6,0x611,0x611,0x611,0x611,0x611,0x611,0x611,0x611,
0x611,0x611,0x611,0x611,0x611,0x611,0x611,0x611,0x611,0x611,0x611,0x611,0x611,0x611,0x611,0x611,
0x611,0x611,0x611,0x611,0x611,0x611,0x611,0x611,0x611,0x611,0x4c6,0x4c6,0x4c6,0x4c6,0x4c6,0x4c6,
0x4c6,0x4c6,0x4c6,0x4c6,0x4c6,0x4c6,0x4c6,0x4c6,0x4c6,0x4c6,0x4c6,0x4c6,0x4c6,0x4c6,0x4c6,0x4c6,
0x4c6,0x4c6,0x4c6,0x4c6,0x4c6,0x4c6,0x4c6,0x4c6,0x1811,0x1809,0x1809,0x1809,0x4c6,0x4c6,0x4c6,0x4c6,
0x56d,0x56d,0x56d,0x56d,0x56d,0x56d,0x56d,0x1819,0x4c6,0x4c6,0x4c6,0x4c6,0x4c6,0x4c6,0x4c6,0x4c6,
0x4c6,0x4c6,0x4c6,0x4c6,0x4c6,0x4c6,0x4c6,0x4c6,0x4c6,0x4c6,0x4c6,0x4c6,0x4c6,0x4c6,0x4c6,0x4c6,
0x4c6,0x4c6,0x4c6,0x4c6,0x4c6,0x4c6,0x4c6,0x4c6,0x4c6,0x4c6,0x4c6,0x4c6,0x4c6,0x4c6,0x4c6,0x4c6,
0x4c6,0x4c6,0x4c6,0x4c6,0x4c6,0x4c6,0x4c6,0x4c6,0xe67,0xe67,0xe67,0xe67,0xe67,0xe67,0xe67,0xe67,
0xe67,0xe67,0xe67,0xe67,0xe67,0xe67,0xe67,0xe67,0xe67,0xe67,0xe67,0xe67,0xe67,0xe67,0xe67,0xe67,
0xe67,0xe67,0xe67,0xe67,0xe67,0xe67,0xe67,0xe67,0xe67,0xe67,0xe67,0xe67,0xe67,0xe67,0xe67,0xe67,
0xe67,0xe67,0xe67,0xe67,0xe67,0xe67,0xe67,0xe67,0xe67,0xe67,0xe67,0xe67,0xe67,0xe67,0xe67,0xe67,
0xe67,0xe67,0xe67,0xe67,0xe67,0xe67,0xe67,0x1821,0xf,0xf,0xf,0xf,0xf,0xf,0xf,0xf,
0xf,0xf,0xf,0xf,0xf,0xf,0xf,0xf,0xf,0xf,0xf,0xf,0xf,0xf,0xf,0xf,
0xf,0xf,0xf,0xf,0xf,0xf,0xf,0xf,0xc,0x17,0x17,0x17,0x19,0x17,0x17,0x17,
0x14,0x15,0x17,0x18,0x17,0x13,0x17,0x17,0x49,0x89,0xc9,0x109,0x149,0x189,0x1c9,0x209,
0x249,0x289,0x17,0x17,0x18,0x18,0x18,0x17,0x17,1,1,1,1,1,1,1,
1,1,1,1,1,1,1,1,1,1,1,1,1,1,1,1,
1,1,1,0x14,0x17,0x15,0x1a,0x16,0x1a,2,2,2,2,2,2,2,
2,2,2,2,2,2,2,2,2,2,2,2,2,2,2,2,
2,2,2,0x14,0x18,0x15,0x18,0xf,0,0,0,0,0,0,0,0,
0,0,0,0,0,0,0,0,0,0,0,0,0,0,0,0,
0,0,0,0,0,0,0,0,0,0,0,0,0,0,0,0,
0,0,0,0,0,0,0,0,0,0,0,0,0,0,0,0,
0,0,0,0,0,0,0,0,0xf,0xf,0xf,0xf,0xf,0xf,0xf,0xf,
0xf,0xf,0xf,0xf,0xf,0xf,0xf,0xf,0xf,0xf,0xf,0xf,0xf,0xf,0xf,0xf,
0xf,0xf,0xf,0xf,0xf,0xf,0xf,0xf,0xc,0x17,0x19,0x19,0x19,0x19,0x1b,0x17,
0x1a,0x1b,5,0x1c,0x18,0x10,0x1b,0x1a,0x1b,0x18,0x34b,0x38b,0x1a,2,0x17,0x17,
0x1a,0x30b,5,0x1d,0x34cb,0x344b,0x3ccb,0x17,1,1,1,1,1,1,1,1,
1,1,1,1,1,1,1,1,1,1,1,1,1,1,1,0x18,
1,1,1,1,1,1,1,2,2,2,2,2,2,2,2,2,
2,2,2,2,2,2,2,2,2,2,2,2,2,2,2,0x18,
2,2,2,2,2,2,2,2,1,2,1,2,1,2,1,2,
1,2,1,2,1,2,1,2,1,2,1,2,1,2,1,2,
1,2,1,2,1,2,1,2,1,2,1,2,1,2,1,2,
1,2,1,2,1,2,1,2,1,2,1,2,1,2,1,2,
2,1,2,1,2,1,2,1,2,2,1,2,1,2,1,2,
1,2,1,2,1,2,1,2,1,2,1,2,1,2,1,2,
1,2,1,2,1,2,1,2,1,2,1,2,1,2,1,2,
1,2,1,2,1,2,1,2,1,1,2,1,2,1,2,2,
2,1,1,2,1,2,1,1,2,1,1,1,2,2,1,1,
1,1,2,1,1,2,1,1,1,2,2,2,1,1,2,1,
1,2,1,2,1,2,1,1,2,1,2,2,1,2,1,1,
2,1,1,1,2,1,2,1,1,2,2,5,1,2,2,2,
5,5,5,5,1,3,2,1,3,2,1,3,2,1,2,1,
2,1,2,1,2,1,2,1,2,1,2,1,2,2,1,2,
1,2,1,2,1,2,1,2,1,2,1,2,1,2,1,2,
2,1,3,2,1,2,1,1,1,2,1,2,1,2,1,2,
1,2,1,2,1,2,1,2,1,2,1,2,1,2,1,2,
1,2,1,2,1,2,1,2,1,2,1,2,1,2,1,2,
1,2,1,2,1,2,1,2,1,2,1,2,2,2,2,2,
2,2,1,1,2,1,1,2,2,1,2,1,1,1,1,2,
1,2,1,2,1,2,1,2,2,2,2,2,2,2,2,2,
2,2,2,2,2,2,2,2,2,2,2,2,2,2,2,2,
2,2,2,2,2,2,2,2,2,2,2,2,2,2,2,2,
2,2,2,2,2,2,2,2,5,5,2,2,2,2,2,2,
2,2,2,2,2,2,2,2,2,2,2,2,2,2,2,2,
2,2,2,2,4,4,4,4,4,4,4,4,4,4,4,4,
4,4,4,4,4,4,0x1a,0x1a,0x1a,0x1a,4,4,4,4,4,4,
4,4,4,4,4,4,0x1a,0x1a,0x1a,0x1a,0x1a,0x1a,0x1a,0x1a,0x1a,0x1a,
0x1a,0x1a,0x1a,0x1a,4,4,4,4,4,0x1a,0x1a,0x1a,0x1a,0x1a,0x1a,0x1a,
4,0x1a,4,0x1a,0x1a,0x1a,0x1a,0x1a,0x1a,0x1a,0x1a,0x1a,0x1a,0x1a,0x1a,0x1a,
0x1a,0x1a,0x1a,0x1a,6,6,6,6,6,6,6,6,6,6,6,6,
6,6,6,6,6,6,6,6,6,6,6,6,6,6,6,6,
6,6,6,6,6,6,6,6,6,6,6,6,6,6,6,6,
6,6,6,6,6,6,6,6,6,6,6,6,6,6,6,6,
6,6,6,6,1,2,1,2,4,0x1a,1,2,0,0,4,2,
2,2,0x17,1,0,0,0,0,0x1a,0x1a,1,0x17,1,1,1,0,
1,0,1,1,2,1,1,1,1,1,1,1,1,1,1,1,
1,1,1,1,1,1,0,1,1,1,1,1,1,1,1,1,
2,2,2,2,2,2,2,2,2,2,2,2,2,2,2,2,
2,2,2,2,2,2,2,1,2,2,1,1,1,2,2,2,
1,2,1,2,1,2,1,2,1,2,1,2,1,2,1,2,
1,2,1,2,1,2,1,2,2,2,2,2,1,2,0x18,1,
2,1,1,2,2,1,1,1,1,1,1,1,1,1,1,1,
1,1,1,1,1,1,1,1,1,1,1,1,1,1,1,1,
1,1,1,1,1,1,1,1,1,1,1,1,1,1,1,1,
1,1,1,1,1,1,1,1,2,2,2,2,2,2,2,2,
2,2,2,2,2,2,2,2,2,2,2,2,2,2,2,2,
2,2,2,2,2,2,2,2,1,2,1,2,1,2,1,2,
1,2,1,2,1,2,1,2,1,2,1,2,1,2,1,2,
1,2,1,2,1,2,1,2,1,2,0x1b,6,6,6,6,6,
7,7,1,2,1,2,1,2,1,2,1,2,1,2,1,2,
1,2,1,2,1,2,1,2,1,2,1,2,1,2,1,2,
1,2,1,2,1,2,1,2,1,2,1,2,1,2,1,2,
1,2,1,2,1,2,1,2,1,1,2,1,2,1,2,1,
2,1,2,1,2,1,2,2,1,2,1,2,1,2,1,2,
1,2,1,2,1,2,1,2,1,2,1,2,1,2,1,2,
1,2,1,2,1,2,1,2,1,2,1,2,1,2,1,2,
1,2,1,2,1,2,1,2,0,1,1,1,1,1,1,1,
1,1,1,1,1,1,1,1,1,1,1,1,1,1,1,1,
1,1,1,0,4,4,0x17,0x17,0x17,0x17,0x17,0x17,2,2,2,2,
2,2,2,2,2,2,2,2,2,2,2,2,2,2,2,2,
2,2,2,2,2,2,2,2,2,2,2,2,2,0x17,0x13,4,
4,0x1b,0x1b,0x19,0,6,6,6,6,6,6,6,6,6,6,6,
6,6,6,6,6,6,6,6,6,6,6,6,6,6,6,6,
6,6,6,6,6,6,6,6,6,6,6,6,6,6,6,6,
6,6,0x13,6,0x17,6,6,0x17,6,6,0x17,6,6,6,0,0,
0,0,0,0,5,5,5,5,5,5,5,5,5,5,5,5,
5,5,5,5,5,5,5,5,5,5,5,5,5,5,5,0,
0,0,0,5,5,5,5,0x17,0x17,0,0,0,0,0,0,0,
0,0,0,0,0x10,0x10,0x10,0x10,0x10,0x10,0x18,0x18,0x18,0x17,0x17,0x19,
0x17,0x17,0x1b,0x1b,6,6,6,6,6,6,6,6,6,6,6,0x17,
0x10,0x17,0x17,0x17,5,5,5,5,5,5,5,5,5,5,5,5,
5,5,5,5,5,5,5,5,5,5,5,5,5,5,5,5,
5,5,5,5,4,5,5,5,5,5,5,5,5,5,5,6,
6,6,6,6,6,6,6,6,6,6,6,6,6,6,6,6,
6,6,6,6,0x49,0x89,0xc9,0x109,0x149,0x189,0x1c9,0x209,0x249,0x289,0x17,0x17,
0x17,0x17,5,5,6,5,5,5,5,5,5,5,5,5,5,5,
5,5,5,5,5,5,5,5,5,5,5,5,5,5,5,5,
5,5,5,5,5,5,5,5,5,5,5,5,5,5,5,5,
5,5,5,5,5,5,5,5,5,5,5,5,5,5,5,5,
5,5,5,5,5,5,5,5,0x17,5,6,6,6,6,6,6,
6,0x10,0x1b,6,6,6,6,6,6,4,4,6,6,0x1b,6,6,
6,6,5,5,0x49,0x89,0xc9,0x109,0x149,0x189,0x1c9,0x209,0x249,0x289,5,5,
5,0x1b,0x1b,5,0x17,0x17,0x17,0x17,0x17,0x17,0x17,0x17,0x17,0x17,0x17,0x17,
0x17,0x17,0,0x10,5,6,5,5,5,5,5,5,5,5,5,5,
5,5,5,5,5,5,5,5,5,5,5,5,5,5,5,5,
5,5,5,5,6,6,6,6,6,6,6,6,6,6,6,6,
6,6,6,6,6,6,6,0,0,5,5,5,5,5,5,5,
5,5,5,5,5,5,5,5,5,5,5,5,5,5,5,5,
5,5,5,5,5,5,5,5,5,5,5,5,5,5,5,5,
5,5,5,5,5,5,5,5,5,5,5,5,5,5,6,6,
6,6,6,6,6,6,6,6,6,5,0,0,0,0,0,0,
0,0,0,0,0,0,0,0,0x49,0x89,0xc9,0x109,0x149,0x189,0x1c9,0x209,
0x249,0x289,5,5,5,5,5,5,5,5,5,5,5,5,5,5,
5,5,5,5,5,5,5,5,5,5,5,5,5,5,5,5,
5,5,5,6,6,6,6,6,6,6,6,6,4,4,0x1b,0x17,
0x17,0x17,4,0,0,6,0x19,0x19,6,6,6,6,4,6,6,6,
4,6,6,6,6,6,0,0,0x17,0x17,0x17,0x17,0x17,0x17,0x17,0x17,
0x17,0x17,0x17,0x17,0x17,0x17,0x17,0,5,5,5,5,5,5,5,5,
5,5,5,5,5,5,5,5,5,5,5,5,5,5,6,6,
6,6,4,6,6,6,6,6,5,5,5,5,5,5,5,5,
5,5,5,5,5,5,5,5,5,5,5,5,5,5,5,5,
5,6,6,6,0,0,0x17,0,5,5,5,5,5,5,5,5,
5,5,5,0,0,0,0,0,5,5,5,5,5,5,5,5,
5,5,5,5,5,5,5,5,0x1a,5,5,5,5,5,5,5,
0x10,0x10,0,0,0,0,0,6,6,6,6,6,6,6,6,6,
6,6,0x10,6,6,6,6,6,6,6,6,6,6,6,6,6,
6,6,6,6,6,6,6,6,6,6,6,6,6,6,6,6,
5,5,5,5,5,5,5,5,5,4,6,6,6,6,6,6,
6,6,6,6,6,6,6,6,6,6,6,6,6,6,6,6,
5,5,6,6,0x17,0x17,0x49,0x89,0xc9,0x109,0x149,0x189,0x1c9,0x209,0x249,0x289,
0x17,4,5,5,5,5,5,5,5,5,5,5,5,5,5,5,
6,6,6,8,5,5,5,5,5,5,5,5,5,5,5,5,
5,5,5,5,5,5,5,5,5,5,5,5,5,5,5,5,
5,5,6,8,6,5,8,8,8,6,6,6,6,6,6,6,
6,8,8,8,8,6,8,8,5,6,6,6,6,6,6,6,
5,5,5,5,5,5,5,5,5,5,6,6,0,0,0x49,0x89,
0xc9,0x109,0x149,0x189,0x1c9,0x209,0x249,0x289,5,5,0x19,0x19,0x37cb,0x35cb,0x3fcb,0x34cb,
0x3ccb,0x94b,0x1b,0x19,5,0x17,6,0,5,6,8,8,0,5,5,5,
5,5,5,5,5,0,0,5,5,0,0,5,5,5,5,5,
5,5,5,5,5,5,5,5,5,0,5,5,5,5,5,5,
5,0,5,0,0,0,5,5,5,5,0,0,6,5,8,8,
8,6,6,6,6,0,0,8,8,0,0,8,8,6,5,0,
0,0,0,0,0,0,0,8,0,0,0,0,5,5,0,5,
0,0,0,0,0,0,0x49,0x89,0xc9,0x109,0x149,0x189,0x1c9,0x209,0x249,0x289,
6,6,5,5,5,6,0x17,0,0,0,0,0,0,0,0,0,
0,6,6,8,0,5,5,5,5,5,5,0,0,0,0,5,
5,0,0,5,5,5,5,5,5,5,5,5,5,5,5,5,
5,0,5,5,5,5,5,5,5,0,5,5,0,5,5,0,
5,5,0,0,6,0,8,8,8,6,6,0,0,0,0,6,
6,0,0,6,6,6,0,0,0,6,0,0,0,0,0,0,
0,5,5,5,5,0,5,0,5,5,6,6,0,0,0x49,0x89,
0xc9,0x109,0x149,0x189,0x1c9,0x209,0x249,0x289,0x17,0x19,0,0,0,0,0,0,
0,5,6,6,6,6,6,6,0,6,6,8,0,5,5,5,
5,5,5,5,5,5,0,5,5,5,0,5,5,5,5,5,
5,5,5,5,5,5,5,5,5,0,5,5,5,5,5,5,
5,0,5,5,0,5,5,5,5,5,0,0,6,5,8,8,
8,6,6,6,6,6,0,6,6,8,0,8,8,6,0,0,
5,0,0,0,0,0,0,0,0,0,0,0,0,0,0,0,
5,5,6,6,0,0,0x49,0x89,0xc9,0x109,0x149,0x189,0x1c9,0x209,0x249,0x289,
0x1b,5,0x34cb,0x344b,0x3ccb,0x37cb,0x35cb,0x3fcb,0,0,0,0,0,0,0,0,
0,6,8,8,0,5,5,5,5,5,5,5,5,0,0,5,
5,0,0,5,5,5,5,5,5,5,5,5,5,5,5,5,
5,0,5,5,5,5,5,5,5,0,5,5,0,5,5,5,
5,5,0,0,6,5,8,6,8,6,6,6,6,0,0,8,
8,0,0,8,8,6,0,0,0,0,0,6,6,6,6,8,
0,0,0,0,5,5,0,5,0,0,0,0,0,0,0x49,0x89,
0xc9,0x109,0x149,0x189,0x1c9,0x209,0x249,0x289,0x7cb,0x1e4b,0x784b,0x1b,0x1b,0x1b,0x1b,0x1b,
0x1b,0x19,0x1b,0,0,0,0,0,0,0,6,5,0,5,5,5,
5,5,5,0,0,0,5,5,5,0,5,5,5,5,0,0,
0,5,5,0,5,0,5,5,0,0,0,5,5,0,0,0,
5,5,5,0,0,0,5,5,5,5,5,5,5,5,5,5,
5,5,0,0,0,0,8,8,6,8,8,0,0,0,8,8,
8,0,8,8,8,6,0,0,5,0,0,0,0,0,0,8,
0,0,0,0,0,0,0,0,5,5,6,6,0,0,0x49,0x89,
0xc9,0x109,0x149,0x189,0x1c9,0x209,0x249,0x289,0,0,0,0,0,0,0,0x17,
0x54b,0x58b,0x5cb,0x60b,0x58b,0x5cb,0x60b,0x1b,6,8,8,8,6,5,5,5,
5,5,5,5,5,0,5,5,5,0,5,5,5,5,5,5,
5,5,5,5,5,5,5,5,5,0,5,5,5,5,5,5,
5,5,5,5,5,5,5,5,5,5,0,0,6,5,6,6,
6,8,8,8,8,0,6,6,6,0,6,6,6,6,0,0,
0,0,0,0,0,6,6,0,5,5,5,0,5,5,0,0,
5,5,6,6,0,0,0x49,0x89,0xc9,0x109,0x149,0x189,0x1c9,0x209,0x249,0x289,
0,5,5,8,0,0,0,0,0,0,0,0,0,0,0,0,
5,6,8,8,0x17,5,5,5,5,5,5,5,5,0,5,5,
5,0,5,5,5,5,5,5,5,5,5,5,5,5,5,5,
5,0,5,5,5,5,5,5,5,5,5,5,0,5,5,5,
5,5,0,0,6,5,8,6,8,8,8,8,8,0,6,8,
8,0,8,8,6,6,0,0,0,0,0,0,0,8,8,0,
0,0,0,0,5,5,5,0,5,5,6,6,0,0,0x49,0x89,
0xc9,0x109,0x149,0x189,0x1c9,0x209,0x249,0x289,0x7cb,0x1e4b,0x784b,0x34cb,0x344b,0x3ccb,0x37cb,0x35cb,
0x3fcb,0x1b,5,5,5,5,5,5,6,6,8,8,5,5,5,5,
5,5,5,5,5,0,5,5,5,0,5,5,5,5,5,5,
5,5,5,5,5,5,5,5,5,5,5,5,5,5,5,5,
5,5,5,5,5,5,5,6,6,5,8,8,8,6,6,6,
6,0,8,8,8,0,8,8,8,6,5,0x1b,0,0,0,0,
5,5,5,8,0xcc0b,0xca0b,0xcb4b,0xc90b,0x364b,0xc94b,0x350b,5,0,0,0,0,
0,0,0x49,0x89,0xc9,0x109,0x149,0x189,0x1c9,0x209,0x249,0x289,0,0,8,8,
0x17,0,0,0,0,0,0,0,0,0,0,0,0,6,8,8,
0,5,5,5,5,5,5,5,5,5,5,5,5,5,5,5,
5,5,5,0,0,0,5,5,5,5,5,5,5,5,5,5,
5,5,5,5,5,5,5,5,5,5,0,5,5,5,5,5,
5,5,5,5,0,5,0,0,5,5,5,5,5,5,5,0,
0,0,6,0,0,0,0,8,8,8,6,6,6,0,6,0,
8,8,8,8,8,8,8,8,5,5,5,5,5,5,5,5,
5,5,5,5,5,5,5,5,5,6,5,5,6,6,6,6,
6,6,6,0,0,0,0,0x19,5,5,5,5,5,5,4,6,
6,6,6,6,6,6,6,0x17,0x49,0x89,0xc9,0x109,0x149,0x189,0x1c9,0x209,
0x249,0x289,0x17,0x17,0,0,0,0,0,5,5,0,5,0,5,5,
5,5,5,0,5,5,5,5,5,5,5,5,5,5,5,5,
5,5,5,5,5,5,5,5,0,5,0,5,5,5,5,5,
5,5,5,5,5,6,5,5,6,6,6,6,6,6,6,6,
6,5,0,0,5,5,5,5,5,0,4,0,6,6,6,6,
6,6,6,0,0x49,0x89,0xc9,0x109,0x149,0x189,0x1c9,0x209,0x249,0x289,0,0,
5,5,5,5,5,0x1b,0x1b,0x1b,0x17,0x17,0x17,0x17,0x17,0x17,0x17,0x17,
0x17,0x17,0x17,0x17,0x17,0x17,0x17,0x1b,0x17,0x1b,0x1b,0x1b,6,6,0x1b,0x1b,
0x1b,0x1b,0x1b,0x1b,0x49,0x89,0xc9,0x109,0x149,0x189,0x1c9,0x209,0x249,0x289,0x344b,0x3c4b,
0x444b,0x4c4b,0x544b,0x5c4b,0x644b,0x6c4b,0x744b,0x2c4b,0x1b,6,0x1b,6,0x1b,6,0x14,0x15,
0x14,0x15,8,8,5,5,5,5,5,5,5,5,0,5,5,5,
5,5,5,5,5,5,5,5,5,5,5,5,5,5,5,5,
5,5,5,5,5,0,0,0,0,6,6,6,6,6,6,6,
6,6,6,6,6,6,6,8,6,6,6,6,6,0x17,6,6,
5,5,5,5,5,6,6,6,6,6,6,6,6,6,6,6,
0,6,6,6,6,6,6,6,6,6,6,6,6,6,6,6,
6,6,6,6,6,6,6,6,6,6,6,6,6,6,6,6,
6,0,0x1b,0x1b,0x1b,0x1b,0x1b,0x1b,0x1b,0x1b,6,0x1b,0x1b,0x1b,0x1b,0x1b,
0x1b,0,0x1b,0x1b,0x17,0x17,0x17,0x17,0x17,0x1b,0x1b,0x1b,0x1b,0x17,0x17,0,
0,0,0,0,5,5,5,5,5,5,5,5,5,5,5,8,
8,6,6,6,6,8,6,6,6,6,6,6,8,6,6,8,
8,6,6,5,0x49,0x89,0xc9,0x109,0x149,0x189,0x1c9,0x209,0x249,0x289,0x17,0x17,
0x17,0x17,0x17,0x17,5,5,5,5,5,5,8,8,6,6,5,5,
5,5,6,6,6,5,8,8,8,5,5,8,8,8,8,8,
8,8,5,5,5,6,6,6,6,5,5,5,5,5,5,5,
5,5,5,5,5,5,6,8,8,6,6,8,8,8,8,8,
8,6,5,8,0x49,0x89,0xc9,0x109,0x149,0x189,0x1c9,0x209,0x249,0x289,8,8,
8,6,0x1b,0x1b,2,2,2,2,2,2,2,2,2,2,2,2,
2,2,2,2,2,2,2,2,2,2,2,2,2,2,2,0x17,
4,2,2,2,1,1,1,1,1,1,0,1,0,0,0,0,
0,1,0,0,2,2,2,2,2,2,2,2,2,2,2,2,
2,2,2,2,5,5,5,5,5,5,5,5,5,0,5,5,
5,5,0,0,5,5,5,5,5,5,5,0,5,0,5,5,
5,5,0,0,5,5,5,5,5,5,5,5,5,0,5,5,
5,5,0,0,5,5,5,5,5,5,5,5,5,5,5,5,
5,5,5,5,5,0,5,5,5,5,0,0,5,5,5,5,
5,5,5,0,5,0,5,5,5,5,0,0,5,5,5,5,
5,5,5,5,5,5,5,5,5,5,5,0,5,5,5,5,
5,5,5,5,5,5,5,5,5,5,5,5,5,0,5,5,
5,5,0,0,5,5,5,5,5,5,5,5,5,5,5,5,
5,5,5,5,5,5,5,5,5,5,5,5,5,5,5,0,
0,6,6,6,0x17,0x17,0x17,0x17,0x17,0x17,0x17,0x17,0x17,0x30b,0x34b,0x38b,
0x3cb,0x40b,0x44b,0x48b,0x4cb,0x50b,0x7cb,0xa4b,0xccb,0xf4b,0x11cb,0x144b,0x16cb,0x194b,0x1bcb,0x1e4b,
0x788b,0,0,0,5,5,5,5,5,5,5,5,5,5,5,5,
5,5,5,5,0x1b,0x1b,0x1b,0x1b,0x1b,0x1b,0x1b,0x1b,0x1b,0x1b,0,0,
0,0,0,0,1,1,1,1,1,1,1,1,1,1,1,1,
1,1,1,1,1,1,1,1,1,1,0,0,2,2,2,2,
2,2,0,0,0x13,5,5,5,5,5,5,5,5,5,5,5,
5,5,5,5,5,5,5,5,5,5,5,5,5,5,5,5,
5,5,5,5,5,0x1b,0x17,5,5,5,5,5,5,5,5,5,
5,5,5,5,5,5,5,5,0xc,5,5,5,5,5,5,5,
5,5,5,5,5,5,5,5,5,5,5,5,5,5,5,5,
5,5,5,0x14,0x15,0,0,0,5,5,5,5,5,5,5,5,
5,5,5,0x17,0x17,0x17,0x98a,0x9ca,0xa0a,5,5,5,5,5,5,5,
5,0,0,0,0,0,0,0,5,5,5,5,5,5,5,5,
5,5,5,5,5,5,5,5,5,5,6,6,6,8,0,0,
0,0,0,0,0,0,0,5,5,5,5,5,5,5,5,5,
5,5,5,5,5,5,5,5,5,5,6,6,8,0x17,0x17,0,
0,0,0,0,0,0,0,0,5,5,5,5,5,5,5,5,
5,5,5,5,5,5,5,5,5,5,6,6,0,0,0,0,
0,0,0,0,0,0,0,0,5,5,5,5,5,5,5,5,
5,5,5,5,5,0,5,5,5,0,6,6,0,0,0,0,
0,0,0,0,0,0,0,0,5,5,5,5,5,5,5,5,
5,5,5,5,5,5,5,5,5,5,5,5,6,6,8,6,
6,6,6,6,6,6,8,8,8,8,8,8,8,8,6,8,
8,6,6,6,6,6,6,6,6,6,6,6,0x17,0x17,0x17,4,
0x17,0x17,0x17,0x19,5,6,0,0,0x49,0x89,0xc9,0x109,0x149,0x189,0x1c9,0x209,
0x249,0x289,0,0,0,0,0,0,0x54b,0x58b,0x5cb,0x60b,0x64b,0x68b,0x6cb,0x70b,
0x74b,0x78b,0,0,0,0,0,0,5,5,5,5,5,5,5,5,
5,6,5,0,0,0,0,0,5,5,5,5,5,5,5,5,
5,5,5,5,5,5,5,5,0x17,0x17,0x17,0x17,0x17,0x17,0x13,0x17,
0x17,0x17,0x17,6,6,6,0x10,6,0x49,0x89,0xc9,0x109,0x149,0x189,0x1c9,0x209,
0x249,0x289,0,0,0,0,0,0,5,5,5,4,5,5,5,5,
5,5,5,5,5,5,5,5,5,5,5,5,5,5,5,5,
5,5,5,5,5,5,5,5,5,0,0,0,0,0,0,0,
5,5,5,5,5,6,6,5,5,5,5,5,5,5,5,5,
5,5,5,5,5,5,5,5,5,5,5,5,5,5,5,5,
5,5,0,0,0,0,0,0,0,0,0,0,6,6,6,8,
8,8,8,6,6,8,8,8,0,0,0,0,8,8,6,8,
8,8,8,8,8,6,6,6,0,0,0,0,0x1b,0,0,0,
0x17,0x17,0x49,0x89,0xc9,0x109,0x149,0x189,0x1c9,0x209,0x249,0x289,5,5,5,5,
5,5,5,5,5,5,5,5,5,5,5,5,5,5,5,5,
5,5,5,5,5,5,5,5,5,5,5,0,5,5,5,5,
5,5,5,5,5,5,5,5,5,5,0,0,5,5,5,5,
5,0,0,0,0,0,0,0,0,0,0,0,5,5,5,5,
5,5,5,5,5,5,5,5,0,0,0,0,5,5,5,5,
5,5,5,5,5,5,5,5,5,5,5,5,5,5,0,0,
0,0,0,0,0x49,0x89,0xc9,0x109,0x149,0x189,0x1c9,0x209,0x249,0x289,0x30b,0,
0,0,0x1b,0x1b,0x1b,0x1b,0x1b,0x1b,0x1b,0x1b,0x1b,0x1b,0x1b,0x1b,0x1b,0x1b,
0x1b,0x1b,0x1b,0x1b,0x1b,0x1b,0x1b,0x1b,0x1b,0x1b,0x1b,0x1b,0x1b,0x1b,0x1b,0x1b,
0x1b,0x1b,0x1b,0x1b,5,5,5,5,5,5,5,5,5,5,5,5,
5,5,5,5,5,5,5,5,5,5,5,6,6,8,8,6,
0,0,0x17,0x17,0x17,0x17,0x17,0x17,0x17,0x17,0x17,4,0x17,0x17,0x17,0x17,
0x17,0x17,0,0,6,6,6,6,6,6,6,6,6,6,6,6,
6,6,7,6,5,5,5,5,5,5,5,5,5,5,5,5,
5,5,5,5,5,5,5,5,5,8,6,8,6,6,6,6,
6,6,6,0,6,8,6,8,8,6,6,6,6,6,6,6,
6,8,8,8,8,8,8,6,6,6,6,6,6,6,6,6,
6,0,0,6,0x49,0x89,0xc9,0x109,0x149,0x189,0x1c9,0x209,0x249,0x289,0,0,
0,0,0,0,0x49,0x89,0xc9,0x109,0x149,0x189,0x1c9,0x209,0x249,0x289,0,0,
0,0,0,0,6,6,6,6,6,6,6,6,6,6,6,6,
6,6,6,6,6,0,0,0,0,0,0,0,0,0,0,0,
0,0,0,0,0x17,0x1b,0x1b,0x1b,0x1b,0x1b,0x1b,0x1b,0x1b,0x1b,0x1b,6,
6,6,6,6,6,6,6,6,0x1b,0x1b,0x1b,0x1b,0x1b,0x1b,0x1b,0x1b,
0x1b,0x17,0x17,0x17,6,6,6,6,8,5,5,5,5,5,5,5,
5,5,5,5,5,5,5,5,5,5,5,5,5,5,5,5,
5,5,5,5,6,8,6,6,6,6,6,8,6,8,8,8,
8,8,6,8,8,5,5,5,5,5,5,5,5,0,0x17,0x17,
0x49,0x89,0xc9,0x109,0x149,0x189,0x1c9,0x209,0x249,0x289,0x17,0x17,0x17,0x17,0x17,0x17,
5,8,6,6,6,6,8,8,6,6,8,6,6,6,5,5,
0x49,0x89,0xc9,0x109,0x149,0x189,0x1c9,0x209,0x249,0x289,5,5,5,5,5,5,
6,6,8,5,5,5,5,5,5,5,5,5,5,5,5,5,
5,5,5,5,5,5,5,5,5,5,5,5,5,5,5,5,
5,5,6,8,6,6,8,8,8,6,8,6,6,6,8,8,
0,0,0,0,0,0,0,0,0x17,0x17,0x17,0x17,0x49,0x89,0xc9,0x109,
0x149,0x189,0x1c9,0x209,0x249,0x289,0,0,0,5,5,5,0x49,0x89,0xc9,0x109,
0x149,0x189,0x1c9,0x209,0x249,0x289,5,5,5,5,5,5,8,8,8,8,
8,8,8,8,6,6,6,6,6,6,6,6,8,8,6,6,
0,0,0,0x17,0x17,0x17,0x17,0x17,5,5,5,5,5,5,5,5,
5,5,5,5,5,5,5,5,5,5,5,5,5,5,5,5,
4,4,4,4,4,4,0x17,0x17,2,2,2,2,2,2,2,2,
2,1,2,0,0,0,0,0,1,1,1,1,1,1,1,1,
1,1,1,1,1,1,1,1,1,1,1,1,1,1,1,1,
1,1,1,0,0,1,1,1,0x17,0x17,0x17,0x17,0x17,0x17,0x17,0x17,
0,0,0,0,0,0,0,0,6,6,6,0x17,6,6,6,6,
6,6,6,6,6,6,6,6,6,8,6,6,6,6,6,6,
6,5,5,5,5,6,5,5,5,5,5,5,6,5,5,8,
6,6,5,0,0,0,0,0,2,2,2,2,2,2,2,2,
2,2,2,2,4,4,4,4,4,4,4,4,4,4,4,4,
4,4,4,4,4,4,4,4,4,4,4,4,4,4,4,4,
4,4,4,4,4,4,4,2,2,2,2,2,2,2,2,2,
2,2,2,2,4,2,2,2,2,2,2,2,2,2,2,2,
2,2,2,2,2,2,2,2,2,2,2,2,2,2,2,2,
2,2,2,4,4,4,4,4,1,2,1,2,1,2,1,2,
1,2,1,2,1,2,1,2,1,2,1,2,1,2,2,2,
2,2,2,2,2,2,1,2,2,2,2,2,2,2,2,2,
1,1,1,1,1,0x1a,0x1a,0x1a,0,0,2,2,2,0,2,2,
1,1,1,1,3,0x1a,0x1a,0,2,2,2,2,2,2,2,2,
1,1,1,1,1,1,1,1,2,2,2,2,2,2,0,0,
1,1,1,1,1,1,0,0,2,2,2,2,2,2,2,2,
1,1,1,1,1,1,1,1,2,2,2,2,2,2,2,2,
1,1,1,1,1,1,1,1,2,2,2,2,2,2,0,0,
1,1,1,1,1,1,0,0,2,2,2,2,2,2,2,2,
0,1,0,1,0,1,0,1,2,2,2,2,2,2,2,2,
1,1,1,1,1,1,1,1,2,2,2,2,2,2,2,2,
2,2,2,2,2,2,0,0,2,2,2,2,2,2,2,2,
3,3,3,3,3,3,3,3,2,2,2,2,2,2,2,2,
3,3,3,3,3,3,3,3,2,2,2,2,2,0,2,2,
1,1,1,1,3,0x1a,2,0x1a,0x1a,0x1a,2,2,2,0,2,2,
1,1,1,1,3,0x1a,0x1a,0x1a,2,2,2,2,0,0,2,2,
1,1,1,1,0,0x1a,0x1a,0x1a,0x16,0x17,0x17,0x17,0x18,0x14,0x15,0x17,
0x17,0x17,0x17,0x17,0x17,0x17,0x17,0x17,0x17,0x17,0x18,0x17,0x16,0x17,0x17,0x17,
0x17,0x17,0x17,0x17,0x17,0x17,0x17,0xc,0x10,0x10,0x10,0x10,0x10,0,0x10,0x10,
0x10,0x10,0x10,0x10,0x10,0x10,0x10,0x10,0x2cb,4,0,0,0x3cb,0x40b,0x44b,0x48b,
0x4cb,0x50b,0x18,0x18,0x18,0x14,0x15,4,0xc,0xc,0xc,0xc,0xc,0xc,0xc,0xc,
0xc,0xc,0xc,0x10,0x10,0x10,0x10,0x10,0x13,0x13,0x13,0x13,0x13,0x13,0x17,0x17,
0x1c,0x1d,0x14,0x1c,0x1c,0x1d,0x14,0x1c,0x17,0x17,0x17,0x17,0x17,0x17,0x17,0x17,
0xd,0xe,0x10,0x10,0x10,0x10,0x10,0xc,0x17,0x17,0x17,0x17,0x17,0x17,0x17,0x17,
0x17,0x1c,0x1d,0x17,0x17,0x17,0x17,0x16,0x2cb,0x30b,0x34b,0x38b,0x3cb,0x40b,0x44b,0x48b,
0x4cb,0x50b,0x18,0x18,0x18,0x14,0x15,4,4,4,4,4,4,4,4,4,
4,4,4,4,4,4,4,4,0x19,0x19,0x19,0x19,0x19,0x19,0x19,0x19,
0x19,0x19,0x19,0x19,0x19,0x19,0x19,0x19,0x19,0x19,0x19,0x19,0x19,0x19,0x19,0x19,
0x19,0x19,0x19,0x19,0x19,0x19,0x19,0x19,0x19,0,0,0,0,0,0,0,
0,0,0,0,6,6,6,6,6,6,6,6,6,6,6,6,
6,7,7,7,7,6,7,7,7,6,6,6,6,6,6,6,
6,6,6,6,6,0,0,0,0,0,0,0,0,0,0,0,
0,0,0,0,0x1b,0x1b,0x1b,0x1b,1,0x1b,1,0x1b,1,0x1b,1,1,
1,1,0x1b,2,1,1,1,1,2,5,5,5,5,2,0x1b,0x1b,
2,2,1,1,0x18,0x18,0x18,0x18,0x18,1,2,2,2,2,0x1b,0x18,
0x1b,0x1b,2,0x1b,0x358b,0x360b,0x364b,0x348b,0x388b,0x350b,0x390b,0x3d0b,0x410b,0x354b,0x454b,0x35cb,
0x3dcb,0x45cb,0x4dcb,0x58b,0x1b,0x1b,1,0x1b,0x1b,0x1b,0x1b,1,0x1b,0x1b,2,1,
1,1,2,2,1,1,1,2,0x1b,1,0x1b,0x1b,0x18,1,1,1,
1,1,0x1b,0x1b,0x58a,0x5ca,0x60a,0x64a,0x68a,0x6ca,0x70a,0x74a,0x78a,0x7ca,0x80a,0x84a,
0x11ca,0x1e4a,0x980a,0x784a,0x58a,0x5ca,0x60a,0x64a,0x68a,0x6ca,0x70a,0x74a,0x78a,0x7ca,0x80a,0x84a,
0x11ca,0x1e4a,0x980a,0x784a,0x784a,0x984a,0x788a,1,2,0x6ca,0x11ca,0x988a,0x78ca,0x54b,0x1b,0x1b,
0,0,0,0,0x18,0x18,0x18,0x18,0x18,0x1b,0x1b,0x1b,0x1b,0x1b,0x18,0x18,
0x1b,0x1b,0x1b,0x1b,0x1b,0x1b,0x1b,0x1b,0x1b,0x1b,0x1b,0x1b,0x1b,0x1b,0x1b,0x1b,
0x1b,0x1b,0x1b,0x1b,0x18,0x18,0x18,0x18,0x18,0x18,0x18,0x18,0x18,0x18,0x18,0x18,
0x18,0x1b,0x1b,0x18,0x1b,0x1b,0x18,0x1b,0x1b,0x1b,0x1b,0x1b,0x1b,0x1b,0x18,0x1b,
0x1b,0x1b,0x1b,0x1b,0x1b,0x1b,0x1b,0x1b,0x1b,0x1b,0x1b,0x1b,0x1b,0x1b,0x1b,0x1b,
0x1b,0x1b,0x18,0x18,0x1b,0x1b,0x18,0x1b,0x18,0x1b,0x1b,0x1b,0x1b,0x1b,0x1b,0x1b,
0x1b,0x1b,0x1b,0x1b,0x18,0x18,0x18,0x18,0x18,0x18,0x18,0x18,0x18,0x18,0x18,0x18,
0x18,0x18,0x18,0x18,0x18,0x18,0x18,0x18,0x18,0x18,0x18,0x18,0x18,0x18,0x18,0x18,
0x18,0x18,0x18,0x18,0x1b,0x1b,0x1b,0x1b,0x1b,0x1b,0x1b,0x1b,0x14,0x15,0x14,0x15,
0x1b,0x1b,0x1b,0x1b,0x1b,0x1b,0x1b,0x1b,0x1b,0x1b,0x1b,0x1b,0x1b,0x1b,0x1b,0x1b,
0x1b,0x1b,0x1b,0x1b,0x18,0x18,0x1b,0x1b,0x1b,0x1b,0x1b,0x1b,0x1b,0x14,0x15,0x1b,
0x1b,0x1b,0x1b,0x1b,0x1b,0x1b,0x1b,0x1b,0x1b,0x1b,0x1b,0x1b,0x1b,0x1b,0x1b,0x1b,
0x1b,0x1b,0x1b,0x1b,0x1b,0x1b,0x1b,0x1b,0x1b,0x1b,0x1b,0x1b,0x18,0x1b,0x1b,0x1b,
0x1b,0x1b,0x1b,0x1b,0x1b,0x1b,0x1b,0x1b,0x1b,0x1b,0x1b,0x1b,0x1b,0x1b,0x1b,0x1b,
0x1b,0x1b,0x1b,0x1b,0x1b,0x1b,0x1b,0x1b,0x1b,0x1b,0x1b,0x18,0x18,0x18,0x18,0x18,
0x18,0x18,0x18,0x18,0x18,0x18,0x18,0x18,0x18,0x18,0x18,0x18,0x18,0x18,0x18,0x18,
0x1b,0x1b,0x1b,0x1b,0x1b,0x1b,0x1b,0x1b,0x1b,0x1b,0x1b,0x1b,0x1b,0x1b,0x1b,0x1b,
0x1b,0x1b,0x1b,0x1b,0x1b,0x1b,0x1b,0x1b,0x1b,0x1b,0x1b,0x1b,0x18,0x18,0x18,0x18,
0x18,0x18,0x1b,0x1b,0x1b,0x1b,0x1b,0x1b,0x1b,0x1b,0x1b,0x1b,0x1b,0x1b,0x1b,0x1b,
0x1b,0x1b,0x1b,0x1b,0x1b,0x1b,0x1b,0x1b,0x1b,0x1b,0x1b,0x1b,0x1b,0x1b,0x1b,0x1b,
0x1b,0x1b,0,0,0,0,0,0,0,0,0,0,0,0,0,0,
0,0,0,0,0,0,0,0,0x1b,0x1b,0x1b,0x1b,0x1b,0x1b,0x1b,0x1b,
0x1b,0x1b,0x1b,0,0,0,0,0,0,0,0,0,0,0,0,0,
0,0,0,0,0,0,0,0,0x1b,0x1b,0x1b,0x1b,0x1b,0x1b,0x1b,0x1b,
0x1b,0x1b,0x2cb,0x80b,0x84b,0x88b,0x8cb,0x90b,0x94b,0x98b,0x9cb,0xa0b,0xa4b,0x30b,0x34b,0x38b,
0x3cb,0x40b,0x44b,0x48b,0x4cb,0x50b,0x7cb,0x2cb,0x30b,0x34b,0x38b,0x3cb,0x40b,0x44b,0x48b,0x4cb,
0x50b,0x7cb,0x80b,0x84b,0x88b,0x8cb,0x90b,0x94b,0x98b,0x9cb,0xa0b,0xa4b,0x30b,0x34b,0x38b,0x3cb,
0x40b,0x44b,0x48b,0x4cb,0x50b,0x7cb,0x80b,0x84b,0x88b,0x8cb,0x90b,0x94b,0x98b,0x9cb,0xa0b,0xa4b,
0x1b,0x1b,0x1b,0x1b,0x1b,0x1b,0x1b,0x1b,0x1b,0x1b,0x1b,0x1b,0x1b,0x1b,0x1b,0x1b,
0x1b,0x1b,0x1b,0x1b,0x1b,0x1b,0x1b,0x1b,0x18,0x18,0x18,0x18,0x18,0x18,0x18,0x18,
0x1b,0x1b,0x1b,0x1b,0x1b,0x1b,0x1b,0x1b,0x1b,0x1b,0x1b,0x1b,0x1b,0x1b,0x1b,0x1b,
0x1b,0x1b,0x1b,0x1b,0x1b,0x1b,0x1b,0x18,0x1b,0x1b,0x1b,0x1b,0x1b,0x1b,0x1b,0x1b,
0x1b,0x18,0x1b,0x1b,0x1b,0x1b,0x1b,0x1b,0x1b,0x1b,0x1b,0x1b,0x1b,0x1b,0x1b,0x1b,
0x1b,0x1b,0x1b,0x1b,0x1b,0x1b,0x1b,0x1b,0x1b,0x1b,0x1b,0x1b,0x1b,0x1b,0x1b,0x1b,
0x1b,0x1b,0x1b,0x18,0x1b,0x1b,0x1b,0x1b,0x1b,0x1b,0x1b,0x1b,0x1b,0x1b,0x1b,0x1b,
0x1b,0x1b,0x1b,0x1b,0x14,0x15,0x14,0x15,0x14,0x15,0x14,0x15,0x14,0x15,0x14,0x15,
0x14,0x15,0x30b,0x34b,0x38b,0x3cb,0x40b,0x44b,0x48b,0x4cb,0x50b,0x7cb,0x30b,0x34b,0x38b,0x3cb,
0x40b,0x44b,0x48b,0x4cb,0x50b,0x7cb,0x30b,0x34b,0x38b,0x3cb,0x40b,0x44b,0x48b,0x4cb,0x50b,0x7cb,
0x1b,0x1b,0x1b,0x1b,0x1b,0x1b,0x1b,0x1b,0x1b,0x1b,0x1b,0x1b,0x18,0x18,0x18,0x18,
0x18,0x14,0x15,0x18,0x18,0x18,0x18,0x18,0x18,0x18,0x18,0x18,0x18,0x18,0x18,0x18,
0x18,0x18,0x18,0x18,0x18,0x18,0x18,0x18,0x18,0x18,0x18,0x18,0x18,0x18,0x14,0x15,
0x14,0x15,0x14,0x15,0x14,0x15,0x14,0x15,0x18,0x18,0x18,0x18,0x18,0x18,0x18,0x18,
0x18,0x18,0x18,0x18,0x18,0x18,0x18,0x18,0x18,0x18,0x18,0x14,0x15,0x14,0x15,0x14,
0x15,0x14,0x15,0x14,0x15,0x14,0x15,0x14,0x15,0x14,0x15,0x14,0x15,0x14,0x15,0x14,
0x15,0x18,0x18,0x18,0x18,0x18,0x18,0x18,0x18,0x18,0x18,0x18,0x18,0x18,0x18,0x18,
0x18,0x18,0x18,0x18,0x18,0x18,0x18,0x18,0x18,0x18,0x18,0x18,0x14,0x15,0x14,0x15,
0x18,0x18,0x18,0x18,0x18,0x18,0x18,0x18,0x18,0x18,0x18,0x18,0x18,0x18,0x18,0x18,
0x18,0x18,0x18,0x18,0x18,0x18,0x18,0x18,0x18,0x18,0x18,0x18,0x14,0x15,0x18,0x18,
0x1b,0x1b,0x1b,0x1b,0x1b,0x1b,0x1b,0x1b,0x1b,0x1b,0x1b,0x1b,0x1b,0x1b,0x1b,0x1b,
0x18,0x18,0x18,0x18,0x18,0x18,0x18,0x18,0x18,0x18,0x18,0x18,0x18,0x18,0x18,0x18,
0x18,0x1b,0x1b,0x18,0x18,0x18,0x18,0x18,0x18,0x1b,0x1b,0x1b,0x1b,0x1b,0x1b,0x1b,
0x1b,0x1b,0x1b,0x1b,0x1b,0x1b,0x1b,0x1b,0x1b,0x1b,0x1b,0x1b,0x1b,0x1b,0x1b,0x1b,
0,0,0x1b,0x1b,0x1b,0x1b,0x1b,0x1b,0x1b,0x1b,0x1b,0x1b,1,2,1,1,
1,2,2,1,2,1,2,1,2,1,1,1,1,2,1,2,
2,1,2,2,2,2,2,2,4,4,1,1,1,2,1,2,
2,0x1b,0x1b,0x1b,0x1b,0x1b,0x1b,1,2,1,2,6,6,6,1,2,
0,0,0,0,0,0x17,0x17,0x17,0x17,0x344b,0x17,0x17,2,2,2,2,
2,2,0,2,0,0,0,0,0,2,0,0,5,5,5,5,
5,5,5,5,5,5,5,5,5,5,5,5,0,0,0,0,
0,0,0,4,0x17,0,0,0,0,0,0,0,0,0,0,0,
0,0,0,6,5,5,5,5,5,5,5,0,5,5,5,5,
5,5,5,0,5,5,5,5,5,5,5,0,5,5,5,5,
5,5,5,0,5,5,5,5,5,5,5,5,5,5,5,5,
5,5,5,5,5,5,5,5,5,5,5,0,0,0,0,0,
0,0,0,0,0x17,0x17,0x14,0x15,0,0,0,0,0,0,0,0,
0,0,0,0,0,0,0,0,0,0,0,0,0,0,0,0,
0,0,0,0,0x17,0x17,0x1c,0x1d,0x1c,0x1d,0x17,0x17,0x17,0x1c,0x1d,0x17,
0x1c,0x1d,0x17,0x17,0x17,0x17,0x17,0x17,0x17,0x17,0x17,0x13,0x17,0x17,0x13,0x17,
0x1c,0x1d,0x17,0x17,0x1c,0x1d,0x14,0x15,0x14,0x15,0x14,0x15,0x14,0x15,0x17,0x17,
0x17,0x17,0x17,4,0x17,0x17,0x17,0x17,0x17,0x17,0x17,0x17,0x17,0x17,0x13,0x13,
0x17,0x17,0x17,0x17,0x13,0x17,0x14,0x17,0x17,0x17,0x17,0x17,0x17,0x17,0x17,0x17,
0x17,0x17,0x17,0x17,0x1b,0x1b,0x17,0x17,0x17,0x14,0x15,0x14,0x15,0x14,0x15,0x14,
0x15,0x13,0,0,0x1b,0x1b,0x1b,0x1b,0x1b,0x1b,0x1b,0x1b,0x1b,0x1b,0x1b,0x1b,
0x1b,0x1b,0x1b,0x1b,0x1b,0x1b,0x1b,0x1b,0x1b,0x1b,0x1b,0x1b,0x1b,0x1b,0,0x1b,
0x1b,0x1b,0x1b,0x1b,0x1b,0x1b,0x1b,0x1b,0x1b,0x1b,0x1b,0x1b,0x1b,0x1b,0x1b,0x1b,
0x1b,0x1b,0x1b,0x1b,0,0,0,0,0,0,0,0,0,0,0,0,
0,0,0,0,0x1b,0x1b,0x1b,0x1b,0x1b,0x1b,0x1b,0x1b,0x1b,0x1b,0x1b,0x1b,
0x1b,0x1b,0x1b,0x1b,0x1b,0x58a,0x5ca,0x60a,0x64a,0x68a,0x6ca,0x70a,0x74a,0x78a,6,6,
6,6,8,8,0x13,4,4,4,4,4,0x1b,0x1b,0x7ca,0xa4a,0xcca,4,
5,0x17,0x1b,0x1b,0xc,0x17,0x17,0x17,0x1b,4,5,0x54a,0x14,0x15,0x14,0x15,
0x14,0x15,0x14,0x15,0x14,0x15,0x1b,0x1b,0x14,0x15,0x14,0x15,0x14,0x15,0x14,0x15,
0x13,0x14,0x15,0x15,5,5,5,5,5,5,5,5,5,5,5,5,
5,5,5,5,5,5,5,5,5,5,5,0,0,6,6,0x1a,
0x1a,4,4,5,5,5,5,5,5,5,5,5,5,5,5,5,
5,5,5,5,5,5,5,5,5,5,5,5,5,5,5,0x17,
4,4,4,5,0,0,0,0,0,5,5,5,5,5,5,5,
5,5,5,5,5,5,5,5,5,5,5,5,5,5,5,5,
5,5,5,5,0,5,5,5,5,5,5,5,5,5,5,5,
5,5,5,5,5,5,5,0,0x1b,0x1b,0x58b,0x5cb,0x60b,0x64b,0x1b,0x1b,
0x1b,0x1b,0x1b,0x1b,0x1b,0x1b,0x1b,0x1b,0x1b,0x1b,0,0,0,0,0,0,
0,0,0,0x1b,5,5,5,5,5,5,5,5,5,5,5,5,
5,5,5,5,0x1b,0x1b,0x1b,0x1b,0x1b,0x1b,0x1b,0x1b,0x1b,0x1b,0x1b,0x1b,
0x1b,0x1b,0x1b,0x1b,0x1b,0x1b,0x1b,0x1b,0x1b,0x1b,0x1b,0x1b,0x1b,0x1b,0x1b,0x1b,
0x1b,0x1b,0x1b,0,0x58b,0x5cb,0x60b,0x64b,0x68b,0x6cb,0x70b,0x74b,0x78b,0x7cb,0x1b,0x1b,
0x1b,0x1b,0x1b,0x1b,0x1b,0x1b,0x1b,0x1b,0x1b,0x1b,0x1b,0x1b,0x1b,0x1b,0x1b,0x1b,
0x1b,0x1b,0x1b,0x1b,0x7cb,0xa4b,0xccb,0xf4b,0x11cb,0x144b,0x16cb,0x194b,0x1b,0xa8b,0xacb,0xb0b,
0xb4b,0xb8b,0xbcb,0xc0b,0xc4b,0xc8b,0xccb,0xd0b,0xd4b,0xd8b,0xdcb,0xe0b,0x1b,0x1b,0x1b,0x1b,
0x1b,0x1b,0x1b,0x1b,0x1b,0x1b,0x1b,0x1b,0x1b,0x1b,0x1b,0x1b,0x1b,0xe4b,0xe8b,0xecb,
0xf0b,0xf4b,0xf8b,0xfcb,0x100b,0x104b,0x108b,0x10cb,0x110b,0x114b,0x118b,0x11cb,5,5,5,5,
5,0x685,5,5,5,5,5,5,5,5,5,5,5,5,5,5,
5,5,5,5,5,5,5,5,5,5,5,5,5,5,5,0x5c5,
5,5,5,5,5,5,5,5,5,5,5,5,5,5,5,5,
5,5,5,5,5,5,5,5,5,5,5,5,5,5,0x685,5,
5,5,5,5,5,5,5,5,5,5,5,5,5,5,5,5,
5,5,5,5,5,0x705,5,5,5,5,5,5,5,5,5,5,
5,5,5,5,5,5,5,5,0x585,5,5,0x705,5,5,5,0x7885,
5,0x605,5,5,5,5,5,5,5,5,5,5,5,5,5,5,
5,5,5,5,5,5,5,5,0x5c5,5,5,5,5,5,5,5,
5,5,5,5,5,5,5,5,5,5,5,5,5,5,5,5,
5,5,5,5,5,5,5,5,5,0x785,5,5,5,5,5,5,
5,5,5,5,5,5,5,5,0x5c5,5,5,5,5,5,5,5,
0x685,5,0x645,5,5,5,5,5,5,5,5,5,5,5,5,5,
0x7b85,5,5,5,5,5,5,5,5,5,5,5,5,5,5,5,
5,5,5,0x7985,0x7c5,5,5,5,5,5,5,5,5,5,5,5,
5,5,5,5,5,5,5,5,5,5,5,5,5,5,5,5,
5,5,5,0x7845,5,5,5,5,5,5,5,5,0x605,5,5,5,
5,5,5,5,5,5,5,5,5,5,5,5,5,5,5,5,
5,5,5,5,5,0x685,5,5,5,5,5,5,5,5,5,5,
5,5,5,5,5,5,5,5,0x1e45,5,5,5,5,5,5,5,
5,5,5,5,5,5,5,5,5,0x5c5,5,5,5,5,5,5,
5,5,5,5,5,5,5,5,5,5,5,5,5,5,5,5,
5,5,0x5c5,5,5,5,5,5,5,5,5,5,5,5,5,5,
5,5,5,5,5,5,5,5,5,5,5,5,0x7985,5,5,5,
5,5,5,5,5,5,5,5,5,5,5,5,5,5,5,5,
5,5,5,5,5,5,5,5,5,5,0x7a85,5,5,5,5,5,
5,5,5,5,5,5,5,5,5,5,5,5,5,5,5,5,
5,5,5,5,5,0x5c5,5,0x745,5,0x6c5,5,5,5,5,5,5,
5,5,5,5,5,5,5,5,5,5,5,5,5,0x7c5,5,0x7845,
0xa45,0xcc5,5,5,5,5,5,5,0xf45,5,5,5,5,5,5,5,
5,5,5,5,5,5,5,5,5,5,5,5,5,0x605,0x605,0x605,
0x605,5,5,5,5,5,5,5,5,5,5,5,5,5,5,5,
5,5,5,5,5,5,5,5,5,5,5,5,5,5,5,0x645,
5,5,5,5,5,5,5,5,5,5,5,5,5,5,5,5,
5,0x585,5,5,5,5,5,5,5,0x585,5,5,5,5,5,5,
5,5,5,5,5,5,5,5,5,5,5,5,5,5,5,5,
5,5,5,5,5,5,0x585,5,5,5,5,5,5,5,5,5,
5,5,5,5,5,5,5,5,5,5,5,5,5,5,5,5,
5,5,5,5,5,5,0x785,0xa45,5,5,5,5,5,5,5,5,
5,5,5,5,0x585,0x5c5,0x605,5,0x5c5,5,5,5,5,5,5,5,
5,5,5,5,5,5,5,5,5,5,5,5,0x705,5,5,5,
5,5,5,5,5,5,5,5,5,5,5,5,5,5,5,5,
5,5,5,5,5,5,5,5,5,5,5,5,5,5,0x7c5,5,
5,5,5,5,5,5,5,5,5,5,5,5,0x745,5,5,5,
5,5,5,5,5,5,5,5,5,5,5,5,5,5,5,5,
5,5,0x705,5,5,5,5,5,5,5,5,5,5,5,5,5,
5,5,5,5,5,5,5,5,5,5,5,5,5,5,5,5,
5,5,0x545,5,5,5,5,5,5,5,5,5,5,5,5,5,
5,5,5,5,5,5,5,5,5,5,0x785,5,5,5,5,5,
5,5,5,5,5,5,5,5,5,5,5,5,5,5,5,5,
5,5,5,5,5,5,5,5,5,5,0x1e45,5,5,5,5,5,
5,5,5,5,5,5,5,5,5,5,5,5,5,5,5,5,
5,0x8005,5,5,5,5,5,5,5,5,5,5,5,5,5,5,
5,0x79c5,5,5,5,5,5,5,5,5,5,5,5,5,5,5,
5,5,5,5,5,5,0x645,5,5,5,5,5,5,5,5,5,
5,5,5,5,5,5,5,5,5,5,5,5,5,5,5,5,
0x7885,5,5,5,5,5,5,5,5,5,5,5,5,5,5,5,
5,5,5,5,5,5,0x5c5,5,5,5,5,0x5c5,5,5,5,5,
5,5,5,5,5,5,5,5,5,0x785,5,5,5,5,5,5,
5,5,5,5,5,5,5,5,5,5,5,5,5,5,5,5,
5,0x7845,5,5,5,5,5,5,5,5,5,5,5,5,5,5,
5,5,5,5,5,5,5,5,5,5,5,5,5,5,5,5,
5,5,0x6c5,5,5,5,5,5,0x1e45,5,5,5,5,5,5,5,
5,5,5,5,5,5,5,5,5,5,5,5,5,5,5,5,
5,5,5,5,0x6c5,5,5,5,5,5,5,5,5,5,5,5,
5,5,5,5,5,0,0,0,0x1b,0x1b,0x1b,0x1b,0x1b,0x1b,0x1b,0x1b,
0x1b,0x1b,0x1b,0x1b,0x1b,0x1b,0x1b,0x1b,5,5,5,5,5,5,5,5,
5,5,5,5,5,5,5,5,5,5,5,5,5,4,5,5,
5,5,5,5,5,5,5,5,0x1b,0x1b,0x1b,0x1b,0x1b,0x1b,0x1b,0,
0,0,0,0,0,0,0,0,5,5,5,5,5,5,5,5,
5,5,5,5,5,5,5,5,4,0x17,0x17,0x17,5,5,5,5,
5,5,5,5,5,5,5,5,5,5,5,5,0x49,0x89,0xc9,0x109,
0x149,0x189,0x1c9,0x209,0x249,0x289,5,5,0,0,0,0,0,0,0,0,
0,0,0,0,0,0,0,0,0,0,0,0,1,2,1,2,
1,2,1,2,1,2,1,2,1,2,1,2,1,2,1,2,
1,2,1,2,1,2,1,2,4,4,6,6,1,2,1,2,
1,2,1,2,1,2,1,2,1,2,5,6,7,7,7,0x17,
6,6,6,6,6,6,6,6,6,6,0x17,4,5,5,5,5,
5,5,0x58a,0x5ca,0x60a,0x64a,0x68a,0x6ca,0x70a,0x74a,0x78a,0x54a,6,6,0x17,0x17,
0x17,0x17,0x17,0x17,0,0,0,0,0,0,0,0,0x1a,0x1a,0x1a,0x1a,
0x1a,0x1a,0x1a,0x1a,0x1a,0x1a,0x1a,0x1a,0x1a,0x1a,0x1a,0x1a,0x1a,0x1a,0x1a,0x1a,
0x1a,0x1a,0x1a,4,4,4,4,4,4,4,4,4,0,0,1,0,
0,0,0,0,0,0,0,0,0,0,0,0,0,4,4,4,
4,1,2,5,4,4,2,5,5,5,5,5,0x1a,0x1a,1,2,
1,2,1,2,1,2,1,2,1,2,1,2,2,2,1,2,
1,2,1,2,1,2,1,2,1,2,1,2,1,2,1,2,
4,2,2,2,2,2,2,2,2,1,2,1,2,1,1,2,
1,2,1,2,1,2,1,2,4,0x1a,0x1a,1,2,1,2,5,
1,2,1,2,2,2,1,2,1,2,1,2,1,2,1,2,
1,2,1,1,1,1,1,2,1,1,1,1,1,2,1,2,
1,2,1,2,1,2,1,2,1,1,1,1,2,1,2,1,
1,2,1,2,1,2,1,2,1,2,1,2,1,2,1,2,
1,1,0,0,5,5,6,5,5,5,6,5,5,5,5,6,
5,5,5,5,5,5,5,5,5,5,5,5,5,5,5,5,
5,5,5,5,5,5,5,8,8,6,6,8,0x1b,0x1b,0x1b,0x1b,
6,0,0,0,0x34cb,0x344b,0x3ccb,0x37cb,0x35cb,0x3fcb,0x1b,0x1b,0x19,0x1b,0,0,
0,0,0,0,5,5,5,5,5,5,5,5,5,5,5,5,
5,5,5,5,5,5,5,5,0x17,0x17,0x17,0x17,0,0,0,0,
0,0,0,0,8,8,8,8,6,6,0,0,0,0,0,0,
0,0,0x17,0x17,0x49,0x89,0xc9,0x109,0x149,0x189,0x1c9,0x209,0x249,0x289,0,0,
0,0,0,0,8,8,5,5,5,5,5,5,5,5,5,5,
5,5,5,5,5,5,5,5,5,5,5,5,5,5,5,5,
5,5,5,5,8,8,8,8,8,8,8,8,8,8,8,8,
6,6,6,6,6,6,6,6,6,6,6,6,6,6,6,6,
6,6,5,5,5,5,5,5,0x17,0x17,0x17,5,0x17,5,5,6,
5,5,5,5,5,5,6,6,6,6,6,6,6,6,0x17,0x17,
5,5,5,5,5,5,5,5,5,5,5,5,5,5,5,5,
5,5,5,6,6,6,6,6,6,6,6,6,6,6,8,8,
0,0,0,0,0,0,0,0,0,0,0,0x17,8,0x17,0x17,0x17,
0x17,0x17,0x17,0x17,0x17,0x17,0x17,0x17,0x17,0x17,0,4,0x49,0x89,0xc9,0x109,
0x149,0x189,0x1c9,0x209,0x249,0x289,0,0,0,0,0x17,0x17,5,5,5,5,
5,5,5,5,5,5,5,5,5,5,5,5,5,5,5,6,
8,8,6,6,6,6,8,8,6,6,8,8,5,5,5,5,
5,6,4,5,5,5,5,5,5,5,5,5,0x49,0x89,0xc9,0x109,
0x149,0x189,0x1c9,0x209,0x249,0x289,5,5,5,5,5,0,5,5,5,5,
5,5,5,5,5,6,6,6,6,6,6,8,8,6,6,8,
8,6,6,0,0,0,0,0,0,0,0,0,5,5,5,6,
5,5,5,5,5,5,5,5,6,8,0,0,0x49,0x89,0xc9,0x109,
0x149,0x189,0x1c9,0x209,0x249,0x289,0,0,0x17,0x17,0x17,0x17,5,5,5,5,
5,5,5,5,5,5,5,5,5,5,5,5,4,5,5,5,
5,5,5,0x1b,0x1b,0x1b,5,8,6,8,5,5,5,5,5,5,
5,5,5,5,5,5,5,5,5,5,5,5,6,5,6,6,
6,5,5,6,6,5,5,5,5,5,6,6,5,6,5,0,
0,0,0,0,0,0,0,0,0,0,0,0,0,0,0,0,
0,0,0,0,0,0,0,5,5,4,0x17,0x17,5,5,5,5,
5,5,5,5,5,5,5,8,6,6,8,8,0x17,0x17,5,4,
4,8,6,0,0,0,0,0,0,0,0,0,0,5,5,5,
5,5,5,0,0,5,5,5,5,5,5,0,0,5,5,5,
5,5,5,0,0,0,0,0,0,0,0,0,5,5,5,5,
5,5,5,0,5,5,5,5,5,5,5,0,2,2,2,2,
2,2,2,2,2,2,2,2,2,2,2,2,2,2,2,2,
2,2,2,2,2,2,2,0x1a,4,4,4,4,2,2,2,2,
2,2,2,2,2,4,0x1a,0x1a,1,1,0,0,2,2,2,2,
2,2,2,2,2,2,2,2,2,2,2,2,5,5,5,8,
8,6,8,8,6,8,8,0x17,8,6,0,0,0x49,0x89,0xc9,0x109,
0x149,0x189,0x1c9,0x209,0x249,0x289,0,0,0,0,0,0,5,5,5,5,
0,0,0,0,0,0,0,0,0,0,0,0,5,5,5,5,
5,5,5,5,5,5,5,5,5,5,5,5,5,5,5,5,
5,5,5,5,5,5,5,5,0,0,0,0,5,5,5,5,
5,5,5,0,0,0,0,5,5,5,5,5,5,5,5,5,
5,5,5,5,5,5,5,5,5,5,5,5,0x12,0x12,0x12,0x12,
0x12,0x12,0x12,0x12,0x12,0x12,0x12,0x12,0x12,0x12,0x12,0x12,0x12,0x12,0x12,0x12,
0x12,0x12,0x12,0x12,0x12,0x12,0x12,0x12,0x12,0x12,0x12,0x12,0x11,0x11,0x11,0x11,
0x11,0x11,0x11,0x11,0x11,0x11,0x11,0x11,0x11,0x11,0x11,0x11,0x11,0x11,0x11,0x11,
0x11,0x11,0x11,0x11,0x11,0x11,0x11,0x11,0x11,0x11,0x11,0x11,5,5,5,5,
5,5,5,5,5,5,5,0x605,5,5,5,5,5,5,5,0x7c5,
5,5,5,5,0x5c5,5,5,5,5,5,5,5,5,5,5,5,
5,5,5,5,5,5,5,5,5,0x6c5,5,0x6c5,5,5,5,5,
5,5,5,5,5,5,5,5,5,5,5,5,5,5,5,5,
5,5,5,5,5,5,5,5,5,0x7c5,5,5,5,5,5,5,
5,5,5,5,5,5,5,5,5,5,0,0,5,5,5,5,
5,5,5,5,5,5,5,5,5,5,5,5,5,0x18,5,5,
5,5,5,5,5,5,5,5,5,5,5,0,5,5,5,5,
5,0,5,0,5,5,0,5,5,0,5,5,5,5,5,5,
5,5,5,5,5,5,5,5,5,5,5,5,5,5,5,5,
5,5,5,5,2,2,2,2,2,2,2,0,0,0,0,0,
0,0,0,0,0,0,0,2,2,2,2,2,0,0,0,0,
0,5,6,5,5,5,5,5,5,5,5,5,5,5,5,5,
5,5,5,5,5,5,0x1a,0x1a,0x1a,0x1a,0x1a,0x1a,0x1a,0x1a,0x1a,0x1a,
0x1a,0x1a,0x1a,0x1a,0x1a,0x1a,0x1a,0x1b,0x1b,0x1b,0x1b,0x1b,0x1b,0x1b,0x1b,0x1b,
0x1b,0x1b,0x1b,0x1b,0x1b,0x1b,0x1b,5,5,5,5,5,5,5,5,5,
5,5,5,5,5,5,5,5,5,5,5,5,5,5,5,5,
5,5,5,5,5,5,0x15,0x14,5,5,5,5,5,5,5,5,
5,5,5,5,5,5,5,5,0x1b,0x1b,5,5,5,5,5,5,
5,5,5,5,5,5,5,5,0x1b,0x1b,0x1b,0x1b,0x1b,0x1b,0x1b,0x1b,
0,0,0,0,0,0,0,0,0,0,0,0,0,0,0,0,
5,5,5,5,5,5,5,5,5,5,5,5,0x19,0x1b,0x1b,0x1b,
6,6,6,6,6,6,6,6,6,6,6,6,6,6,6,6,
0x17,0x17,0x17,0x17,0x17,0x17,0x17,0x14,0x15,0x17,0,0,0,0,0,0,
6,6,6,6,6,6,6,6,6,6,6,6,6,6,6,6,
0x17,0x13,0x13,0x16,0x16,0x14,0x15,0x14,0x15,0x14,0x15,0x14,0x15,0x14,0x15,0x14,
0x15,0x17,0x17,0x14,0x15,0x17,0x17,0x17,0x17,0x16,0x16,0x16,0x17,0x17,0x17,0,
0x17,0x17,0x17,0x17,0x13,0x14,0x15,0x14,0x15,0x14,0x15,0x17,0x17,0x17,0x18,0x13,
0x18,0x18,0x18,0,0x17,0x19,0x17,0x17,0,0,0,0,5,5,5,5,
5,0,5,5,5,5,5,5,5,5,5,5,5,5,5,5,
5,5,5,5,5,5,5,5,5,5,5,5,5,5,5,5,
5,0,0,0x10,0,0,5,5,5,5,5,5,0,0,5,5,
5,5,5,5,0,0,5,5,5,5,5,5,0,0,5,5,
5,0,0,0,0x19,0x19,0x18,0x1a,0x1b,0x19,0x19,0,0x1b,0x18,0x18,0x18,
0x18,0x1b,0x1b,0,0,0,0,0,0,0,0,0,0,0x10,0x10,0x10,
0x1b,0x1b,0,0,0,0x17,0x17,0x17,0x19,0x17,0x17,0x17,0x14,0x15,0x17,0x18,
0x17,0x13,0x17,0x17,0x49,0x89,0xc9,0x109,0x149,0x189,0x1c9,0x209,0x249,0x289,0x17,0x17,
0x18,0x18,0x18,0x17,0x1a,2,2,2,2,2,2,2,2,2,2,2,
2,2,2,2,2,2,2,2,2,2,2,2,2,2,2,0x14,
0x18,0x15,0x18,0x14,0x15,0x17,0x14,0x15,0x17,0x17,5,5,5,5,5,5,
5,5,5,5,4,5,5,5,5,5,5,5,5,5,5,5,
5,5,5,5,5,5,5,5,5,5,5,5,5,5,5,5,
5,5,5,5,5,5,4,4,5,5,5,5,5,5,5,5,
5,5,5,5,0,5,5,5,5,5,5,5,5,5,5,5,
5,5,5,5,5,5,5,5,5,5,5,0,5,5,5,5,
5,5,5,5,5,5,5,5,5,5,5,5,5,5,5,0,
5,5,0,5,5,5,5,5,5,5,5,5,5,5,5,5,
5,5,0,0,5,5,5,5,5,5,5,5,5,5,5,5,
5,5,0,0,5,5,5,5,5,5,5,5,5,5,5,5,
5,5,5,5,5,5,5,5,5,5,5,5,5,5,5,0,
0,0,0,0,0xb00b,0xb80b,0x784b,0x804b,0x884b,0x904b,0x984b,0xa04b,0xa84b,0xb04b,0xb84b,0x788b,
0x808b,0x888b,0x908b,0x988b,0xa08b,0xa88b,0xb08b,0xb88b,0,0,0,0x1b,0x1b,0x1b,0x1b,0x1b,
0x1b,0x1b,0x1b,0x1b,0x17,0x17,0x17,0,0,0,0,0x58b,0x5cb,0x60b,0x64b,0x68b,
0x6cb,0x70b,0x74b,0x78b,0x7cb,0xa4b,0xccb,0xf4b,0x11cb,0x144b,0x16cb,0x194b,0x1bcb,0x1e4b,0x800b,0x880b,
0x900b,0x980b,0xa00b,0xa80b,0x7ca,0x7ca,0x7ca,0x7ca,0x7ca,0xcca,0x11ca,0x11ca,0x11ca,0x11ca,0x1e4a,0x880a,
0x980a,0x980a,0x980a,0x980a,0x980a,0x784a,0x984a,0x68a,0x11ca,0x344b,0x344b,0x388b,0x3ccb,0x1b,0x1b,0x1b,
0x1b,0x1b,0x1b,0x1b,0x1b,0x1b,0x1b,0x1b,0x1b,0x1b,0x54b,0x34cb,0x1b,0x1b,0x1b,0,
0x1b,0x1b,0x1b,0x1b,0x1b,0x1b,0x1b,0x1b,0x1b,0x1b,0x1b,0x1b,0x1b,0,0,0,
0x34ca,0x344a,0x58a,0x68a,0x11ca,0x980a,0x984a,0x988a,0x68a,0x7ca,0x11ca,0x1e4a,0x980a,0x784a,0x984a,0x68a,
0x7ca,0x11ca,0x1e4a,0x980a,0x784a,0x788a,0x988a,0x7ca,0x58a,0x58a,0x58a,0x5ca,0x5ca,0x5ca,0x5ca,0x68a,
0x1b,0,0,0,0,0,0,0,0,0,0,0,0,0,0,0,
0,0,0,0,0,0,0,0,0,0,0,0,0,0,0,0,
0x1b,0x1b,0x1b,0x1b,0x1b,0x1b,0x1b,0x1b,0x1b,0x1b,0x1b,0x1b,0x1b,0x1b,0x1b,0x1b,
0x1b,0x1b,0x1b,0x1b,0x1b,0x1b,0x1b,0x1b,0x1b,0x1b,0x1b,0x1b,0x1b,6,0,0,
5,5,5,5,5,5,5,5,5,5,5,5,5,5,5,5,
5,0,0,0,0,0,0,0,0,0,0,0,0,0,0,0,
6,0x58b,0x5cb,0x60b,0x64b,0x68b,0x6cb,0x70b,0x74b,0x78b,0x7cb,0xa4b,0xccb,0xf4b,0x11cb,0x144b,
0x16cb,0x194b,0x1bcb,0x1e4b,0x800b,0x880b,0x900b,0x980b,0xa00b,0xa80b,0xb00b,0xb80b,0,0,0,0,
0x58b,0x68b,0x7cb,0x11cb,0,0,0,0,0,0,0,0,0,5,5,5,
5,5,5,5,5,5,5,5,5,5,5,5,5,5,5,5,
5,0x1bca,5,5,5,5,5,5,5,5,0xb80a,0,0,0,0,0,
5,5,5,5,5,5,5,5,5,5,5,5,5,5,5,5,
5,5,5,5,5,5,6,6,6,6,6,0,0,0,0,0,
5,5,5,5,5,5,5,5,5,5,5,5,5,5,5,5,
5,5,5,5,5,5,5,5,5,5,5,5,5,5,0,0x17,
5,5,5,5,0,0,0,0,5,5,5,5,5,5,5,5,
0x17,0x58a,0x5ca,0x7ca,0xa4a,0x1e4a,0,0,0,0,0,0,0,0,0,0,
2,2,2,2,2,2,2,2,2,2,2,2,2,2,2,2,
5,5,5,5,5,5,5,5,5,5,5,5,5,5,5,5,
5,5,5,5,5,5,5,5,5,5,5,5,5,5,0,0,
0x49,0x89,0xc9,0x109,0x149,0x189,0x1c9,0x209,0x249,0x289,0,0,0,0,0,0,
1,1,1,1,1,1,1,1,1,1,1,1,1,1,1,1,
2,2,2,2,2,2,2,2,2,2,2,2,2,2,2,2,
2,2,2,2,2,2,2,2,2,2,2,2,0,0,0,0,
1,1,1,1,1,1,1,1,1,1,1,1,1,1,1,1,
1,1,1,1,0,0,0,0,2,2,2,2,2,2,2,2,
5,5,5,5,5,5,5,5,0,0,0,0,0,0,0,0,
5,5,5,5,5,5,5,5,5,5,5,5,5,5,5,5,
0,0,0,0,0,0,0,0,0,0,0,0x17,1,1,1,1,
1,1,1,1,1,1,1,0,1,1,1,1,2,2,0,2,
2,2,2,2,2,2,2,2,2,2,2,2,2,2,0,2,
2,2,2,2,2,2,0,2,2,0,0,0,1,1,1,1,
1,1,1,1,1,1,1,0,1,1,1,1,1,1,1,0,
1,1,0,2,2,2,2,2,2,2,2,2,5,5,5,5,
5,5,5,5,5,5,5,5,5,5,5,5,5,5,5,5,
0,0,0,0,0,0,0,0,0,0,0,0,0,0,0,0,
0,0,0,0,0,0,0,0,4,4,4,4,4,4,4,4,
4,4,4,4,4,4,4,4,4,0,4,4,4,4,4,4,
4,4,4,4,4,4,4,4,4,4,0,4,4,4,4,4,
4,4,4,4,4,4,4,4,4,4,4,4,4,4,4,4,
4,4,4,4,5,5,5,5,5,5,5,5,5,5,5,5,
5,5,5,5,5,5,5,5,5,5,0,5,5,0,0,0,
5,0,0,5,5,5,5,5,5,5,0,0,5,0,5,5,
5,5,5,5,5,5,5,5,5,5,5,5,5,5,5,5,
5,5,5,5,5,5,0,0x17,0x58b,0x5cb,0x60b,0x7cb,0xa4b,0x1e4b,0x784b,0x788b,
5,5,5,5,5,5,5,5,5,5,5,5,5,5,5,5,
5,5,5,5,5,5,5,0x1b,0x1b,0x58b,0x5cb,0x60b,0x64b,0x68b,0x7cb,0xa4b,
0,0,0,0,0,0,0,0x58b,0x5cb,0x60b,0x64b,0x64b,0x68b,0x7cb,0xa4b,0x1e4b,
0,0,0,0,0,0,0,0,0,0,0,0,0,0,0,0,
5,5,5,5,5,5,5,5,5,5,5,5,5,5,5,5,
5,5,5,0,5,5,0,0,0,0,0,0x58b,0x68b,0x7cb,0xa4b,0x1e4b,
5,5,5,5,5,5,5,5,5,5,5,5,5,5,5,5,
5,5,5,5,5,5,0x58b,0x7cb,0xa4b,0x1e4b,0x5cb,0x60b,0,0,0,0x17,
5,5,5,5,5,5,5,5,5,5,5,5,5,5,5,5,
5,5,5,5,5,5,5,5,5,5,0,0,0,0,0,0x17,
0xa04b,0xa84b,0xb04b,0xb84b,0x788b,0x808b,0x888b,0x908b,0x988b,0xa08b,0xa88b,0xb08b,0xb88b,0x78cb,0x80cb,0x88cb,
0x90cb,0x98cb,0xa0cb,0xa8cb,0xb0cb,0xb8cb,0x36cb,0x354b,0x34cb,0x348b,0x46cb,0x344b,0x4ecb,0x388b,0x3ccb,0x454b,
5,5,5,5,5,5,5,5,5,5,5,5,5,5,5,5,
5,5,5,5,5,5,5,5,0,0,0,0,0x5ecb,0x344b,5,5,
0x58b,0x5cb,0x60b,0x64b,0x68b,0x6cb,0x70b,0x74b,0x78b,0x7cb,0xa4b,0xccb,0xf4b,0x11cb,0x144b,0x16cb,
0,0,0x1e4b,0x800b,0x880b,0x900b,0x980b,0xa00b,0xa80b,0xb00b,0xb80b,0x784b,0x804b,0x884b,0x904b,0x984b,
0x30b,0x34b,0x38b,0x3cb,0x7cb,0xa4b,0x1e4b,0x784b,0x344b,0,0,0,0,0,0,0,
0x17,0x17,0x17,0x17,0x17,0x17,0x17,0x17,0x17,0,0,0,0,0,0,0,
5,6,6,6,0,6,6,0,0,0,0,0,6,6,6,6,
5,5,5,5,0,5,5,5,0,5,5,5,5,5,5,5,
5,5,5,5,5,5,5,5,5,5,5,5,5,5,5,5,
5,5,0,0,6,6,6,0,0,0,0,6,5,5,5,5,
5,5,5,5,5,5,5,5,5,5,5,5,5,5,5,5,
5,5,5,5,5,5,5,5,5,0x58b,0x11cb,0x17,5,5,5,5,
5,5,5,5,5,5,5,5,5,5,5,5,5,5,5,5,
5,5,5,5,5,5,5,5,5,0x58b,0x7cb,0xa4b,5,5,5,5,
5,6,6,0,0,0,0,0x58b,0x68b,0x7cb,0xa4b,0x1e4b,0x17,0x17,0x17,0x17,
0x17,0x17,0x17,0,0,0,0,0,0,0,0,0,5,5,5,5,
5,5,5,5,0x1b,5,5,5,5,5,5,5,5,5,5,5,
5,5,5,5,5,5,5,5,5,5,5,5,5,5,0,0,
0,0x17,0x17,0x17,0x17,0x17,0x17,0x17,5,5,5,5,5,5,5,5,
5,5,5,5,5,5,5,5,5,5,5,5,5,5,0,0,
0x58b,0x5cb,0x60b,0x64b,0x7cb,0xa4b,0x1e4b,0x784b,5,5,5,5,5,5,5,5,
5,5,5,5,5,5,5,5,5,5,5,0,0,0,0,0,
0x58b,0x5cb,0x60b,0x64b,0x7cb,0xa4b,0x1e4b,0x784b,5,5,5,5,5,5,5,5,
5,5,5,5,5,5,5,5,5,5,0,0,0,0,0,0,
0,0x17,0x17,0x17,0x17,0,0,0,0,0,0,0,0,0,0,0,
0,0x58b,0x5cb,0x60b,0x64b,0x7cb,0xa4b,0x1e4b,0,0,0,0,0,0,0,0,
0,0,0,0,0,0,0,0,5,5,5,5,5,5,5,5,
5,0,0,0,0,0,0,0,0,0,0,0,0,0,0,0,
0,0,0,0,0,0,0,0,1,1,1,1,1,1,1,1,
1,1,1,1,1,1,1,1,1,1,1,0,0,0,0,0,
0,0,0,0,0,0,0,0,2,2,2,2,2,2,2,2,
2,2,2,2,2,2,2,2,2,2,2,0,0,0,0,0,
0,0,0x58b,0x68b,0x7cb,0x11cb,0x1e4b,0x784b,5,5,5,5,6,6,6,6,
0,0,0,0,0,0,0,0,0x49,0x89,0xc9,0x109,0x149,0x189,0x1c9,0x209,
0x249,0x289,0,0,0,0,0,0,1,1,1,1,1,1,0,0,
0,6,6,6,6,6,0x13,4,2,2,2,2,2,2,2,2,
2,2,2,2,2,2,2,2,2,2,0,0,0,0,0,0,
0,0,0x18,0x18,0,0,0,0,0,0,0,0,0,0,0,0,
0,0,0,0,0x49,0x89,0xc9,0x109,0x149,0x189,0x1c9,0x209,0x249,0x289,5,5,
5,5,4,5,1,1,1,1,1,1,1,1,1,1,1,1,
1,1,1,1,0x30b,0x34b,0x38b,0x3cb,0x40b,0x44b,0x48b,0x4cb,0x50b,0x7cb,0xa4b,0xccb,
0xf4b,0x11cb,0x144b,0x16cb,0x194b,0x1bcb,0x1e4b,0x800b,0x880b,0x900b,0x980b,0xa00b,0xa80b,0xb00b,0xb80b,0x344b,
0x34cb,0x348b,0x388b,0,5,5,5,5,5,5,5,5,5,5,0,6,
6,0x13,0,0,5,5,0,0,0,0,0,0,0,0,0,0,
0,0,0,0,5,5,5,5,5,5,5,5,5,5,5,5,
5,5,5,0,6,6,6,6,6,6,6,6,6,6,6,6,
6,6,6,6,0,0,5,5,5,4,5,5,0,0x1a,0x1a,6,
6,6,6,6,0x17,0x1b,0x1b,0x1b,0x1b,0x1b,0x1b,0x1b,0x1b,5,5,5,
5,5,5,5,5,5,5,5,5,5,5,5,5,5,5,5,
5,5,5,5,5,5,5,5,5,5,5,5,5,0x58b,0x5cb,0x60b,
0x64b,0x68b,0x7cb,0xa4b,0xccb,0x1e4b,0x344b,5,0,0,0,0,0,0,0,0,
5,5,5,5,5,5,5,5,5,5,5,5,5,5,5,5,
5,5,6,6,6,6,6,6,6,6,6,6,6,0x58b,0x7cb,0xa4b,
0x1e4b,0x17,0x17,0x17,0x17,0x17,0,0,0,0,0,0,5,5,6,6,
6,6,0x17,0x17,0x17,0x17,0,0,0,0,0,0,0,0,0,0,
0,0,0,0,0,0,0,0,0,0,0,0,5,5,5,5,
5,0x58b,0x5cb,0x60b,0x64b,0x7cb,0xa4b,0x1e4b,0,0,0,0,0,0,0,0,
0,0,0,0,0,0,0,0,0,0,0,0,0x144b,0x16cb,0x194b,0x1bcb,
0x1e4b,0x784b,0x49,0x89,0xc9,0x109,0x149,0x189,0x1c9,0x209,0x249,0x289,6,5,5,6,
6,5,0,0,0,0,0,0,0,0,0,6,8,6,8,5,
5,5,5,5,5,5,5,5,5,5,5,5,5,5,5,5,
5,5,5,5,5,5,5,5,5,5,5,5,6,6,6,6,
6,6,6,0x17,0x17,0x17,0x17,0x17,0x17,0x17,0,0,0,0,0x30b,0x34b,
0x38b,0x3cb,0x40b,0x44b,0x48b,0x4cb,0x50b,0x7cb,0xa4b,0xccb,0xf4b,0x11cb,5,5,5,5,
5,5,5,5,5,5,5,5,5,5,5,5,8,8,8,6,
6,6,6,8,8,6,6,0x17,0x17,0x10,0x17,0x17,0x17,0x17,6,0,
0,0,0,0,0,0,0,0,0,0x10,0,0,5,5,5,5,
5,5,5,5,5,5,5,5,5,5,5,5,5,0,0,0,
0,0,0,0,0x49,0x89,0xc9,0x109,0x149,0x189,0x1c9,0x209,0x249,0x289,0,0,
0,0,0,0,5,5,5,5,5,5,5,6,6,6,6,6,
8,6,6,6,6,6,6,6,6,0,0x49,0x89,0xc9,0x109,0x149,0x189,
0x1c9,0x209,0x249,0x289,0x17,0x17,0x17,0x17,5,8,8,5,0,0,0,0,
0,0,0,0,5,5,5,5,5,5,5,5,5,5,5,5,
5,5,5,5,6,6,6,5,5,5,5,5,5,5,5,5,
5,5,5,5,5,5,5,5,5,5,5,5,5,5,5,5,
5,5,5,5,5,5,5,6,0x17,0x17,5,0,0,0,0,0,
0,0,0,0,8,5,5,5,5,0x17,0x17,0x17,0x17,6,6,6,
6,0x17,8,6,0x49,0x89,0xc9,0x109,0x149,0x189,0x1c9,0x209,0x249,0x289,5,0x17,
5,0x17,0x17,0x17,5,5,5,5,5,5,5,5,5,5,5,5,
5,5,5,5,5,5,5,8,8,8,6,6,6,6,6,6,
6,6,6,8,0,0x58b,0x5cb,0x60b,0x64b,0x68b,0x6cb,0x70b,0x74b,0x78b,0x7cb,0xa4b,
0xccb,0xf4b,0x11cb,0x144b,0x16cb,0x194b,0x1bcb,0x1e4b,0x784b,0,0,0,0,0,0,0,
0,0,0,0,5,5,5,5,5,5,5,5,5,5,5,5,
8,8,8,6,6,6,8,8,6,8,6,6,0x17,0x17,0x17,0x17,
0x17,0x17,6,5,5,6,0,0,0,0,0,0,0,0,0,0,
0,0,0,0,0,0,0,0,0,0,0,0,0,0,0,0,
0,0,0,0,5,5,5,5,5,5,5,5,5,5,5,5,
5,5,5,5,5,5,0,5,5,5,5,5,5,5,5,5,
5,5,5,5,5,5,5,0,5,0,5,5,5,5,0,5,
5,5,5,5,5,5,5,5,5,5,5,5,5,5,0,5,
5,5,5,5,5,5,5,5,5,0x17,0,0,0,0,0,0,
5,5,5,5,5,5,5,5,5,5,5,5,5,5,5,5,
8,8,8,6,6,6,6,6,6,6,6,0,0,0,0,0,
0x49,0x89,0xc9,0x109,0x149,0x189,0x1c9,0x209,0x249,0x289,0,0,0,0,0,0,
5,5,8,8,0,0,6,6,6,6,6,6,6,0,0,0,
6,6,6,6,6,0,0,0,0,0,0,0,0,0,0,0,
6,6,8,8,0,5,5,5,5,5,5,5,5,0,0,5,
5,0,0,5,5,5,5,5,5,5,5,5,5,5,5,5,
5,0,5,5,5,5,5,5,5,0,5,5,0,5,5,5,
5,5,0,6,6,5,8,8,6,8,8,8,8,0,0,8,
8,0,0,8,8,8,0,0,5,0,0,0,0,0,0,8,
0,0,0,0,0,5,5,5,0,6,6,0,0,0,0,0,
0,0,0,0,0,0,0,0,0,0,0,0,0,0,0,0,
0,0,0,0,0,0,0,0,5,5,5,5,5,5,5,5,
5,5,0,5,0,0,5,0,5,5,5,5,5,5,5,5,
5,5,5,5,5,5,5,5,5,5,5,5,5,5,0,5,
8,8,8,6,6,6,6,6,6,0,8,0,0,8,0,8,
8,8,8,0,8,8,6,8,6,5,6,5,0x17,0x17,0,0x17,
0x17,0,0,0,0,0,0,0,5,5,5,5,5,5,5,5,
5,5,5,5,5,5,5,5,5,5,5,5,5,8,8,8,
6,6,6,6,6,6,6,6,8,8,6,6,6,8,6,5,
5,5,5,0x17,0x17,0x17,0x17,0x17,0x49,0x89,0xc9,0x109,0x149,0x189,0x1c9,0x209,
0x249,0x289,0x17,0x17,0,0x17,6,5,5,5,0,0,0,0,0,0,
0,0,0,0,0,0,0,0,0,0,0,0,0,0,0,0,
0,0,0,0,0,0,0,0,5,5,5,5,5,5,5,5,
5,5,5,5,5,5,5,5,8,8,8,6,6,6,6,6,
6,8,6,8,8,8,8,6,6,8,6,6,5,5,0x17,5,
0,0,0,0,0,0,0,0,0x49,0x89,0xc9,0x109,0x149,0x189,0x1c9,0x209,
0x249,0x289,0,0,0,0,0,0,5,5,5,5,5,5,5,5,
5,5,5,5,5,5,5,8,8,8,6,6,6,6,0,0,
8,8,8,8,6,6,8,6,6,0x17,0x17,0x17,0x17,0x17,0x17,0x17,
0x17,0x17,0x17,0x17,0x17,0x17,0x17,0x17,0x17,0x17,0x17,0x17,0x17,0x17,0x17,0x17,
5,5,5,5,6,6,0,0,5,5,5,5,5,5,5,5,
5,5,5,5,5,5,5,5,8,8,8,6,6,6,6,6,
6,6,6,8,8,6,8,6,6,0x17,0x17,0x17,5,0,0,0,
0,0,0,0,0,0,0,0,0x49,0x89,0xc9,0x109,0x149,0x189,0x1c9,0x209,
0x249,0x289,0,0,0,0,0,0,0x17,0x17,0x17,0x17,0x17,0x17,0x17,0x17,
0x17,0x17,0x17,0x17,0x17,0,0,0,0,0,0,0,0,0,0,0,
0,0,0,0,0,0,0,0,0x49,0x89,0xc9,0x109,0x149,0x189,0x1c9,0x209,
0x249,0x289,0,0,0,0,0,0,0x49,0x89,0xc9,0x109,0x149,0x189,0x1c9,0x209,
0x249,0x289,0x49,0x89,0xc9,0x109,0x149,0x189,5,5,5,5,5,5,5,5,
5,5,5,6,8,6,8,8,6,6,6,6,6,6,8,6,
5,0x17,0,0,0,0,0,0,0x1c9,0x209,0x249,0x289,0,0,0,0,
0,0,0,0,0,0,0,0,0,0,0,0,0,0,0,0,
0,0,0,0,0,0,0,0,8,8,6,6,6,6,8,6,
6,6,6,6,0,0,0,0,0x49,0x89,0xc9,0x109,0x149,0x189,0x1c9,0x209,
0x249,0x289,0x7cb,0xa4b,0x17,0x17,0x17,0x1b,5,5,5,5,5,5,5,0,
0,0,0,0,0,0,0,0,0,0,0,0,0,0,0,0,
0,0,0,0,0,0,0,0,5,5,5,5,5,5,5,5,
5,5,5,5,5,5,5,5,5,5,5,5,5,5,5,5,
5,5,5,0,0,6,8,6,5,5,5,5,5,5,5,5,
5,5,5,5,8,8,8,6,6,6,6,6,6,6,6,6,
8,6,6,0x17,0,0,0,0,0x49,0x89,0xc9,0x109,0x149,0x189,0x1c9,0x209,
0x249,0x289,0x7cb,0xa4b,0xccb,0xf4b,0x11cb,0x144b,0x16cb,0x194b,0x1bcb,0,0,0,0,0,
0,0,0,0,0,0,0,5,8,5,8,6,0x17,0x17,0x17,0,
0,0,0,0,0,0,0,0,0x49,0x89,0xc9,0x109,0x149,0x189,0x1c9,0x209,
0x249,0x289,0,0,0,0,0,0,5,5,5,5,5,5,5,0,
0,5,0,0,5,5,5,5,5,5,5,5,0,5,5,0,
5,5,5,5,5,5,5,5,5,5,5,5,5,5,5,5,
8,8,8,8,8,8,0,8,8,0,0,6,6,8,6,5,
6,5,0x17,5,8,0,0,0,0,0,0,0,0,0,0,0,
0,0,0,0,0,0,0,0,0,0,0,0,0,0,0,0,
5,5,5,5,5,5,5,5,0,0,5,5,5,5,5,5,
5,5,5,5,5,5,5,5,5,5,5,5,5,5,5,5,
5,8,8,8,6,6,6,6,0,0,6,6,8,8,8,8,
5,5,5,5,5,5,5,5,5,5,5,5,5,5,5,5,
5,5,5,6,6,6,6,6,6,8,5,6,6,6,6,0x17,
0x17,0x17,0x17,0x17,0x17,0x17,0x17,6,0,0,0,0,0,0,0,0,
5,6,6,6,6,6,6,8,8,6,6,6,5,5,5,5,
5,6,6,6,6,6,6,6,6,6,6,5,5,5,5,5,
5,5,5,5,5,5,5,5,5,5,5,5,5,5,5,5,
0x17,0x17,0x17,0,0,0,0,0,0,0,0,0,0,0,0,0,
5,5,5,5,5,5,5,5,5,5,5,5,5,5,5,5,
5,5,6,6,6,6,6,6,6,6,6,6,6,6,6,8,
6,6,0x17,0x17,0x17,5,0x17,0x17,6,8,6,6,6,8,6,8,
0,0,0,0,0,0,0,0,0,0,0,0,0,0,0,0,
0,0,0,0,0,0,0,0,0x17,0x17,0x17,0x17,0x17,0x17,0x17,0x17,
0x17,0x17,5,0,0,0,0,0,0,0,0,0,0,0,0,0,
0,0,0,0,0,0,0,0,5,0x17,0,0,0,0,0,0,
0,0,0,0,0,0,0,0,0x49,0x89,0xc9,0x109,0x149,0x189,0x1c9,0x209,
0x249,0x289,0,0,0,0,0,0,5,0x17,0x17,0x17,0x17,0x17,0,0,
0,0,0,0,0,0,0,0,0x49,0x89,0xc9,0x109,0x149,0x189,0x1c9,0x209,
0x249,0x289,0x58b,0x5cb,0x60b,0x64b,0x68b,0x6cb,0x70b,0x74b,0x78b,0x7cb,0xa4b,0xccb,0xf4b,0x11cb,
0x144b,0x16cb,0x194b,0x1bcb,0x1e4b,0,0,0,0x17,0x17,5,5,5,5,5,5,
5,5,5,5,5,5,5,5,5,0,5,5,5,5,5,5,
5,5,5,5,5,5,5,5,5,5,5,5,5,5,5,5,
5,5,5,8,6,6,6,6,6,6,6,0,6,6,6,6,
6,6,8,6,6,6,6,6,6,6,6,6,0,8,6,6,
6,6,6,6,6,8,6,6,8,6,6,0,0,0,0,0,
0,0,0,0,5,5,5,5,5,5,5,5,5,5,5,5,
5,5,5,5,0,0,6,6,6,6,6,6,6,6,6,6,
6,6,6,6,6,6,5,6,0,0,0,0,0,0,0,0,
0x49,0x89,0xc9,0x109,0x149,0x189,0x1c9,0x209,0x249,0x289,0,0,0,0,0,0,
5,5,5,5,5,5,5,0,5,5,0,5,5,5,5,5,
5,5,5,5,5,5,5,5,5,5,5,5,5,5,5,5,
5,6,6,6,6,6,6,0,0,0,6,0,6,6,0,6,
5,5,5,5,5,5,5,5,5,5,8,8,8,8,8,0,
6,6,0,8,8,6,8,6,5,0,0,0,0,0,0,0,
0x49,0x89,0xc9,0x109,0x149,0x189,0x1c9,0x209,0x249,0x289,0,0,0,0,0,0,
5,5,5,5,5,5,5,5,5,5,5,5,5,5,5,5,
5,5,0,5,5,0,5,5,5,5,5,5,5,5,5,5,
5,5,5,5,5,5,5,5,5,5,5,5,5,5,5,5,
5,4,5,5,0,0,0,0,0x49,0x89,0xc9,0x109,0x149,0x189,0x1c9,0x209,
0x249,0x289,0,0,0,0,0,0,6,5,0,0,0,0,0,0,
0,0,0,0,0,0,0,0,5,5,5,5,5,5,5,5,
5,5,5,5,5,5,5,5,5,5,5,6,6,8,8,0x17,
0x17,0,0,0,0,0,0,0,6,8,6,0x17,0x17,0x17,0x17,0x17,
0x17,0x17,0x17,0x17,0x17,0x17,0x17,0x17,0x49,0x89,0xc9,0x109,0x149,0x189,0x1c9,0x209,
0x249,0x289,6,0,0,0,0,0,6,6,5,8,5,5,5,5,
5,5,5,5,5,5,5,5,5,0,5,5,5,5,5,5,
5,5,5,5,5,5,5,5,5,5,5,5,5,5,5,5,
8,8,6,6,6,6,6,0,0,0,8,8,0,0,0,0,
0,0,0,0,0,0,0,0,0,0,0,0,5,0,0,0,
0,0,0,0,0,0,0,0,0,0,0,0,0x19,0x1b,0x1b,0x1b,
0x1b,0x1b,0x1b,0x1b,0x1b,0x1b,0x1b,0x1b,0x1b,0x1b,0x1b,0x1b,0x1b,0x1b,0,0,
0,0,0,0,0,0,0,0,0,0,0,0x17,0xcd0b,0xcc0b,0xcb0b,0xd00b,
0xca0b,0xcf0b,0xcb4b,0xd04b,0xc90b,0x37cb,0x37cb,0x364b,0x35cb,0xc94b,0x3fcb,0x350b,0x34cb,0x344b,0x344b,0x3ccb,
0xcd0b,0x1b,0x1b,0x1b,0x1b,0x1b,0x1b,0x1b,0x1b,0x19,0x19,0x19,5,5,5,5,
5,5,5,5,5,5,5,5,5,5,5,5,5,5,5,5,
5,5,5,5,0x585,0x585,5,5,5,5,5,5,5,5,5,5,
5,5,5,5,5,5,5,5,5,5,5,5,5,5,5,5,
5,0x585,5,5,5,5,5,5,5,5,0x3445,5,5,5,5,0x5c5,
5,5,5,5,5,5,5,5,5,5,5,5,5,5,5,5,
5,5,5,5,5,5,5,0x585,5,0x605,5,5,5,5,5,5,
5,5,5,5,5,5,5,5,5,5,5,5,5,5,5,5,
5,5,5,5,5,0x5c5,0,0,0,0,0,0,0x34ca,0x354a,0x34ca,0x34ca,
0x344a,0x348a,0x388a,0xf4a,0x11ca,0x64a,0x68a,0x6ca,0x70a,0x74a,0x78a,0x70a,0x17,0x17,0x17,0x17,
0x17,0x74a,0x78a,0x58a,0x5ca,0x60a,0x64a,0x68a,0x6ca,0x70a,0x74a,0x78a,0x60a,0x64a,0x68a,0x6ca,
0x70a,0x74a,0x78a,0x64a,0x68a,0x6ca,0x70a,0x74a,0x78a,0x58a,0x5ca,0x60a,0x64a,0x68a,0x6ca,0x70a,
0x74a,0x78a,0x58a,0x5ca,0x60a,0x64a,0x68a,0x5ca,0x60a,0x60a,0x64a,0x68a,0x6ca,0x70a,0x74a,0x78a,
0x58a,0x5ca,0x60a,0x60a,0x64a,0x68a,0xc08a,0xc18a,0x58a,0x5ca,0x60a,0x60a,0x64a,0x68a,0x60a,0x60a,
0x64a,0x64a,0x64a,0x64a,0x6ca,0x70a,0x70a,0x70a,0x74a,0x74a,0x78a,0x78a,0x78a,0x78a,0x5ca,0x60a,
0x64a,0x68a,0x6ca,0x58a,0x5ca,0x60a,0x64a,0x64a,0x68a,0x68a,0x5ca,0x60a,0x58a,0x5ca,0x348a,0x388a,
0x454a,0x348a,0x388a,0x35ca,5,5,5,5,0,0,0,0,0,0,0,0,
0,0,0,0,0x58a,0x5ca,0x60a,0x64a,0x68a,0x6ca,0x70a,0x74a,0x78a,0x58a,0x5ca,0x60a,
0x64a,0x68a,0x6ca,0x70a,0x5ca,0x60a,0x64a,0x68a,0x6ca,0x70a,0x74a,0x78a,0x58a,0x5ca,0x58a,0x5ca,
0x58a,0x5ca,0x60a,0x64a,0x68a,0x6ca,0x70a,0x74a,0x78a,0x58a,0x58a,0x5ca,0x60a,0x64a,0x68a,0x58a,
0x5ca,0x60a,0x64a,0x68a,0x6ca,0x70a,0x74a,0x78a,0x58a,0x5ca,0x58a,0,0,0,0,0,
0,0,0,0,0,0,0,0,0,0,0,0,0,0,0,0,
0,0,0,0,0x74a,0x78a,0x58a,0x5ca,0x60a,0x64a,0x68a,0x6ca,0x70a,0x74a,0x78a,0x58a,
0x5ca,0x60a,0x64a,0x68a,0x6ca,0x70a,0x74a,0x78a,0x58a,0x5ca,0x60a,0x64a,0x68a,0x58a,0x5ca,0x60a,
0x64a,0x68a,0x6ca,0x70a,0x74a,0x78a,0x58a,0x5ca,0x60a,0x64a,0x68a,0x35ca,0x35ca,0x34ca,0x34ca,0x344a,
0x58a,0x5ca,0x58a,0x5ca,0x60a,0x64a,0x68a,0x58a,0x5ca,0x60a,0x64a,0x68a,0x348a,0x388a,0x58a,0x5ca,
0x60a,0x64a,0x68a,0x6ca,0x70a,0x74a,0x78a,0x58a,0x5ca,0x60a,0x64a,0x68a,0x58a,0x5ca,0x58a,0x58a,
0x58a,0x58a,0x58a,0x58a,0x58a,0x58a,0x58a,0x58a,0x58a,0x58a,0x58a,0x5ca,0x60a,0x64a,0x58a,0x5ca,
0x60a,0x64a,0x58a,0x5ca,0x60a,0x64a,0x68a,0x6ca,0x70a,0x74a,0x78a,0x58a,0x5ca,0x60a,0x64a,0x68a,
0x58a,0x5ca,0x60a,0x64a,0x68a,0x58a,0x5ca,0x60a,0x64a,0x68a,0x6ca,0x70a,0x74a,0x78a,0x58a,0x5ca,
0x60a,0x64a,0x68a,0x58a,0x58a,0x5ca,0x60a,0x64a,0x68a,0x6ca,0x70a,0x74a,0x78a,0x58a,0x58a,0x58a,
0x5ca,0x60a,0x64a,0x58a,0x5ca,0x60a,0x64a,0x68a,0x58a,0x5ca,0x60a,0x64a,0x68a,0x6ca,0x70a,0x74a,
0x78a,0x58a,0x58a,0x58a,0x58a,0x58a,0x58a,0x5ca,0x60a,0x64a,0x58a,0x5ca,0x60a,0x64a,0x68a,0x58a,
0x5ca,0x60a,0x64a,0x68a,0x6ca,0x70a,0x74a,0x78a,0x58a,0x5ca,0x58a,0x5ca,0x60a,0x64a,0x68a,0x6ca,
0x70a,0x74a,0x78a,0x58a,0x5ca,0x60a,0x64a,0x58a,0x58a,0x58a,0x58a,0x58a,0x58a,0x58a,0x5ca,0x60a,
0x64a,0x58a,0x5ca,0x60a,0x64a,0x58a,0x5ca,0x60a,0x64a,0x68a,0x58a,0x5ca,0x60a,0x64a,0x68a,0x6ca,
0x70a,0x74a,0x78a,0x58a,0x5ca,0x58a,0x5ca,0x58a,0x58a,0x58a,0x58a,0x5ca,0x60a,0x58a,0x5ca,0x60a,
0x58a,0x5ca,0x60a,0x64a,0x68a,0x6ca,0x70a,0x74a,0x78a,0x58a,0x58a,0x5ca,0x60a,0x64a,0x68a,0x6ca,
0x70a,0x74a,0x78a,0x58a,5,5,5,5,5,5,5,5,5,5,5,5,
5,5,5,5,5,0x17,0x17,0,0,0,0,0,0,0,0,0,
0,0,0,0,5,5,5,5,5,5,5,5,5,5,5,5,
5,5,5,5,0x10,0x10,0x10,0x10,0x10,0x10,0x10,0x10,0x10,0x10,0x10,0x10,
0x10,0x10,0x10,0x10,6,5,5,5,5,5,5,6,6,6,6,6,
6,6,6,6,6,6,6,6,6,6,0,0,0,0,0,0,
0,0,0,0,6,6,6,6,6,6,6,6,6,6,8,8,
8,6,6,6,0x49,0x89,0xc9,0x109,0x149,0x189,0x1c9,0x209,0x249,0x289,0,0,
0,0,0,0,5,5,5,5,5,5,5,5,5,5,5,5,
5,5,0,0,6,6,6,6,6,0x17,0,0,0,0,0,0,
0,0,0,0,5,5,5,5,5,5,5,5,5,5,5,5,
5,5,5,5,6,6,6,6,6,6,6,0x17,0x17,0x17,0x17,0x17,
0x1b,0x1b,0x1b,0x1b,4,4,4,4,0x17,0x1b,0,0,0,0,0,0,
0,0,0,0,0x49,0x89,0xc9,0x109,0x149,0x189,0x1c9,0x209,0x249,0x289,0,0x7cb,
0x1e4b,0x788b,0x790b,0x798b,0x7a0b,0x7a8b,0,5,5,5,5,5,5,5,5,5,
5,5,5,5,5,5,5,5,5,5,5,5,0,0,0,0,
0,5,5,5,5,5,5,5,5,5,5,5,5,5,5,4,
4,0x17,0x17,0x17,0x49,0x89,0xc9,0x109,0x149,0x189,0x1c9,0x209,0x249,0x289,0,0,
0,0,0,0,4,4,4,5,5,5,5,5,5,5,5,5,
5,5,5,5,5,5,5,5,5,5,5,5,5,5,5,5,
5,5,5,5,0x54b,0x58b,0x5cb,0x60b,0x64b,0x68b,0x6cb,0x70b,0x74b,0x78b,0x7cb,0x80b,
0x84b,0x88b,0x8cb,0x90b,0x94b,0x98b,0x9cb,0xa0b,0x58b,0x5cb,0x60b,0x17,0x17,0x17,0x17,0,
0,0,0,0,2,2,2,2,2,2,2,2,2,2,2,2,
2,2,2,2,2,2,2,2,0,0,0,0,0,0,0,0,
0,0,0,0,1,1,1,1,1,1,1,1,1,1,1,1,
1,1,1,1,1,1,1,1,1,1,1,1,1,0,0,2,
2,2,2,2,5,5,5,5,5,5,5,5,5,5,5,0,
0,0,0,6,5,8,8,8,8,8,8,8,8,8,8,8,
8,8,8,8,8,8,8,8,8,8,8,8,8,8,8,8,
8,8,8,8,8,8,8,8,0,0,0,0,0,0,0,6,
6,6,6,4,4,4,4,4,4,4,4,4,4,4,4,4,
4,4,0x17,4,6,0,0,0,0,0,0,0,0,0,0,0,
8,8,4,4,0x58a,0x3c4a,0x5ca,0,0,0,0,0,0,0,0,0,
0,0,0,0,0,0,0,0,0,0,0,0,0,0,0,0,
0,0,0,0,0,0,0,5,5,0,0,0,0,0,0,0,
0,0,0,0,0,0,0,0,0,0,0,0,0,0,0,0,
0,0,0,0,0,0,0,0,5,5,5,5,5,5,5,5,
5,5,5,5,5,5,5,5,5,5,5,0,0,0,0,0,
0,0,0,0,0,0,0,0,5,5,5,5,5,5,5,5,
5,5,5,5,5,5,5,5,5,5,0,0,0,0,0,0,
0,0,0,0,0,0,0,0,0,0,0,0,4,4,4,4,
0,4,4,4,4,4,4,4,0,4,4,0,5,5,5,5,
5,5,5,5,5,0,0,0,0,0,0,0,0,0,5,0,
0,0,0,0,0,0,0,0,0,0,0,0,0,0,0,0,
5,5,5,0,0,5,0,0,0,0,0,0,0,0,0,0,
5,5,5,5,5,0,0,0,0,0,0,0,5,5,5,5,
5,5,5,5,5,5,5,5,5,5,5,5,5,5,5,0,
0,0,0,0,5,5,5,5,5,5,5,5,5,5,5,5,
5,0,0,0,0,0,0,0,5,5,5,5,5,5,5,5,
5,5,0,0,0x1b,6,6,0x17,0x10,0x10,0x10,0x10,0,0,0,0,
0,0,0,0,0,0,0,0,0,0,0,0,0,0,0,0,
0,0,0,0,0,0,0,0,0x1b,0x1b,0x1b,0x1b,0x1b,0x1b,0x1b,0x1b,
0x1b,0x1b,0x1b,0x1b,0x1b,0x1b,0x1b,0x1b,0x49,0x89,0xc9,0x109,0x149,0x189,0x1c9,0x209,
0x249,0x289,0x1b,0x1b,0x1b,0,0,0,0x1b,0x1b,0x1b,0x1b,0x1b,0x1b,0x1b,0x1b,
0x1b,0x1b,0x1b,0x1b,0x1b,0x1b,0x1b,0x1b,0x1b,0x1b,0x1b,0x1b,0,0,0,0,
0,0,0x1b,0x1b,0x1b,0x1b,0x1b,0x1b,0x1b,0x1b,0x1b,0x1b,0x1b,0x1b,0x1b,0x1b,
0x1b,0x1b,0x1b,0x1b,0x18,0x18,0x18,0x18,0x18,0x18,0x18,0x18,0x18,0x18,0x18,0x18,
0x18,0x18,0,0,0x1b,0x1b,0x1b,0x1b,0x1b,0x1b,0x1b,0x1b,0x1b,0x1b,0x1b,0x1b,
0x1b,0x1b,0x1b,0x1b,0x1b,0,0x1b,0x1b,0x1b,0,0,0,0,0,0,0,
0,0x18,0x18,0x18,0x1b,0x1b,0x1b,0x1b,0,0,0,0,0,0,0,0,
0,0,0,0,0,0,0,0,0,0,0,0,0,0,0,0,
0,0,0,0,6,6,6,6,6,6,6,6,6,6,6,6,
6,6,0,0,6,6,6,6,6,6,6,6,6,6,6,6,
6,6,6,6,6,6,6,0,0,0,0,0,0,0,0,0,
0x1b,0x1b,0x1b,0x1b,0x1b,0x1b,0x1b,0x1b,0x1b,0x1b,0x1b,0x1b,0x1b,0x1b,0x1b,0x1b,
0x1b,0x1b,0x1b,6,6,0x1b,0x1b,0x1b,0x1b,0x1b,0x1b,0x1b,0x1b,0x1b,0x1b,0x1b,
0x1b,0x1b,0x1b,0x1b,0x1b,0x1b,0x1b,0x1b,0x1b,0x1b,0x1b,0x1b,0x1b,8,8,6,
6,6,0x1b,0x1b,0x1b,8,8,8,8,8,8,0x10,0x10,0x10,0x10,0x10,
0x10,0x10,0x10,6,6,6,6,6,6,6,6,0x1b,0x1b,6,6,6,
6,6,6,6,0x1b,0x1b,0x1b,0x1b,0x1b,0x1b,0x1b,0x1b,0x1b,0x1b,0x1b,0x1b,
0x1b,0x1b,0x1b,0x1b,0x1b,0x1b,0x1b,0x1b,0x1b,0x1b,6,6,6,6,0x1b,0x1b,
0x1b,0x1b,0x1b,0x1b,0x1b,0x1b,0x1b,0x1b,0x1b,0x1b,0x1b,0x1b,0x1b,0x1b,0x1b,0x1b,
0x1b,0x1b,6,6,6,0x1b,0,0,0,0,0,0,0,0,0,0,
8,8,8,0x1b,0x1b,0x1b,0x1b,0x1b,0x1b,0x1b,0x1b,6,6,0x1b,0x1b,8,
8,8,0,0,0,0,0,0,0,0,0,0,0,0,0,0,
0,0,0,0,0,0,0,0,0,0,0,0,0,0,0,0,
0x54b,0x58b,0x5cb,0x60b,0x64b,0x68b,0x6cb,0x70b,0x74b,0x78b,0x7cb,0x80b,0x84b,0x88b,0x8cb,0x90b,
0x94b,0x98b,0x9cb,0xa0b,0,0,0,0,0,0,0,0,0,0,0,0,
0x1b,0x1b,0x1b,0x1b,0x1b,0x1b,0x1b,0x1b,0x1b,0x1b,0x1b,0x1b,0x1b,0x1b,0x1b,0x1b,
0x1b,0x1b,0x1b,0x1b,0x1b,0x1b,0x1b,0,0,0,0,0,0,0,0,0,
0x58b,0x5cb,0x60b,0x64b,0x68b,0x6cb,0x70b,0x74b,0x78b,0x7cb,0xa4b,0xccb,0xf4b,0x11cb,0x144b,0x16cb,
0x194b,0x1bcb,0x58b,0x5cb,0x60b,0x64b,0x68b,0x58b,0x68b,0,0,0,0,0,0,0,
0x249,0x289,0x49,0x89,0xc9,0x109,0x149,0x189,0x1c9,0x209,0x249,0x289,0x49,0x89,0xc9,0x109,
0x149,0x189,0x1c9,0x209,0x249,0x289,0x49,0x89,0xc9,0x109,0x149,0x189,0x1c9,0x209,0x249,0x289,
1,1,1,1,1,1,1,1,1,1,1,1,1,1,1,1,
1,1,1,1,1,1,1,1,1,1,2,2,2,2,2,2,
2,2,2,2,2,2,2,2,2,2,2,2,2,2,2,2,
1,1,1,1,1,1,1,1,1,1,1,1,1,1,2,2,
2,2,2,2,2,0,2,2,2,2,2,2,2,2,2,2,
1,1,1,1,1,1,1,1,1,1,1,1,1,1,1,1,
1,1,1,1,1,1,1,1,1,1,2,2,2,2,2,2,
2,2,2,2,2,2,2,2,2,2,2,2,2,2,2,2,
2,2,2,2,1,0,1,1,0,0,1,0,0,1,1,0,
0,1,1,1,1,0,1,1,1,1,1,1,1,1,2,2,
2,2,0,2,0,2,2,2,2,2,2,2,0,2,2,2,
2,2,2,2,2,2,2,2,1,1,1,1,1,1,1,1,
1,1,1,1,1,1,1,1,2,2,2,2,1,1,0,1,
1,1,1,0,0,1,1,1,1,1,1,1,1,0,1,1,
1,1,1,1,1,0,2,2,2,2,2,2,2,2,2,2,
2,2,2,2,2,2,2,2,2,2,2,2,2,2,2,2,
1,1,0,1,1,1,1,0,1,1,1,1,1,0,1,0,
0,0,1,1,1,1,1,1,1,0,2,2,2,2,2,2,
2,2,2,2,2,2,2,2,1,1,1,1,1,1,1,1,
1,1,1,1,1,1,1,1,1,1,1,1,1,1,2,2,
2,2,2,2,2,2,2,2,2,2,2,2,2,2,2,2,
2,2,2,2,2,2,2,2,1,1,1,1,1,1,1,1,
1,1,1,1,1,1,1,1,2,2,2,2,2,2,2,0,
1,1,1,1,1,1,1,1,1,1,1,1,1,1,1,1,
1,1,1,1,1,1,1,1,1,0x18,2,2,2,2,2,2,
2,2,2,2,2,2,2,2,2,2,2,2,2,2,2,2,
2,2,2,0x18,2,2,2,2,2,2,1,1,1,1,1,1,
1,1,1,1,1,1,1,1,1,1,1,1,1,1,1,1,
1,1,1,0x18,2,2,2,2,2,2,2,2,2,2,2,2,
2,2,2,2,2,2,2,2,2,0x18,2,2,2,2,2,2,
1,1,1,1,1,1,1,1,1,1,1,1,1,1,1,1,
2,2,2,0x18,2,2,2,2,2,2,1,2,0,0,0x49,0x89,
0xc9,0x109,0x149,0x189,0x1c9,0x209,0x249,0x289,0x49,0x89,0xc9,0x109,0x149,0x189,0x1c9,0x209,
0,6,6,6,6,6,6,6,6,6,6,6,6,6,6,6,
0,0,0,0,0,0,0,0,0,0,0,0,0,0,0,0,
6,6,6,6,6,6,6,6,6,6,6,6,6,6,6,6,
6,6,6,6,6,6,6,0x1b,0x1b,0x1b,0x1b,6,6,6,6,6,
6,6,6,6,6,6,6,6,6,0x1b,0x1b,0x1b,0x1b,0x1b,0x1b,0x1b,
0x1b,6,0x1b,0x1b,0x1b,0x1b,0x1b,0x1b,0x1b,0x1b,0x1b,0x1b,6,0x1b,0x1b,0x17,
0x17,0x17,0x17,0x17,0,0,0,0,0,0,0,0,0,0,0,0,
0,0,0,6,6,6,6,6,0x18,0x18,0x18,0x18,0x18,0x18,0x18,0x18,
0x18,0x18,0x18,0x18,0x18,0x18,0x18,0x18,0x18,0x18,0x18,0x18,0x18,0x18,0x18,0x18,
0x18,0x18,0x18,0x18,0x18,0,0,0,2,2,2,2,2,2,2,2,
2,2,5,2,2,2,2,2,2,2,2,2,2,2,2,2,
2,2,2,2,2,2,2,2,1,2,2,2,2,2,2,2,
1,2,1,2,2,1,2,2,2,1,2,2,2,2,2,2,
2,2,2,2,2,2,2,2,1,2,1,2,1,2,1,2,
2,2,1,2,1,2,1,2,1,2,1,2,1,2,1,2,
5,5,0,0,0,0,0,0,0,0,0,0,0,0,0,0,
2,2,2,2,2,2,2,0,0,0,0,0,0,0,0,0,
0,0,0,0,0,4,4,4,4,4,4,4,4,4,4,4,
4,4,4,4,4,4,4,4,6,6,6,6,6,6,6,0,
6,6,6,6,6,6,6,6,6,6,6,6,6,6,6,6,
6,0,0,6,6,6,6,6,6,6,0,6,6,0,6,6,
6,6,6,0,0,0,0,0,4,4,4,4,4,4,4,4,
4,4,4,4,4,4,4,4,0,0,0,0,0,0,0,0,
0,0,0,0,0,0,0,6,0,0,0,0,0,0,0,0,
0,0,0,0,0,0,0,0,4,4,4,4,4,4,4,4,
4,4,4,4,4,4,0,0,0,0,0,0,0,0,0,0,
0,0,0,0,0,0,0,0,0x49,0x89,0xc9,0x109,0x149,0x189,0x1c9,0x209,
0x249,0x289,0,0,0,0,5,0x1b,0,0,0,0,0,0,0,0,
0,0,0,0,0,0,0,0,5,5,5,5,5,5,5,5,
5,5,5,5,5,0,0,0,6,6,6,6,6,6,6,4,
4,4,4,4,4,4,0,0,5,5,5,5,5,5,5,5,
5,5,5,5,5,5,6,0,0,0,0,0,0,0,0,0,
0,0,0,0,0,0,0,0,5,5,5,5,5,5,5,5,
5,5,5,5,6,6,6,6,0x49,0x89,0xc9,0x109,0x149,0x189,0x1c9,0x209,
0x249,0x289,0,0,0,0,0,0x19,5,5,5,5,5,5,5,5,
5,5,5,4,6,6,6,6,0x49,0x89,0xc9,0x109,0x149,0x189,0x1c9,0x209,
0x249,0x289,0,0,0,0,0,0,5,5,5,5,5,5,5,5,
5,5,5,5,5,5,6,6,5,0x49,0x89,0xc9,0x109,0x149,0x189,0x1c9,
0x209,0x249,0x289,0,0,0,0,0x17,5,5,5,6,5,5,6,5,
5,5,5,5,5,5,6,6,5,5,5,5,5,6,0,0,
0,0,0,0,0,0,5,4,5,5,5,5,5,5,5,0,
5,5,5,5,0,5,5,0,5,5,5,5,5,5,5,5,
5,5,5,5,5,5,5,0,5,5,5,5,5,0,0,0x58b,
0x5cb,0x60b,0x64b,0x68b,0x6cb,0x70b,0x74b,0x78b,6,6,6,6,6,6,6,0,
0,0,0,0,0,0,0,0,2,2,2,2,6,6,6,6,
6,6,6,4,0,0,0,0,0x49,0x89,0xc9,0x109,0x149,0x189,0x1c9,0x209,
0x249,0x289,0,0,0,0,0x17,0x17,1,1,2,2,2,2,2,2,
2,2,2,2,2,2,2,2,2,2,2,2,2,2,2,2,
2,2,2,2,2,2,2,2,0,0,0,0,0,0,0,0,
0,0,0,0,0,0,0,0,0,0x58b,0x5cb,0x60b,0x64b,0x68b,0x6cb,0x70b,
0x74b,0x78b,0x7cb,0xa4b,0xccb,0xf4b,0x11cb,0x144b,0x78cb,0x794b,0x814b,0x58b,0x5cb,0x60b,0x64b,0x68b,
0x6cb,0x70b,0x74b,0x78b,0x1b,0x34cb,0x344b,0x3ccb,0x19,0x58b,0x5cb,0x788b,0x78cb,0,0,0,
0,0,0,0,0,0,0,0,0x16cb,0x194b,0x1bcb,0x1e4b,0x800b,0x880b,0x900b,0x980b,
0xa00b,0xa80b,0xb00b,0xb80b,0x784b,0x804b,0x884b,0x904b,0x984b,0xa04b,0xa84b,0xb04b,0xb84b,0x788b,0x808b,0x888b,
0x908b,0x988b,0xa08b,0xa88b,0xb08b,0xb88b,0x78cb,0x80cb,0x984b,0xa04b,0xa84b,0xb04b,0xb84b,0x788b,0x808b,0x888b,
0x908b,0x988b,0xa08b,0xa88b,0xb08b,0xb88b,0x1b,0x5cb,0x60b,0x64b,0x68b,0x6cb,0x70b,0x74b,0x78b,0x7cb,
0x900b,0xa00b,0x804b,0x788b,0x344b,0x354b,0,0,0,0x58b,0x5cb,0x60b,0x64b,0x68b,0x6cb,0x70b,
0x74b,0x78b,0x7cb,0xa4b,0xccb,0xf4b,0x11cb,0x144b,0x16cb,0x194b,0x1bcb,0x1e4b,0x800b,0x880b,0x900b,0x980b,
0xa00b,0xa80b,0xb00b,0xb80b,0x784b,0x804b,0x884b,0x904b,0,0,0,0,0,0,0,0,
0,0,0,0,0,0,0,0,0x18,0x18,0,0,0,0,0,0,
0,0,0,0,0,0,0,0,5,5,5,5,0,5,5,5,
5,5,5,5,5,5,5,5,5,5,5,5,5,5,5,5,
5,5,5,5,5,5,5,5,0,5,5,0,5,0,0,5,
0,5,5,5,5,5,5,5,5,5,5,0,5,5,5,5,
0,5,0,5,0,0,0,0,0,0,5,0,0,0,0,5,
0,5,0,5,0,5,5,5,0,5,5,0,5,0,0,5,
0,5,0,5,0,5,0,5,0,5,5,0,5,0,0,5,
5,5,5,0,5,5,5,5,5,5,5,0,5,5,5,5,
0,5,5,5,5,0,5,0,5,5,5,5,5,5,5,5,
5,5,0,5,5,5,5,5,5,5,5,5,5,5,5,5,
5,5,5,5,0,0,0,0,0,5,5,5,0,5,5,5,
5,5,0,5,5,5,5,5,5,5,5,5,5,5,5,5,
5,5,5,5,0,0,0,0,0x1b,0x1b,0x1b,0x1b,0x1b,0x1b,0x1b,0x1b,
0x1b,0x1b,0x1b,0x1b,0,0,0,0,0x1b,0x1b,0x1b,0x1b,0x1b,0x1b,0x1b,0x1b,
0x1b,0x1b,0x1b,0x1b,0x1b,0x1b,0x1b,0x1b,0x1b,0x1b,0x1b,0,0,0x1b,0x1b,0x1b,
0x1b,0x1b,0x1b,0x1b,0x1b,0x1b,0x1b,0x1b,0x1b,0x1b,0x1b,0x1b,0,0x1b,0x1b,0x1b,
0x1b,0x1b,0x1b,0x1b,0x1b,0x1b,0x1b,0x1b,0x1b,0x1b,0x1b,0x1b,0x2cb,0x2cb,0x30b,0x34b,
0x38b,0x3cb,0x40b,0x44b,0x48b,0x4cb,0x50b,0x54b,0x54b,0x1b,0x1b,0x1b,0x1b,0x1b,0x1b,0x1b,
0x1b,0x1b,0x1b,0x1b,0x1b,0x1b,0x1b,0x1b,0x1b,0x1b,0x1b,0x1b,0x1b,0x1b,0x1b,0,
0,0,0,0,0,0,0,0,0,0,0,0,0,0,0,0,
0,0,0x1b,0x1b,0x1b,0x1b,0x1b,0x1b,0x1b,0x1b,0x1b,0x1b,0x1b,0x1b,0x1b,0x1b,
0x1b,0x1b,0x1b,0x1b,0x1b,0x1b,0x1b,0x1b,0x1b,0x1b,0x1b,0x1b,0x1b,0x1b,0x1b,0,
0,0,0,0,0,0,0,0,0,0,0,0,0x1b,0x1b,0x1b,0x1b,
0x1b,0x1b,0x1b,0x1b,0x1b,0x1b,0x1b,0x1b,0x1b,0x1b,0x1b,0x1b,0x1b,0x1b,0x1b,0x1b,
0x1b,0x1b,0x1b,0x1b,0x1b,0x1b,0x1b,0x1b,0,0,0,0,0x1b,0x1b,0x1b,0x1b,
0x1b,0x1b,0x1b,0x1b,0x1b,0,0,0,0,0,0,0,0x1b,0x1b,0,0,
0,0,0,0,0,0,0,0,0,0,0,0,0x1b,0x1b,0x1b,0x1b,
0x1b,0x1b,0,0,0,0,0,0,0,0,0,0,0,0,0,0,
0,0,0,0,0,0,0,0,0,0,0,0,0x1b,0x1b,0x1b,0x1b,
0x1b,0x1b,0x1b,0x1b,0x1b,0x1b,0x1b,0x1b,0x1b,0x1b,0x1b,0x1b,0x1b,0x1b,0x1b,0x1b,
0x1b,0x1b,0x1b,0x1b,0x1b,0x1b,0x1b,0x1a,0x1a,0x1a,0x1a,0x1a,0x1b,0x1b,0x1b,0x1b,
0x1b,0x1b,0x1b,0x1b,0x1b,0x1b,0x1b,0x1b,0x1b,0x1b,0x1b,0x1b,0x1b,0x1b,0x1b,0x1b,
0x1b,0x1b,0x1b,0x1b,0x1b,0x1b,0,0,0x1b,0x1b,0x1b,0x1b,0x1b,0x1b,0x1b,0x1b,
0x1b,0x1b,0x1b,0x1b,0x1b,0,0,0,0x1b,0x1b,0x1b,0x1b,0x1b,0x1b,0x1b,0x1b,
0x1b,0x1b,0x1b,0x1b,0x1b,0,0,0,0x1b,0x1b,0x1b,0x1b,0x1b,0x1b,0x1b,0x1b,
0,0,0,0,0,0,0,0,0x1b,0x1b,0x1b,0x1b,0x1b,0x1b,0x1b,0x1b,
0x1b,0x1b,0,0,0,0,0,0,0x1b,0x1b,0x1b,0x1b,0x1b,0x1b,0x1b,0x1b,
0,0,0,0,0,0,0,0,0x1b,0x1b,0x1b,0x1b,0x1b,0x1b,0x1b,0x1b,
0x1b,0x1b,0x1b,0x1b,0x1b,0x1b,0x1b,0x1b,0x1b,0x1b,0,0,0x1b,0x1b,0x1b,0x1b,
0x1b,0x1b,0x1b,0x1b,0x1b,0x1b,0x1b,0x1b,0,0,0,0,0x1b,0x1b,0,0,
0,0,0,0,0,0,0,0,0,0,0,0,0x18,0x18,0x18,0x18,
0x18,0x18,0x18,0x18,0x18,0,0,0,0,0,0,0,0x1b,0x1b,0x1b,0x1b,
0x1b,0x1b,0x1b,0x1b,0x1b,0x1b,0x1b,0x1b,0x1b,0x1b,0x1b,0x1b,0x1b,0x1b,0x1b,0x1b,
0x1b,0x1b,0x1b,0x1b,0,0,0,0,0,0,0,0,0x1b,0x1b,0x1b,0x1b,
0x1b,0x1b,0x1b,0,0x1b,0,0,0,0x1b,0x1b,0x1b,0x1b,0x1b,0x1b,0x1b,0x1b,
0x1b,0x1b,0x1b,0x1b,0x1b,0x1b,0x1b,0x1b,0x1b,0x1b,0,0x1b,0x1b,0x1b,0x1b,0x1b,
0x1b,0x1b,0x1b,0x1b,0x1b,0x1b,0x1b,0x1b,0,0,0,0x1b,0x1b,0x1b,0x1b,0x1b,
0x1b,0x1b,0x1b,0x1b,0x1b,0x1b,0x1b,0,0,0,0,0,0x1b,0x1b,0x1b,0x1b,
0x1b,0x1b,0x1b,0x1b,0x1b,0x1b,0x1b,0x1b,0x1b,0x1b,0x1b,0x1b,0x1b,0x1b,0x1b,0,
0x1b,0x1b,0x1b,0x1b,0x1b,0x1b,0x1b,0x1b,0x1b,0x1b,0x1b,0x1b,0x1b,0x1b,0x1b,0x1b,
0x49,0x89,0xc9,0x109,0x149,0x189,0x1c9,0x209,0x249,0x289,0x1b,0,0,0,0,0,
5,0x705,5,5,5,5,5,5,5,5,5,5,5,5,5,5,
5,5,5,5,5,5,5,5,5,5,5,5,5,5,5,5,
0x645,5,5,5,5,5,5,5,5,5,5,5,5,5,5,5,
5,5,5,5,5,5,5,5,5,5,5,5,5,5,0x645,5,
5,5,5,5,5,5,5,5,5,5,5,5,5,5,5,5,
5,5,5,5,5,5,5,5,5,5,5,5,5,0x685,5,5,
5,5,5,5,5,5,5,5,5,5,5,5,5,5,5,5,
5,5,5,5,5,5,5,5,5,5,5,5,5,5,5,0xcc5,
5,5,5,5,5,5,5,5,0xf45,5,5,5,5,5,5,5,
5,5,5,5,5,5,5,5,0xf45,5,5,5,5,5,5,5,
5,5,5,5,5,5,0x6c5,5,5,5,5,5,5,5,5,5,
5,5,5,5,5,5,5,5,5,0x605,5,5,5,5,5,5,
5,5,5,5,5,5,5,5,5,5,5,5,5,5,5,5,
5,5,5,5,5,0x605,5,5,5,5,5,5,5,5,5,5,
5,5,5,5,5,5,5,5,5,5,5,5,5,5,5,5,
0x605,5,5,5,5,5,5,5,5,5,5,5,5,5,5,5,
5,5,5,5,5,5,5,5,5,5,5,5,5,5,5,0x605,
5,5,5,5,5,5,5,5,5,5,5,5,5,0x645,5,5,
5,5,5,5,5,5,5,5,5,5,5,5,5,5,5,5,
5,0,0,0,0,0,0,0,0,0,0,0,0,0,0,0,
5,5,5,5,5,5,5,5,5,5,5,5,5,5,5,5,
0x785,5,5,5,5,5,5,5,5,5,5,5,5,5,5,5,
5,5,5,0x8005,5,5,5,5,5,5,5,5,5,5,5,5,
5,5,5,5,5,5,5,5,5,5,5,5,5,5,5,5,
5,5,5,0x11c5,0x10,0x10,0x10,0x10,0x10,0x10,0x10,0x10,0x10,0x10,0x10,0x10,
0x10,0x10,0x10,0x10,0x10,0x10,0x10,0x10,0x10,0x10,0x10,0x10,0x10,0x10,0x10,0x10,
0x10,0x10,0x10,0x10,0,0x10,0,0,0,0,0,0,0,0,0,0,
0,0,0,0,0,0,0,0,0,0,0,0,0,0,0,0,
0,0,0,0,6,6,6,6,6,6,6,6,6,6,6,6,
6,6,6,6,0,0,0,0,0,0,0,0,0,0,0,0,
0,0,0,0,0x11,0x11,0x11,0x11,0x11,0x11,0x11,0x11,0x11,0x11,0x11,0x11,
0x11,0x11,0x11,0x11,0x11,0x11,0x11,0x11,0x11,0x11,0x11,0x11,0x11,0x11,0x11,0x11,
0x11,0x11,0,0,0,0,0,0
};

static const UTrie2 propsTrie={
    propsTrie_index,
    propsTrie_index+4760,
    nullptr,
    4760,
    19984,
    0xa40,
    0x1318,
    0x0,
    0x0,
    0x110000,
    0x60a4,
    nullptr, 0, false, false, 0, nullptr
};

static const uint16_t propsVectorsTrie_index[43864]={
0x5e7,0x5ef,0x5f7,0x5ff,0x617,0x61f,0x627,0x62f,0x637,0x63f,0x647,0x64f,0x657,0x65f,0x667,0x66f,
0x677,0x67f,0x687,0x68f,0x697,0x69f,0x6a7,0x6af,0x6b7,0x6bf,0x6c7,0x6cf,0x6d7,0x6df,0x6e7,0x6ef,
0x6f7,0x6ff,0x706,0x70e,0x716,0x71e,0x726,0x72e,0x736,0x73e,0x743,0x74b,0x752,0x75a,0x762,0x76a,
0x772,0x77a,0x782,0x78a,0x791,0x799,0x7a1,0x7a9,0x7b1,0x7b9,0x7c1,0x7c9,0x7d1,0x7d9,0x7e1,0x7e9,
0x25b4,0x7f1,0x7f9,0x801,0x807,0x26fe,0x28f7,0x2742,0x1664,0x166a,0x1672,0x165c,0x80f,0x815,0x81d,0x825,
0x82d,0x833,0x83b,0x843,0x84b,0x851,0x859,0x861,0x869,0x86f,0x877,0x87f,0x887,0x88f,0x897,0x89e,
0x8a6,0x8ac,0x8b4,0x8bc,0x8c4,0x8ca,0x8d2,0x8da,0x8e2,0x16e0,0x8ea,0x8f2,0x8fa,0x902,0x90a,0x912,
0x91a,0x91e,0x926,0x607,0x92e,0x936,0x93e,0x607,0x2008,0x2010,0x946,0x94e,0x956,0x95e,0x966,0x607,
0x21b6,0x2087,0x207f,0x24d5,0x24cd,0x1682,0x96e,0x167a,0x1f96,0x1f96,0x1f98,0x169e,0x169f,0x1692,0x1694,0x1696,
0x2056,0x2058,0x976,0x2058,0x97e,0x983,0x98b,0x204e,0x991,0x2058,0x997,0x99f,0x9a7,0x2046,0x2046,0x9af,
0x209f,0x20a0,0x20a0,0x20a0,0x20a0,0x20a0,0x20a0,0x20a0,0x20a0,0x20a0,0x20a0,0x20a0,0x20a0,0x20a0,0x20a0,0x20a0,
0x20a0,0x20a0,0x20a0,0x2097,0x9b7,0x208f,0x208f,0x9bf,0x9c7,0x9cf,0x9d7,0x9df,0x21ae,0x2060,0x9e7,0x9ef,
0x9f7,0x2068,0x2070,0x9ff,0x2077,0xa07,0x255c,0xa0b,0xa13,0xa1b,0xa23,0xa28,0x23fb,0xa30,0xa37,0x2367,
0xa3f,0x2613,0xa47,0xa4f,0xa57,0xa5f,0x29e6,0xa67,0x2453,0x2458,0xa6f,0x244b,0x252c,0x2524,0x262e,0xa77,
0x24f4,0xa7f,0xa87,0x2511,0xa8f,0xa93,0xa9b,0xaa3,0x236f,0x234f,0x235f,0x2357,0x23d7,0x23cf,0x2423,0x247d,
0x16a7,0x16af,0x16bf,0x16b7,0x16c6,0x16d6,0x16d6,0x16d8,0xaab,0x168a,0xaaf,0xab7,0x168a,0xabf,0xac7,0xacf,
0x148f,0x1487,0x14cf,0xad7,0x14c7,0x14af,0x13f7,0xadf,0x149f,0x14a7,0x14bf,0x16ce,0xae7,0x14df,0x14e6,0x14ee,
0x1575,0x157d,0x1585,0x158d,0x1595,0x159c,0x15a4,0x15ac,0x14f6,0x14fe,0x1501,0x1503,0x203e,0x22e6,0x22ec,0x2433,
0x1501,0x1410,0x1418,0x16f0,0x16f5,0x16f8,0x16fe,0x14b7,0x1706,0x1706,0x150b,0x14d7,0x150f,0x1517,0x151f,0x1527,
0x152f,0x1537,0x153f,0x1547,0x22f4,0x233f,0x24a7,0x2600,0x154f,0x1555,0x155d,0x1565,0x1497,0x156d,0x22fc,0x2303,
0x20a8,0x20a9,0x20a9,0x20a9,0x20a9,0x20a9,0x20a9,0x20a9,0x2307,0x2307,0x2307,0x2307,0x230f,0x2307,0x2316,0x231d,
0x2325,0x2307,0x2307,0x2329,0x2307,0x2307,0x232f,0x2307,0x2347,0x243b,0x2497,0x1420,0x2778,0x277e,0x2786,0x2836,
0x23eb,0x23df,0x23e3,0x2443,0x23a7,0x23a7,0x23a7,0xaef,0x23af,0xaf7,0x2403,0xafe,0xb06,0xb0e,0xb0e,0x253c,
0x239f,0x249f,0x1428,0x1430,0xb16,0x20b9,0x20b9,0xb1e,0x20c1,0x20c1,0x20c1,0x20c1,0x20c1,0x20c1,0xb26,0xb2c,
0x1733,0x16e8,0xb34,0x1faf,0xb3c,0x1fcd,0x1fd5,0x1fdd,0xb44,0xb49,0x1fa0,0x1fa7,0xb4e,0x20b1,0x241b,0xb56,
0xb5e,0x1fe5,0x1fec,0x173b,0x1ffc,0x2000,0x1fb7,0x1fbb,0x1fc3,0x1fc3,0x1fc5,0x174b,0x1753,0x1753,0x1754,0x1ff4,
0x20c9,0x20c9,0x20d0,0x20cd,0x20c9,0x20c9,0x20c9,0x20d7,0x20c9,0x20c9,0x20c9,0x20cc,0x20d9,0x20e1,0x20e9,0x20ed,
0x20f5,0x20c9,0x20c9,0x20c9,0x20c9,0x20c9,0x20c9,0x20c9,0x20c9,0x20c9,0x20c9,0x20c9,0x20c9,0x20c9,0x20c9,0x20c9,
0x20c9,0x20c9,0x20c9,0x20c9,0x20c9,0x20c9,0x20c9,0x20c9,0x20d2,0x20c9,0x20c9,0x20fd,0x20c9,0x20c9,0x2102,0x210a,
0x20d2,0x20c9,0x2112,0x211a,0x20c9,0x20c9,0x20c9,0x20c9,0x20c9,0x211f,0x20e9,0x20c9,0x20c9,0x2127,0x20c9,0x20c9,
0x20c9,0x20c9,0x20c9,0x20e9,0x20c9,0x20c9,0x20c9,0x20d8,0x20c9,0x20c9,0x20c9,0x20c9,0x20c9,0x20c9,0x20c9,0x2107,
0x20c9,0x20c9,0x20c9,0x20d3,0x20c9,0x20c9,0x20d4,0x20c9,0x20c9,0x20c9,0x20c9,0x20c9,0x20c9,0x20c9,0x20c9,0x20c9,
0x20c9,0x20c9,0x212a,0x2131,0x20c9,0x20cb,0x20ca,0x20c9,0x20c9,0x20cc,0x20ca,0x20c9,0x20c9,0x20c9,0x20c9,0x20c9,
0x20c9,0x20c9,0x20c9,0x20c9,0x20c9,0x20c9,0x20c9,0x20c9,0x20c9,0x20cc,0x20c9,0x20c9,0x20c9,0x2136,0x213b,0x20c9,
0x20c9,0x20c9,0x2127,0x20c9,0x20c9,0x20c9,0x212a,0x2143,0x20c9,0x20c9,0x20c9,0x20c9,0x20c9,0x20c9,0x20c9,0x20c9,
0x2144,0x20c9,0x20d5,0x214c,0x20c9,0x20c9,0x20c9,0x20c9,0x20c9,0x2154,0x20c9,0x2157,0x2149,0x20c9,0x20c9,0x20d3,
0x20c9,0x20c9,0x20c9,0x20c9,0x215f,0x20c9,0x20c9,0x20c9,0x20c9,0x20c9,0x20d0,0x20da,0x2167,0x216f,0x20c9,0x20c9,
0x2175,0x20c9,0x20c9,0x20c9,0x20c9,0x20d2,0x20c9,0x20c9,0x20c9,0x20c9,0x20c9,0x20c9,0x20c9,0x20c9,0x20c9,0x20c9,
0x20c9,0x20c9,0x20c9,0x214f,0x217d,0x2185,0x20c9,0x20c9,0x2189,0x20c9,0x20c9,0x20c9,0x20c9,0x2190,0x2387,0x2387,
0x1771,0x1777,0x1f8e,0x177d,0x1784,0x178c,0x1790,0x1797,0x179f,0x17a5,0x17ad,0x17b1,0x17b6,0x17be,0x17c6,0x17ce,
0x177b,0x17d6,0x17de,0x17e5,0x17ed,0x17f5,0x17fd,0x1805,0x180b,0x1808,0x1813,0x181b,0x1823,0x182b,0x1833,0x183b,
0x1f8e,0x1f8e,0x1794,0x1842,0x1847,0x1f8e,0x184e,0x1856,0x185e,0x1866,0x186e,0x1876,0x17e4,0x187e,0x1885,0x188d,
0x1895,0x189b,0x177c,0x1777,0x17bc,0x17b0,0x1f8e,0x1784,0x189e,0x1f8e,0x178b,0x1895,0x1f8e,0x1f8e,0x1f8e,0x18a6,
0x18ad,0x18b5,0x18bb,0x18c3,0x18cb,0x18d3,0x18da,0x18e1,0x18e9,0x18f1,0x18f9,0x1901,0x1909,0x190f,0x1882,0x1f8e,
0x188f,0x1f8e,0x1913,0x191b,0x17b0,0x1921,0x1929,0x1931,0x1939,0x1941,0x1947,0x1f8e,0x1f8e,0x194e,0x1f8e,0x178b,
0x1f8e,0x1955,0x17e7,0x195a,0x1961,0x178a,0x1794,0x185b,0x1876,0x17af,0x1968,0x1970,0x190d,0x1978,0x1980,0x1f8e,
0x1988,0x1990,0x18d3,0x1f8e,0x1997,0x17e7,0x199a,0x17b0,0x1f8e,0x19a2,0x19a9,0x17e4,0x19ae,0x19b6,0x19bd,0x1784,
0x1771,0x1f8e,0x19c5,0x1f8e,0x1771,0x18d3,0x17e4,0x19cb,0x17bb,0x19d2,0x1f8e,0x1f8e,0x191d,0x19da,0x19e2,0x19ea,
0x1f8e,0x19f2,0x1784,0x19fa,0x1949,0x1997,0x1a00,0x1a08,0x1a10,0x1a18,0x1f8e,0x1a20,0x1a28,0x1947,0x1870,0x1a30,
0x1997,0x1a34,0x194e,0x1f8e,0x19f7,0x1f8e,0x1a3b,0x17bc,0x1787,0x1a43,0x180b,0x1f8e,0x1a49,0x1f8e,0x17b1,0x1f8e,
0x1f8e,0x1a4e,0x1a56,0x1a3b,0x17bd,0x1a5e,0x1a64,0x1a6a,0x1a72,0x190f,0x1a7a,0x189c,0x1a82,0x17c0,0x1a89,0x1a91,
0x194e,0x1a99,0x1aa0,0x1aa8,0x1aac,0x17d2,0x1ab4,0x1795,0x1abc,0x1ac3,0x1f8e,0x178b,0x1ac9,0x1acf,0x1948,0x17af,
0x1ad7,0x1ade,0x1ae3,0x18d3,0x1a34,0x1aeb,0x1af3,0x1afb,0x1777,0x1a3b,0x1776,0x1f8e,0x1afd,0x189b,0x1b05,0x1f8e,
0x178c,0x1b0c,0x1b12,0x1b1a,0x1b21,0x1b29,0x1b31,0x1777,0x1786,0x1a59,0x1b37,0x1b3f,0x1f8e,0x178d,0x1f8e,0x1b47,
0x1b12,0x1b4e,0x1997,0x17b6,0x1f8e,0x17e4,0x178d,0x177a,0x1b56,0x17e3,0x1f8e,0x17b1,0x1b5e,0x1b64,0x1f8e,0x1b6a,
0x1b72,0x17bc,0x1790,0x1b79,0x1b81,0x1f8e,0x180b,0x19f2,0x19f0,0x1f8e,0x1b89,0x17af,0x1b8c,0x194e,0x1b94,0x199a,
0x1aa4,0x1f8e,0x1b9b,0x1b9f,0x1ba7,0x1bae,0x17b0,0x1a3b,0x190f,0x1bb5,0x194e,0x1bbb,0x1845,0x1a7f,0x19ee,0x180d,
0x1bc1,0x1bc9,0x1bd0,0x1f8e,0x1f8e,0x1bd6,0x1f8e,0x1f8e,0x1bdd,0x190f,0x1794,0x1f8e,0x17e5,0x1f8e,0x1a3a,0x1be2,
0x178d,0x1be9,0x1bf1,0x180b,0x1bf6,0x1f8e,0x1bfe,0x178a,0x1f8e,0x17e4,0x1c06,0x1c0e,0x1997,0x1ada,0x17e5,0x17bb,
0x1f8e,0x1790,0x1c15,0x1794,0x1776,0x1c1d,0x1c25,0x178a,0x1c2d,0x1c35,0x189b,0x17e3,0x1784,0x1c3d,0x1c45,0x1c4d,
0x1f8e,0x19dd,0x1c55,0x1784,0x190f,0x1f8e,0x1a80,0x1c59,0x1c5f,0x1c67,0x17af,0x1c6d,0x1c74,0x1c7c,0x1c84,0x1f8e,
0x1c8c,0x1c91,0x1f8e,0x1c98,0x1ca0,0x1ca7,0x1caf,0x1cb5,0x188d,0x1cbd,0x1cc5,0x1f8e,0x1f8e,0x1ccd,0x1f8e,0x18d3,
0x180b,0x1ca3,0x1cd2,0x1784,0x1cda,0x1790,0x1ce1,0x1ce9,0x1f8e,0x1cf1,0x1cf7,0x1cfe,0x1d06,0x17ac,0x1d0d,0x1d0f,
0x178d,0x1f8e,0x180b,0x17e3,0x189c,0x1f8e,0x1f8e,0x1f8e,0x1f8e,0x1a4e,0x1d17,0x1f8e,0x1d1e,0x177a,0x1d25,0x17e3,
0x17bc,0x1d2d,0x17e4,0x17bd,0x1d32,0x1d39,0x1afd,0x1f8e,0x1d41,0x17d0,0x1f8e,0x1f8e,0x1d48,0x1f8e,0x178a,0x1d4f,
0x1794,0x17e3,0x1a3a,0x1997,0x1790,0x1771,0x1f8e,0x1b56,0x17e0,0x177b,0x17b0,0x1f8e,0x1f8e,0x1a3b,0x1f8e,0x1a06,
0x1d54,0x1f8e,0x178d,0x1f8e,0x1d5b,0x194e,0x19f2,0x1776,0x1d5f,0x1ca2,0x1d64,0x1afd,0x1794,0x1d69,0x1790,0x1d70,
0x1d78,0x194e,0x194e,0x17b0,0x1846,0x1b55,0x17b0,0x1d80,0x189c,0x19ca,0x1997,0x17b1,0x1c46,0x1f8e,0x18d3,0x177b,
0x1b10,0x1d84,0x1d8b,0x18d3,0x1f8e,0x1f8e,0x1f8e,0x1d93,0x19a5,0x17e3,0x1f8e,0x1d9a,0x1da2,0x1da9,0x1f8e,0x1db1,
0x1db9,0x1dc1,0x178a,0x1dc9,0x1791,0x1be3,0x177b,0x1790,0x1f8e,0x1dd1,0x1f8e,0x1dd9,0x1de1,0x1f8e,0x1f8e,0x1f8e,
0x1f8e,0x178d,0x1de9,0x18b0,0x1df1,0x17bd,0x1df5,0x1ada,0x1dfd,0x1f8e,0x1f8e,0x17e5,0x1f8e,0x17bd,0x17e4,0x1997,
0x17fb,0x1771,0x1d89,0x1e02,0x180b,0x1e0a,0x1c00,0x177b,0x1795,0x1d84,0x1a3a,0x1f8e,0x189c,0x1e11,0x1e19,0x178b,
0x1f8e,0x1e1f,0x1b55,0x1f8e,0x1f8e,0x178a,0x1b65,0x1784,0x17bc,0x1e25,0x17af,0x180b,0x1e2d,0x1e34,0x17e3,0x1e3c,
0x1e40,0x189b,0x19f2,0x1e48,0x1e50,0x189c,0x1e58,0x189b,0x17e5,0x17d1,0x1f8e,0x1e60,0x1e68,0x1e6f,0x1f8e,0x1e77,
0x1e7f,0x17e3,0x1b11,0x1e87,0x1f8e,0x1f8e,0x1f8e,0x1f8e,0x1f8e,0x1f8e,0x1f8e,0x1e8e,0x19c8,0x1e96,0x1e9e,0x1f8e,
0x1f8e,0x1ea6,0x1ca1,0x1eae,0x1eb6,0x1ebe,0x1f8e,0x1ec5,0x1ecd,0x1ed4,0x1edc,0x1d5b,0x195c,0x1ee2,0x1eea,0x17e5,
0x1afd,0x1ef1,0x1ef8,0x1eff,0x1f8e,0x194e,0x17bc,0x1f06,0x17af,0x180b,0x1f0d,0x1f8e,0x1f8e,0x1afd,0x1f8e,0x1f15,
0x1f1b,0x180b,0x1abe,0x19f2,0x1f8e,0x1f22,0x1e10,0x1f2a,0x1f32,0x1902,0x19ed,0x183f,0x1e30,0x1f8e,0x189b,0x1784,
0x1f3a,0x1f8e,0x1f42,0x1f4a,0x1f8e,0x1f8e,0x1f8e,0x1f8e,0x1f51,0x1f58,0x1f8e,0x1776,0x17b0,0x1772,0x17e4,0x1b12,
0x1f60,0x1f8e,0x1f8e,0x180b,0x1f68,0x1f6f,0x1f8e,0x17e9,0x1f77,0x17bd,0x1f7e,0x1776,0x1f8e,0x1f86,0x2534,0x291f,
0x21a0,0x21a6,0x21a6,0x21a6,0x21a6,0x21a6,0x21a6,0x21a6,0x21a6,0x21a6,0x21a6,0x21a6,0x21a6,0x21a6,0x21a6,0x21a6,
0x21a6,0x21a6,0x21a6,0x21a6,0x21a6,0x21a6,0x21a6,0x21a6,0x21a6,0x21a6,0x21a6,0x21a6,0x21a6,0x21a6,0x21a6,0x21a6,
0x21a6,0x21a6,0x21a6,0x21a6,0xb66,0x2198,0xb6e,0x25d0,0x2501,0x2501,0x2501,0x2501,0x2501,0x2501,0x2501,0x2501,
0x24fc,0xb76,0x24b7,0x24af,0x24b9,0x25c8,0x25c8,0xb7e,0x2397,0x242b,0x24c1,0x24c5,0x248f,0x2626,0xb86,0xb8e,
0x23f3,0xb96,0x2460,0xb9e,0x2519,0x251c,0xba6,0x254c,0x24e5,0x24ec,0xbae,0xbb6,0x2580,0x2584,0xbbe,0xbc6,
0x24dd,0xbce,0xbd6,0x2554,0x25bc,0x25c0,0xbde,0xbe6,0xbee,0xbf6,0x2770,0xbfe,0x283e,0x283e,0x2594,0xc06,
0x2030,0x2031,0x2032,0x2033,0x2034,0x2035,0x2036,0x2030,0x2031,0x2032,0x2033,0x2034,0x2035,0x2036,0x2030,0x2031,
0x2032,0x2033,0x2034,0x2035,0x2036,0x2030,0x2031,0x2032,0x2033,0x2034,0x2035,0x2036,0x2030,0x2031,0x2032,0x2033,
0x2034,0x2035,0x2036,0x2030,0x2031,0x2032,0x2033,0x2034,0x2035,0x2036,0x2030,0x2031,0x2032,0x2033,0x2034,0x2035,
0x2036,0x2030,0x2031,0x2032,0x2033,0x2034,0x2035,0x2036,0x2030,0x2031,0x2032,0x2033,0x2034,0x2035,0x2036,0x2030,
0x2031,0x2032,0x2033,0x2034,0x2035,0x2036,0x2030,0x2031,0x2032,0x2033,0x2034,0x2035,0x2036,0x2030,0x2031,0x2032,
0x2033,0x2034,0x2035,0x2036,0x2030,0x2031,0x2032,0x2033,0x2034,0x2035,0x2036,0x2030,0x2031,0x2032,0x2033,0x2034,
0x2035,0x2036,0x2030,0x2031,0x2032,0x2033,0x2034,0x2035,0x2036,0x2030,0x2031,0x2032,0x2033,0x2034,0x2035,0x2036,
0x2030,0x2031,0x2032,0x2033,0x2034,0x2035,0x2036,0x2030,0x2031,0x2032,0x2033,0x2034,0x2035,0x2036,0x2030,0x2031,
0x2032,0x2033,0x2034,0x2035,0x2036,0x2030,0x2031,0x2032,0x2033,0x2034,0x2035,0x2036,0x2030,0x2031,0x2032,0x2033,
0x2034,0x2035,0x2036,0x2030,0x2031,0x2032,0x2033,0x2034,0x2035,0x2036,0x2030,0x2031,0x2032,0x2033,0x2034,0x2035,
0x2036,0x2030,0x2031,0x2032,0x2033,0x2034,0x2035,0x2036,0x2030,0x2031,0x2032,0x2033,0x2034,0x2035,0x2036,0x2030,
0x2031,0x2032,0x2033,0x2034,0x2035,0x2036,0x2030,0x2031,0x2032,0x2033,0x2034,0x2035,0x2036,0x2030,0x2031,0x2032,
0x2033,0x2034,0x2035,0x2036,0x2030,0x2031,0x2032,0x2033,0x2034,0x2035,0x2036,0x2030,0x2031,0x2032,0x2033,0x2034,
0x2035,0x2036,0x2030,0x2031,0x2032,0x2033,0x2034,0x2035,0x2036,0x2030,0x2031,0x2032,0x2033,0x2034,0x2035,0x2036,
0x2030,0x2031,0x2032,0x2033,0x2034,0x2035,0x2036,0x2030,0x2031,0x2032,0x2033,0x2034,0x2035,0x2036,0x2030,0x2031,
0x2032,0x2033,0x2034,0x2035,0x2036,0x2030,0x2031,0x2032,0x2033,0x2034,0x2035,0x2036,0x2030,0x2031,0x2032,0x2033,
0x2034,0x2035,0x2036,0x2030,0x2031,0x2032,0x2033,0x2034,0x2035,0x2036,0x2030,0x2031,0x2032,0x2033,0x2034,0x2035,
0x2036,0x2030,0x2031,0x2032,0x2033,0x2034,0x2035,0x2036,0x2030,0x2031,0x2032,0x2033,0x2034,0x2035,0x2036,0x2030,
0x2031,0x2032,0x2033,0x2034,0x2035,0x2036,0x2030,0x2031,0x2032,0x2033,0x2034,0x2035,0x2036,0x2030,0x2031,0x2032,
0x2033,0x2034,0x2035,0x2036,0x2030,0x2031,0x2032,0x2033,0x2034,0x2035,0x2036,0x2030,0x2031,0x2032,0x2033,0x2034,
0x2035,0x2036,0x2030,0x2031,0x2032,0x2033,0x2034,0x2035,0x2036,0x2030,0x2031,0x2032,0x2033,0x2034,0x2035,0x2036,
0x2030,0x2031,0x2032,0x2033,0x2034,0x2035,0x2036,0x2030,0x2031,0x2032,0x2033,0x2034,0x2035,0xc0e,0xc15,0xc18,
0x607,0x607,0x607,0x607,0x607,0x607,0x607,0x607,0x607,0x607,0x607,0x607,0x607,0x607,0x607,0x607,
0x607,0x607,0x607,0x607,0x607,0x607,0x607,0x607,0x607,0x607,0x607,0x607,0x607,0x607,0x607,0x607,
0x2018,0x2018,0x2018,0x2018,0x2018,0x2018,0x2018,0x2018,0x2018,0x2018,0x2018,0x2018,0x2018,0x2018,0x2018,0x2018,
0x2018,0x2018,0x2018,0x2018,0x2018,0x2018,0x2018,0x2018,0x2018,0x2018,0x2018,0x2018,0x2018,0x2018,0x2018,0x2018,
0x170e,0x170e,0x170e,0x170e,0x170e,0x170e,0x170e,0x170e,0x170e,0x170e,0x170e,0x170e,0x170e,0x170e,0x170e,0x170e,
0x170e,0x170e,0x170e,0x170e,0x170e,0x170e,0x170e,0x170e,0x170e,0x170e,0x170e,0x170e,0x170e,0x170e,0x170e,0x170e,
0x170e,0x170e,0x170e,0x170e,0x170e,0x170e,0x170e,0x170e,0x170e,0x170e,0x170e,0x170e,0x170e,0x170e,0x170e,0x170e,
0x170e,0x170e,0x170e,0x170e,0x170e,0x170e,0x170e,0x170e,0x170e,0x170e,0x170e,0x170e,0x170e,0x170e,0x170e,0x170e,
0x170e,0x170e,0x170e,0x170e,0x170e,0x170e,0x170e,0x170e,0x170e,0x170e,0x170e,0x170e,0x170e,0x170e,0x170e,0x170e,
0x170e,0x170e,0x170e,0x170e,0x170e,0x170e,0x170e,0x170e,0x170e,0x170e,0x170e,0x170e,0x170e,0x170e,0x170e,0x170e,
0x170e,0x170e,0x170e,0x170e,0x170e,0x170e,0x170e,0x170e,0x170e,0x170e,0x170e,0x170e,0x170e,0x170e,0x170e,0x170e,
0x170e,0x170e,0x170e,0x170e,0x170e,0x170e,0x170e,0x170e,0x170e,0x170e,0x170e,0x170e,0x170e,0x170e,0x170e,0x170e,
0x170e,0x170e,0x170e,0x170e,0x170e,0x170e,0x170e,0x170e,0x170e,0x170e,0x170e,0x170e,0x170e,0x170e,0x170e,0x170e,
0x170e,0x170e,0x170e,0x170e,0x170e,0x170e,0x170e,0x170e,0x170e,0x170e,0x170e,0x170e,0x170e,0x170e,0x170e,0x170e,
0x170e,0x170e,0x170e,0x170e,0x170e,0x170e,0x170e,0x170e,0x170e,0x170e,0x170e,0x170e,0x170e,0x170e,0x170e,0x170e,
0x170e,0x170e,0x170e,0x170e,0x170e,0x170e,0x170e,0x170e,0x170e,0x170e,0x170e,0x170e,0x170e,0x170e,0x170e,0x170e,
0x170e,0x170e,0x170e,0x170e,0x170e,0x170e,0x170e,0x170e,0x175c,0x175c,0x175c,0x175c,0x175c,0x175c,0x175c,0x175c,
0x1761,0x1769,0x2337,0x1438,0x2413,0x2413,0x143c,0x1443,0xc20,0xc28,0xc30,0x15cc,0x15d3,0x15db,0x15e3,0x15eb,
0x164c,0x164c,0x15b4,0x15bc,0x15f3,0x1643,0x1644,0x1654,0x15fb,0x1600,0x1608,0x1610,0x1618,0x1620,0x1628,0x15c4,
0xc38,0x1743,0xc40,0xc48,0x1630,0x1636,0x163b,0xc50,0xc58,0x1723,0x172b,0x1716,0x171b,0xc60,0xc68,0xc70,
0x2018,0x2018,0x2018,0x2018,0x2018,0x2018,0x2018,0x2018,0x2018,0x2018,0x2018,0x2018,0x2018,0x2018,0x2018,0x2018,
0x2018,0x2018,0x2018,0x2018,0x2018,0x2018,0x2018,0x2018,0x2018,0x2018,0x2018,0x2018,0x2018,0x2018,0x2018,0x2018,
0x181c,0x181c,0x185c,0x189c,0x18dc,0x191c,0x195c,0x199c,0x19dc,0x1a1c,0x1a5c,0x1a9c,0x1adc,0x1b1c,0x1b5c,0x1b9c,
0x1bdc,0x1c18,0x1c58,0x1c98,0x1cd8,0x1d0c,0x1d48,0x1d88,0x1dc8,0x1e08,0x1e44,0x1e84,0x1ec4,0x1f04,0x1f44,0x1f84,
0xa80,0xac0,0xb00,0xb40,0xb80,0xbb5,0xbf5,0x16da,0xc18,0xa40,0xa40,0xa40,0xc50,0xc90,0x15b6,0x15b6,
0x15b7,0xcd0,0xd04,0xa40,0xa40,0xd13,0xd53,0xd73,0xa40,0xd99,0xdd9,0xe19,0xe59,0xe99,0xf59,0xed9,
0x125d,0x1299,0x12d9,0x12e8,0x1322,0x1349,0x12e8,0x137f,0x13a5,0x13cc,0x1403,0x12e8,0x1431,0x1470,0x12e8,0x149f,
0x14d5,0x14ef,0x12e8,0x1417,0xfe9,0x152f,0x1536,0x1029,0x1576,0x1034,0x15f7,0x15f7,0x15f7,0x106a,0x109d,0x10dd,
0x1637,0x1637,0x111d,0x1677,0x169a,0x171a,0x115d,0x109d,0x109d,0x109d,0x109d,0x109d,0x109d,0x109d,0x109d,0x109d,
0x109d,0x109d,0x109d,0x109d,0x109d,0x109d,0x109d,0x109d,0x109d,0x109d,0x175a,0x175a,0x175a,0x175a,0x175a,0x119d,
0xa40,0xa40,0xa40,0xa40,0xa40,0xa40,0xa40,0xa40,0xa40,0xa40,0xa40,0xa40,0xa40,0xa40,0xa40,0xa40,
0xa40,0xa40,0xa40,0xa40,0xa40,0xa40,0xa40,0xa40,0xa40,0xa40,0xa40,0xa40,0xa40,0xa40,0xa40,0xf19,
0xa40,0xa40,0xa40,0xa40,0xa40,0xa40,0xa40,0xa40,0xa40,0xa40,0xa40,0xa40,0xa40,0xa40,0xa40,0xa40,
0xa40,0xa40,0xa40,0xa40,0xa40,0xa40,0xa40,0xa40,0xa40,0xa40,0xa40,0xa40,0xa40,0xa40,0xa40,0xf19,
0xa40,0xa40,0xa40,0xa40,0xa40,0xa40,0xa40,0xa40,0xa40,0xa40,0xa40,0xa40,0xa40,0xa40,0xa40,0xa40,
0xa40,0xa40,0xa40,0xa40,0xa40,0xa40,0xa40,0xa40,0xa40,0xa40,0xa40,0xa40,0xa40,0xa40,0xa40,0xf19,
0xa40,0xa40,0xa40,0xa40,0xa40,0xa40,0xa40,0xa40,0xa40,0xa40,0xa40,0xa40,0xa40,0xa40,0xa40,0xa40,
0xa40,0xa40,0xa40,0xa40,0xa40,0xa40,0xa40,0xa40,0xa40,0xa40,0xa40,0xa40,0xa40,0xa40,0xa40,0xf19,
0xa40,0xa40,0xa40,0xa40,0xa40,0xa40,0xa40,0xa40,0xa40,0xa40,0xa40,0xa40,0xa40,0xa40,0xa40,0xa40,
0xa40,0xa40,0xa40,0xa40,0xa40,0xa40,0xa40,0xa40,0xa40,0xa40,0xa40,0xa40,0xa40,0xa40,0xa40,0xf19,
0xa40,0xa40,0xa40,0xa40,0xa40,0xa40,0xa40,0xa40,0xa40,0xa40,0xa40,0xa40,0xa40,0xa40,0xa40,0xa40,
0xa40,0xa40,0xa40,0xa40,0xa40,0xa40,0xa40,0xa40,0xa40,0xa40,0xa40,0xa40,0xa40,0xa40,0xa40,0xf19,
0xa40,0xa40,0xa40,0xa40,0xa40,0xa40,0xa40,0xa40,0xa40,0xa40,0xa40,0xa40,0xa40,0xa40,0xa40,0xa40,
0xa40,0xa40,0xa40,0xa40,0xa40,0xa40,0xa40,0xa40,0xa40,0xa40,0xa40,0xa40,0xa40,0xa40,0xa40,0xf19,
0xa40,0xa40,0xa40,0xa40,0xa40,0xa40,0xa40,0xa40,0xa40,0xa40,0xa40,0xa40,0xa40,0xa40,0xa40,0xa40,
0xa40,0xa40,0xa40,0xa40,0xa40,0xa40,0xa40,0xa40,0xa40,0xa40,0xa40,0xa40,0xa40,0xa40,0xa40,0xf19,
0xa40,0xa40,0xa40,0xa40,0xa40,0xa40,0xa40,0xa40,0xa40,0xa40,0xa40,0xa40,0xa40,0xa40,0xa40,0xa40,
0xa40,0xa40,0xa40,0xa40,0xa40,0xa40,0xa40,0xa40,0xa40,0xa40,0xa40,0xa40,0xa40,0xa40,0xa40,0xf19,
0xa40,0xa40,0xa40,0xa40,0xa40,0xa40,0xa40,0xa40,0xa40,0xa40,0xa40,0xa40,0xa40,0xa40,0xa40,0xa40,
0xa40,0xa40,0xa40,0xa40,0xa40,0xa40,0xa40,0xa40,0xa40,0xa40,0xa40,0xa40,0xa40,0xa40,0xa40,0xf19,
0xf99,0xfa9,0xa40,0xa40,0xa40,0xa40,0xa40,0xa40,0xa40,0xa40,0xa40,0xa40,0xa40,0xa40,0xa40,0xa40,
0xa40,0xa40,0xa40,0xa40,0xa40,0xa40,0xa40,0xa40,0xa40,0xa40,0xa40,0xa40,0xa40,0xa40,0xa40,0xf19,
0x121d,0x121d,0x121d,0x121d,0x121d,0x121d,0x121d,0x121d,0x121d,0x121d,0x121d,0x121d,0x121d,0x121d,0x121d,0x121d,
0x121d,0x121d,0x121d,0x121d,0x121d,0x121d,0x121d,0x121d,0x121d,0x121d,0x121d,0x121d,0x121d,0x121d,0x121d,0x11dd,
0x121d,0x121d,0x121d,0x121d,0x121d,0x121d,0x121d,0x121d,0x121d,0x121d,0x121d,0x121d,0x121d,0x121d,0x121d,0x121d,
0x121d,0x121d,0x121d,0x121d,0x121d,0x121d,0x121d,0x121d,0x121d,0x121d,0x121d,0x121d,0x121d,0x121d,0x121d,0x11dd,
0x607,0x607,0x607,0x607,0x607,0x607,0x607,0x607,0x607,0x607,0x607,0x607,0x607,0x607,0x607,0x607,
0x607,0x607,0x607,0x607,0x607,0x607,0x607,0x607,0x607,0x607,0x607,0x607,0x607,0x607,0x607,0x607,
0x607,0x607,0x607,0x607,0x607,0x607,0x607,0x607,0x607,0x607,0x607,0x607,0x607,0x607,0x607,0x607,
0x607,0x607,0x607,0x607,0x607,0x607,0x607,0x607,0x607,0x607,0x607,0x607,0x607,0x607,0x607,0x607,
0xc78,0xc7f,0xc87,0x607,0x2377,0x2377,0x2377,0xc8f,0xc97,0xc9a,0x23c7,0x23b7,0xca2,0xcaa,0xcae,0xcb2,
0x607,0x607,0x607,0x607,0xcba,0x2509,0xcc2,0xcca,0x2246,0xcd2,0xcd8,0xcdc,0xce4,0x240b,0xcec,0x607,
0x223e,0x2231,0x2236,0x237f,0xcf4,0xcfc,0xd00,0xd06,0x27b6,0xd0e,0x2806,0xd15,0xd19,0xd21,0x2a69,0xd29,
0x279e,0x279e,0x279e,0x279e,0x279e,0x279e,0x279e,0x279e,0x279e,0xd31,0xd39,0xd41,0xd49,0xd4d,0x607,0x607,
0xd55,0xd58,0xd60,0x27ce,0xd68,0xd70,0x607,0xd78,0xd80,0xd88,0xd90,0x607,0x2706,0xd98,0xda0,0x2875,
0xda8,0xdaf,0xdb7,0x25d8,0x27c6,0x607,0x27a6,0xdbf,0x259c,0xdc7,0xdcf,0xdd7,0xddf,0xde7,0x607,0x607,
0x258c,0x258c,0xdef,0x607,0x284e,0xdf7,0x2846,0xdff,0x2970,0xe07,0x2a49,0xe0f,0xe16,0x607,0x607,0x607,
0x607,0x607,0x607,0xe1e,0x29be,0xe26,0xe2e,0xe35,0x2978,0xe3d,0xe44,0xe4b,0xe53,0xe57,0xe5e,0xe66,
0x2636,0x2638,0xe6e,0xe75,0x25ac,0x25a4,0xe7d,0xe83,0x273a,0xe8b,0xe93,0xe97,0x2726,0x272a,0x271e,0xe9f,
0xea7,0x27ee,0xeaf,0x607,0xeb7,0xebf,0x27d6,0xec7,0xecf,0xed5,0xedd,0xee5,0xeed,0xef2,0xefa,0xf02,
0x28da,0x28d2,0xf0a,0xf12,0x27fe,0x27f6,0xf1a,0x607,0x607,0x607,0x607,0x607,0x2826,0xf22,0xf2a,0x607,
0x2816,0x280e,0xf32,0xf3a,0x2732,0xf42,0xf4a,0xf51,0xf59,0xf61,0xf69,0x607,0x607,0x607,0x607,0x607,
0x2958,0xf71,0x607,0x607,0x607,0x27e6,0x27de,0xf79,0xf81,0xf87,0xf8f,0x607,0x607,0xf97,0xf9b,0xfa3,
0x2948,0x2907,0xfab,0x2940,0x28ff,0xfb3,0x281e,0xfbb,0xfc3,0x607,0x607,0xfcb,0x607,0x607,0x2a61,0xfd3,
0xfdb,0xfe0,0xfe8,0xfef,0xff4,0xffa,0x607,0x607,0x1002,0x1006,0x100e,0x1016,0x101c,0x1024,0x1028,0x1030,
0x607,0x607,0x607,0x607,0x607,0x607,0x607,0x1038,0x1040,0x1045,0x104d,0x607,0x607,0x1054,0x2990,0x105c,
0x2470,0x2470,0x2470,0x2470,0x2470,0x2470,0x2470,0x2470,0x2470,0x2470,0x2470,0x2470,0x2470,0x2470,0x2470,0x2470,
0x2470,0x2470,0x2470,0x2470,0x2470,0x2470,0x2470,0x2470,0x2470,0x2470,0x2470,0x2475,0x1064,0x607,0x607,0x607,
0x2470,0x2470,0x2470,0x2468,0x2856,0x2856,0x2856,0x2856,0x2856,0x2856,0x106c,0x2abd,0x2aa0,0x2ab3,0x2ab5,0x2ab5,
0x2ab5,0x2ab5,0x2aa8,0x2aab,0x1074,0x607,0x607,0x607,0x607,0x607,0x607,0x607,0x607,0x607,0x607,0x607,
0x607,0x607,0x607,0x607,0x607,0x607,0x607,0x607,0x607,0x607,0x607,0x607,0x607,0x607,0x607,0x607,
0x607,0x607,0x607,0x607,0x607,0x607,0x607,0x607,0x607,0x607,0x607,0x607,0x607,0x607,0x607,0x607,
0x607,0x607,0x607,0x607,0x607,0x607,0x607,0x607,0x607,0x607,0x607,0x607,0x607,0x607,0x607,0x607,
0x607,0x1078,0x29fe,0x29fe,0x107c,0x2564,0x2564,0x2564,0x2564,0x2564,0x2564,0x2564,0x2564,0x2564,0x2564,0x2564,
0x2564,0x2564,0x2564,0x2564,0x2564,0x2564,0x2564,0x2566,0x2564,0x256e,0x2564,0x2564,0x2564,0x2564,0x2564,0x2564,
0x2571,0x2564,0x2564,0x2564,0x2564,0x2564,0x2578,0x1084,0x2a41,0x2a41,0x2a41,0x2a41,0x2a41,0x2a41,0x2a41,0x2a41,
0x2a41,0x2a41,0x2a41,0x2a41,0x2a41,0x2a41,0x2a41,0x2a41,0x2a41,0x2a41,0x2a41,0x2a41,0x2a41,0x2a41,0x2a41,0x2a41,
0x2a41,0x2a41,0x2a41,0x2a41,0x2a41,0x2a41,0x2a41,0x108c,0x287d,0x287d,0x287d,0x287d,0x287d,0x287d,0x287d,0x287d,
0x287d,0x287d,0x287d,0x287d,0x287d,0x287d,0x2882,0x287d,0x287d,0x287d,0x1094,0x607,0x607,0x607,0x607,0x607,
0x607,0x607,0x607,0x607,0x607,0x607,0x607,0x607,0x2a51,0x109c,0x607,0x607,0x607,0x607,0x607,0x607,
0x607,0x607,0x607,0x607,0x607,0x607,0x607,0x607,0x607,0x607,0x607,0x607,0x607,0x607,0x607,0x607,
0x607,0x607,0x607,0x607,0x607,0x607,0x607,0x607,0x607,0x607,0x607,0x607,0x607,0x607,0x607,0x607,
0x607,0x607,0x607,0x607,0x607,0x607,0x607,0x607,0x607,0x607,0x607,0x607,0x607,0x607,0x607,0x607,
0x2640,0x2640,0x2640,0x2640,0x2640,0x2640,0x2640,0x2640,0x2640,0x2640,0x2640,0x2640,0x2640,0x2640,0x2640,0x2640,
0x2640,0x10a4,0x10ac,0x10b4,0x2a06,0x10b8,0x10c0,0x10c5,0x2796,0x278e,0x10cd,0x10d5,0x10dd,0x607,0x607,0x607,
0x607,0x607,0x607,0x607,0x607,0x607,0x607,0x607,0x607,0x607,0x2a59,0x10e5,0x607,0x607,0x607,0x607,
0x607,0x607,0x2968,0x2960,0x10ed,0x10f5,0x10fc,0x607,0x2716,0x2716,0x1104,0x270e,0x110c,0x607,0x607,0x1114,
0x28e2,0x28e2,0x28e2,0x28e2,0x28e2,0x28e2,0x28e2,0x28e2,0x28e2,0x28e2,0x28e2,0x28e2,0x28e2,0x28e2,0x28e2,0x28e2,
0x28e2,0x28e2,0x28e2,0x28e2,0x28e2,0x28e2,0x28e2,0x28ef,0x29de,0x29de,0x29de,0x29de,0x29de,0x29de,0x29de,0x29de,
0x29de,0x29de,0x29de,0x29de,0x29de,0x29de,0x111c,0x1123,0x29d6,0x112b,0x607,0x607,0x2a79,0x2a79,0x2a79,0x1133,
0x2ac5,0x2ac5,0x2ac5,0x2ac5,0x2ac5,0x2ac5,0x2ac5,0x2ac5,0x2ac5,0x2ac5,0x2ac5,0x2ac5,0x2ac5,0x2ac5,0x2ac5,0x2ac5,
0x113b,0x2ac5,0x1143,0x607,0x607,0x607,0x607,0x607,0x607,0x607,0x607,0x607,0x607,0x607,0x607,0x607,
0x607,0x607,0x607,0x607,0x607,0x607,0x607,0x607,0x607,0x607,0x607,0x607,0x607,0x607,0x607,0x607,
0x607,0x607,0x607,0x607,0x607,0x607,0x607,0x607,0x607,0x607,0x607,0x607,0x607,0x607,0x607,0x607,
0x607,0x607,0x607,0x607,0x607,0x607,0x607,0x607,0x607,0x607,0x607,0x607,0x607,0x607,0x607,0x607,
0x607,0x607,0x1148,0x26f6,0x292f,0x292f,0x292f,0x292f,0x292f,0x292f,0x292f,0x2930,0x1150,0x1155,0x115c,0x2938,
0x2938,0x2938,0x2938,0x2938,0x2938,0x2938,0x2938,0x2938,0x2938,0x2938,0x1160,0x607,0x607,0x607,0x607,0x607,
0x607,0x607,0x607,0x607,0x607,0x607,0x607,0x607,0x607,0x607,0x607,0x607,0x607,0x607,0x607,0x607,
0x607,0x607,0x607,0x607,0x607,0x607,0x607,0x607,0x607,0x607,0x607,0x607,0x607,0x607,0x607,0x607,
0x607,0x607,0x607,0x27ae,0x27ae,0x27ae,0x1168,0x116d,0x1175,0x607,0x607,0x607,0x607,0x607,0x607,0x607,
0x607,0x607,0x607,0x607,0x607,0x607,0x607,0x607,0x607,0x607,0x607,0x607,0x607,0x607,0x607,0x607,
0x607,0x607,0x607,0x607,0x607,0x607,0x607,0x607,0x607,0x2a36,0x2a36,0x2a36,0x2a36,0x2a36,0x2a36,0x2a39,
0x117d,0x2a36,0x2a36,0x2a36,0x2a36,0x2a36,0x2a36,0x2a36,0x2a36,0x2a36,0x2a36,0x2a36,0x2a36,0x2a36,0x1185,0x118c,
0x1194,0x2a0e,0x119c,0x11a3,0x29ee,0x29ee,0x29ee,0x11aa,0x607,0x21c6,0x21c6,0x21c6,0x21c6,0x21c6,0x21c6,0x21c6,
0x11b2,0x21c6,0x21cd,0x21d0,0x21be,0x21d8,0x21de,0x21e6,0x282e,0x23bf,0x23bf,0x11ba,0x2a81,0x11c2,0x607,0x11ca,
0x11d2,0x2387,0x2387,0x11da,0x11e2,0x607,0x607,0x607,0x607,0x2217,0x221e,0x11ea,0x2221,0x11f2,0x11fa,0x1202,
0x221b,0x120a,0x1212,0x121a,0x2220,0x2228,0x2217,0x221e,0x221a,0x2221,0x2229,0x2218,0x221f,0x221b,0x1221,0x21ee,
0x21f6,0x21fd,0x2204,0x21f1,0x21f9,0x2200,0x2207,0x1229,0x220f,0x285e,0x285e,0x285e,0x285e,0x285e,0x285e,0x285e,
0x285e,0x285e,0x285e,0x285e,0x285e,0x285e,0x285e,0x285e,0x285e,0x28aa,0x2866,0x28aa,0x286d,0x1231,0x1239,0x607,
0x607,0x1241,0x607,0x607,0x607,0x607,0x607,0x607,0x607,0x607,0x607,0x607,0x607,0x607,0x607,0x607,
0x607,0x607,0x607,0x607,0x607,0x607,0x607,0x607,0x607,0x607,0x607,0x607,0x607,0x607,0x607,0x607,
0x607,0x29f6,0x2a1e,0x2a91,0x2a98,0x1249,0x607,0x124f,0x2a89,0x1257,0x125f,0x2a16,0x1267,0x126c,0x607,0x607,
0x607,0x2998,0x1274,0x127c,0x607,0x607,0x607,0x607,0x607,0x607,0x607,0x607,0x607,0x1280,0x1285,0x29a0,
0x128d,0x607,0x607,0x607,0x607,0x607,0x607,0x607,0x607,0x607,0x607,0x607,0x607,0x607,0x607,0x1295,
0x129a,0x607,0x607,0x607,0x607,0x607,0x607,0x12a1,0x12a6,0x607,0x607,0x607,0x607,0x607,0x607,0x12ae,
0x12b6,0x607,0x607,0x607,0x607,0x607,0x607,0x607,0x12be,0x27be,0x27be,0x27be,0x27be,0x27be,0x27be,0x12c6,
0x607,0x28ca,0x28c2,0x12ce,0x607,0x607,0x607,0x607,0x607,0x607,0x607,0x607,0x607,0x607,0x607,0x607,
0x607,0x607,0x607,0x607,0x607,0x607,0x607,0x607,0x607,0x607,0x607,0x607,0x12d6,0x2950,0x12db,0x607,
0x607,0x12e3,0x12e4,0x607,0x607,0x607,0x607,0x607,0x607,0x12ec,0x12f4,0x12fc,0x1304,0x130c,0x1314,0x607,
0x131b,0x607,0x607,0x607,0x607,0x607,0x607,0x607,0x607,0x1323,0x2759,0x1329,0x2759,0x1331,0x1336,0x133e,
0x607,0x288a,0x28b2,0x28ba,0x290f,0x2892,0x2980,0x289a,0x2917,0x2988,0x2988,0x13d0,0x13d8,0x29a8,0x29c6,0x13e0,
0x13e8,0x29b0,0x29b0,0x29b0,0x29b0,0x1346,0x29b0,0x29b6,0x134e,0x1385,0x1385,0x1385,0x1385,0x1385,0x1385,0x1385,
0x1385,0x1385,0x1385,0x1385,0x1385,0x1385,0x1385,0x1385,0x1385,0x1385,0x1385,0x1385,0x1385,0x1385,0x1385,0x1385,
0x1385,0x1385,0x1385,0x1385,0x1385,0x1385,0x1385,0x1385,0x13ef,0x607,0x607,0x607,0x607,0x607,0x607,0x607,
0x607,0x607,0x607,0x607,0x607,0x607,0x607,0x607,0x607,0x607,0x607,0x607,0x607,0x607,0x607,0x607,
0x607,0x607,0x607,0x607,0x607,0x607,0x607,0x607,0x607,0x607,0x607,0x607,0x607,0x607,0x607,0x607,
0x607,0x607,0x607,0x607,0x607,0x607,0x607,0x607,0x607,0x607,0x607,0x607,0x607,0x607,0x607,0x607,
0x607,0x607,0x607,0x607,0x607,0x607,0x607,0x607,0x1355,0x2485,0x135d,0x2487,0x2487,0x1361,0x1369,0x1371,
0x1379,0x25e8,0x2544,0x25f0,0x25f8,0x25e0,0x1381,0x1385,0x138c,0x1394,0x1398,0x13a0,0x13a8,0x1385,0x1385,0x1385,
0x1385,0x2667,0x266f,0x2667,0x2675,0x267d,0x2648,0x2685,0x268d,0x2667,0x2695,0x269d,0x26a4,0x26ac,0x2650,0x2667,
0x26b1,0x2658,0x265f,0x26b9,0x26bf,0x2761,0x2768,0x274a,0x26c6,0x26ce,0x26d6,0x26de,0x2752,0x2667,0x26e6,0x13b0,
0x13b8,0x261b,0x261b,0x261b,0x261e,0x2759,0x2759,0x13c0,0x13c8,0x13ff,0x22de,0x22de,0x22de,0x1400,0x1400,0x1400,
0x1400,0x238f,0x238f,0x238f,0x238f,0x238f,0x238f,0x238f,0x1408,0x1400,0x1400,0x1400,0x1400,0x1400,0x1400,0x1400,
0x1400,0x1400,0x1400,0x1400,0x1400,0x1400,0x1400,0x1400,0x1400,0x1400,0x1400,0x1400,0x1400,0x1400,0x1400,0x1400,
0x1400,0x1400,0x1400,0x1400,0x1400,0x1400,0x1400,0x1400,0x1400,0x1400,0x1400,0x1400,0x1400,0x1400,0x1400,0x1400,
0x1400,0x1400,0x1400,0x1400,0x1400,0x1400,0x1400,0x1400,0x1400,0x1400,0x1400,0x1400,0x1400,0x1400,0x1400,0x1400,
0x1400,0x1400,0x1400,0x1400,0x1400,0x1400,0x1400,0x1400,0x1400,0x2256,0x2256,0x2256,0x2256,0x2256,0x2256,0x2256,
0x2256,0x2256,0x2256,0x2256,0x2256,0x2256,0x2256,0x2256,0x2256,0x2256,0x2256,0x2256,0x2256,0x2256,0x2256,0x2256,
0x2256,0x2256,0x2256,0x2256,0x2256,0x2256,0x2256,0x2256,0x2256,0x2256,0x2256,0x2256,0x2256,0x2256,0x2256,0x2256,
0x2256,0x2256,0x2256,0x2256,0x2256,0x2256,0x2256,0x2256,0x2256,0x2256,0x2256,0x2256,0x2256,0x2256,0x2256,0x22d6,
0x1443,0x2608,0x2608,0x2608,0x2608,0x2608,0x2608,0x2608,0x2608,0x144b,0x28a2,0x28a2,0x28a2,0x28a2,0x28a2,0x28a2,
0x28a2,0x28a2,0x28a2,0x28a2,0x28a2,0x28a2,0x28a2,0x28a2,0x28a2,0x28a2,0x28a2,0x28a2,0x28a2,0x28a2,0x28a2,0x28a2,
0x28a2,0x28a2,0x28a2,0x28a2,0x28a2,0x28a2,0x28a2,0x28a2,0x28a2,0x28a2,0x28a2,0x28a2,0x28a2,0x28a2,0x28a2,0x28a2,
0x28a2,0x28a2,0x28a2,0x28a2,0x28a2,0x28a2,0x28a2,0x28a2,0x28a2,0x28a2,0x28a2,0x28a2,0x28a2,0x28a2,0x28a2,0x28a2,
0x28a2,0x28a2,0x28a2,0x28a2,0x28a2,0x28a2,0x28a2,0x28a2,0x28a2,0x1453,0x2927,0x2927,0x2927,0x2927,0x2927,0x2927,
0x2927,0x2927,0x2927,0x2927,0x2927,0x2927,0x2927,0x2927,0x2927,0x2927,0x2927,0x2927,0x2927,0x2927,0x2927,0x2927,
0x2927,0x2927,0x2927,0x2927,0x2927,0x2927,0x2927,0x2927,0x2927,0x145b,0x2a2e,0x2a2e,0x2a2e,0x2a2e,0x2a2e,0x2a2e,
0x2a2e,0x2a2e,0x2a2e,0x2a2e,0x2a2e,0x2a2e,0x2a2e,0x2a2e,0x2a2e,0x2a2e,0x2a2e,0x2a2e,0x145f,0x1443,0x1443,0x1443,
0x1443,0x1443,0x1443,0x1443,0x1443,0x1443,0x1443,0x1443,0x1443,0x1443,0x1443,0x1443,0x1443,0x1443,0x1443,0x1443,
0x1443,0x1443,0x1443,0x1443,0x1443,0x1443,0x1443,0x1443,0x1443,0x1443,0x1443,0x1443,0x1443,0x1443,0x1443,0x1443,
0x1443,0x1443,0x1443,0x1443,0x1443,0x1443,0x1443,0x1443,0x1443,0x1443,0x1443,0x1443,0x1443,0x1443,0x1443,0x1443,
0x1443,0x1443,0x1443,0x1443,0x1443,0x1443,0x1443,0x1443,0x1443,0x1443,0x1443,0x1443,0x1443,0x224e,0x224e,0x224e,
0x224e,0x224e,0x224e,0x224e,0x224e,0x224e,0x224e,0x224e,0x224e,0x224e,0x224e,0x224e,0x224e,0x1467,0x1443,0x1443,
0x1443,0x1443,0x1443,0x1443,0x1443,0x1443,0x1443,0x1443,0x1443,0x1443,0x1443,0x1443,0x1443,0x1443,0x1443,0x1443,
0x1443,0x1443,0x1443,0x1443,0x1443,0x1443,0x1443,0x1443,0x1443,0x1443,0x1443,0x1443,0x1443,0x1443,0x1443,0x1443,
0x1443,0x1443,0x1443,0x1443,0x1443,0x1443,0x1443,0x1443,0x1443,0x1443,0x1443,0x1443,0x146f,0x29ce,0x29ce,0x29ce,
0x29ce,0x29ce,0x29ce,0x29ce,0x29ce,0x29ce,0x29ce,0x29ce,0x29ce,0x29ce,0x29ce,0x29ce,0x29ce,0x29ce,0x29ce,0x29ce,
0x29ce,0x29ce,0x29ce,0x29ce,0x29ce,0x29ce,0x29ce,0x1477,0x2a26,0x2a26,0x2a26,0x2a26,0x2a26,0x2a26,0x2a26,0x2a26,
0x2a26,0x2a26,0x2a26,0x2a26,0x2a26,0x2a26,0x2a26,0x2a26,0x2a26,0x2a26,0x2a26,0x2a26,0x2a26,0x2a26,0x2a26,0x2a26,
0x2a26,0x2a26,0x2a26,0x2a26,0x2a26,0x2a26,0x2a26,0x2a26,0x2a26,0x2a26,0x2a26,0x2a26,0x2a26,0x2a71,0x2a71,0x2a71,
0x2a71,0x2a71,0x2a71,0x2a71,0x2a71,0x2a71,0x2a71,0x2a71,0x2a71,0x2a71,0x2a71,0x2a71,0x2a71,0x2a71,0x2a71,0x2a71,
0x2a71,0x2a71,0x2a71,0x2a71,0x2a71,0x2a71,0x2a71,0x2a71,0x2a71,0x2a71,0x2a71,0x2a71,0x2a71,0x2a71,0x2a71,0x2a71,
0x147f,0x1443,0x1443,0x1443,0x1443,0x1443,0x1443,0x1443,0x1443,0x1443,0x1443,0x1443,0x1443,0x1443,0x1443,0x1443,
0x1443,0x1443,0x1443,0x1443,0x1443,0x1443,0x1443,0x1443,0x1443,0x1443,0x1443,0x1443,0x1443,0x2acd,0x2acd,0x2acd,
0x2acd,0x2acd,0x2acd,0x2acd,0x2acd,0x2acd,0x2acd,0x2acd,0x2acd,0x2acd,0x2acd,0x2acd,0x2acd,0x2acd,0x2acd,0x2acd,
0x2acd,0x2acd,0x2acd,0x2acd,0x2acd,0x2acd,0x2acd,0x2acd,0x2acd,0x2acd,0x2acd,0x2acd,0x2acd,0x2acd,0x2acd,0x1443,
0x1443,0x1443,0x1443,0x1443,0x1443,0x1443,0x1443,0x1443,0x1443,0x1443,0x1443,0x1443,0x1443,0x1443,0x1443,0x1443,
0x1443,0x1443,0x1443,0x1443,0x1443,0x1443,0x1443,0x1443,0x1443,0x1443,0x1443,0x1443,0x146f,0x2028,0x2028,0x2028,
0x2028,0x2028,0x2028,0x2028,0x2028,0x2028,0x2028,0x2028,0x2028,0x2028,0x2028,0x2028,0x2028,0x2028,0x2028,0x2028,
0x2028,0x2028,0x2028,0x2028,0x2028,0x2028,0x2028,0x2028,0x2028,0x2028,0x2028,0x2028,0x2028,0x2028,0x2028,0x2028,
0x2028,0x2028,0x2028,0x2028,0x2028,0x2028,0x2028,0x2028,0x2028,0x2028,0x2028,0x2028,0x2028,0x2028,0x2028,0x2028,
0x2028,0x2028,0x2028,0x2028,0x2028,0x2028,0x2028,0x2028,0x2028,0x2028,0x2028,0x2028,0x2020,0x2028,0x2028,0x2028,
0x2028,0x2028,0x2028,0x2028,0x2028,0x2028,0x2028,0x2028,0x2028,0x2028,0x2028,0x2028,0x2028,0x2028,0x2028,0x2028,
0x2028,0x2028,0x2028,0x2028,0x2028,0x2028,0x2028,0x2028,0x2028,0x2028,0x2028,0x2028,0x2028,0x2028,0x2028,0x2028,
0x2028,0x2028,0x2028,0x2028,0x2028,0x2028,0x2028,0x2028,0x2028,0x2028,0x2028,0x2028,0x2028,0x2028,0x2028,0x2028,
0x2028,0x2028,0x2028,0x2028,0x2028,0x2028,0x2028,0x2028,0x2028,0x2028,0x2028,0x2028,0x2028,0x2256,0x2256,0x2256,
0x2256,0x2256,0x2256,0x2256,0x2256,0x2256,0x2256,0x2256,0x2256,0x2256,0x2256,0x2256,0x2256,0x2256,0x2256,0x2256,
0x2256,0x2256,0x2256,0x2256,0x2256,0x2256,0x2256,0x2256,0x2256,0x2256,0x2256,0x2256,0x2256,0x2256,0x2256,0x2256,
0x2256,0x2256,0x2256,0x2256,0x2256,0x2256,0x2256,0x2256,0x2256,0x2256,0x2256,0x2256,0x2256,0x2256,0x2256,0x2256,
0x2256,0x2256,0x2256,0x2256,0x2256,0x225b,0x225f,0x2256,0x2264,0x2256,0x2256,0x2256,0x2256,0x2256,0x2256,0x2256,
0x2256,0x2256,0x2256,0x2256,0x2256,0x2256,0x2256,0x2256,0x2256,0x2256,0x2256,0x2256,0x2256,0x2256,0x2256,0x2256,
0x2256,0x2256,0x2256,0x2256,0x2256,0x2256,0x2256,0x2256,0x2256,0x2256,0x2256,0x226b,0x2270,0x2259,0x2256,0x2277,
0x2256,0x2265,0x2256,0x2256,0x227d,0x2256,0x2256,0x2256,0x2256,0x2285,0x2256,0x2256,0x2289,0x228f,0x2297,0x2289,
0x2299,0x2256,0x229c,0x22a1,0x2256,0x2256,0x22a5,0x2256,0x22ad,0x2256,0x2256,0x22b0,0x22b8,0x2256,0x2256,0x22c0,
0x2256,0x2256,0x2256,0x2256,0x2256,0x2256,0x2256,0x2264,0x2256,0x2256,0x2256,0x2256,0x2256,0x2256,0x2256,0x2256,
0x2256,0x2256,0x2256,0x2256,0x2256,0x2256,0x2256,0x2256,0x2256,0x2256,0x2256,0x2256,0x2256,0x2256,0x2256,0x2256,
0x2256,0x2256,0x2256,0x2256,0x2256,0x2256,0x2256,0x2256,0x2256,0x2256,0x2256,0x2256,0x2256,0x2256,0x2256,0x2256,
0x2256,0x2256,0x2256,0x2256,0x2256,0x2256,0x2256,0x2256,0x2256,0x2256,0x2256,0x2256,0x2256,0x2256,0x2256,0x2256,
0x2256,0x2256,0x2256,0x2256,0x2256,0x2256,0x2256,0x2256,0x226e,0x2256,0x2256,0x2256,0x2256,0x2256,0x2256,0x2256,
0x2256,0x2256,0x2256,0x2256,0x2256,0x2256,0x2256,0x2256,0x2256,0x2256,0x2256,0x2256,0x2256,0x2256,0x2256,0x2256,
0x2256,0x2256,0x2256,0x2256,0x2256,0x2256,0x2256,0x2256,0x2256,0x2256,0x2256,0x2256,0x2256,0x2256,0x2256,0x2256,
0x2256,0x2256,0x2256,0x2256,0x2256,0x2256,0x2256,0x2256,0x2256,0x2256,0x2256,0x2256,0x2256,0x2256,0x2256,0x2265,
0x2256,0x2256,0x2256,0x228e,0x2256,0x2256,0x2256,0x22ad,0x2256,0x2256,0x2256,0x22c4,0x2256,0x2256,0x2256,0x2297,
0x2256,0x22a2,0x2256,0x22a1,0x226e,0x2256,0x2256,0x2256,0x2256,0x2256,0x2256,0x2256,0x2256,0x2256,0x226b,0x2256,
0x2256,0x2256,0x2256,0x2256,0x2256,0x2256,0x2256,0x2256,0x2256,0x2256,0x2256,0x2256,0x2256,0x2256,0x2256,0x2256,
0x2256,0x2256,0x2256,0x2256,0x2256,0x2256,0x2256,0x2256,0x2256,0x2256,0x2256,0x2256,0x2256,0x2256,0x2256,0x2256,
0x2256,0x2256,0x2256,0x2256,0x2289,0x2256,0x2256,0x2256,0x2256,0x2256,0x2256,0x2256,0x2256,0x2256,0x2256,0x2256,
0x2256,0x2256,0x2256,0x2256,0x2256,0x2256,0x2256,0x2256,0x2256,0x2256,0x2256,0x2256,0x2256,0x2256,0x2256,0x2256,
0x2256,0x2256,0x2256,0x2256,0x2256,0x2256,0x2256,0x2256,0x2256,0x2256,0x2256,0x226b,0x2256,0x2256,0x2256,0x2256,
0x2256,0x2256,0x2256,0x2256,0x2256,0x2256,0x2256,0x2256,0x2256,0x2256,0x2256,0x2256,0x2256,0x2256,0x2256,0x2256,
0x2256,0x2256,0x2256,0x2256,0x2256,0x2256,0x2256,0x2256,0x2256,0x2256,0x2256,0x2256,0x2256,0x2256,0x2256,0x2256,
0x2256,0x2256,0x2256,0x2256,0x2256,0x2256,0x2256,0x2256,0x2256,0x2270,0x2256,0x22ad,0x2256,0x2256,0x2256,0x2256,
0x2256,0x2256,0x2256,0x2256,0x2256,0x2256,0x2256,0x2256,0x2256,0x2256,0x2256,0x2256,0x226d,0x2256,0x2256,0x2256,
0x2256,0x2256,0x2256,0x2256,0x2256,0x2256,0x2256,0x2256,0x2256,0x2256,0x2256,0x2256,0x2256,0x2256,0x2256,0x2256,
0x2256,0x2256,0x2256,0x2256,0x2256,0x2256,0x2256,0x2256,0x2256,0x2256,0x2256,0x2256,0x2256,0x2256,0x2256,0x2256,
0x2256,0x2256,0x2256,0x2256,0x2256,0x2256,0x2256,0x2256,0x2256,0x2256,0x2256,0x2256,0x2256,0x2256,0x2256,0x2256,
0x2256,0x2256,0x2256,0x2270,0x2256,0x2256,0x2256,0x2256,0x2256,0x2256,0x2256,0x2256,0x2256,0x2256,0x2256,0x2256,
0x2256,0x2256,0x2256,0x2256,0x2256,0x2256,0x2256,0x2256,0x2256,0x2256,0x2256,0x2256,0x2256,0x2256,0x2256,0x2256,
0x2256,0x2256,0x2256,0x2256,0x2256,0x2256,0x2256,0x2256,0x2256,0x2256,0x2256,0x2256,0x2256,0x2256,0x2256,0x22a1,
0x2256,0x2256,0x2256,0x2256,0x2256,0x2256,0x2256,0x2256,0x2256,0x2256,0x2256,0x2256,0x2256,0x2256,0x2256,0x22ca,
0x2256,0x2256,0x2256,0x2256,0x2256,0x2256,0x2256,0x2256,0x2256,0x2256,0x2256,0x2256,0x2256,0x2256,0x2256,0x2256,
0x2256,0x2256,0x2256,0x2256,0x2256,0x2256,0x2256,0x2256,0x2256,0x2256,0x2256,0x2256,0x2256,0x2256,0x2256,0x2256,
0x2256,0x2256,0x2256,0x2256,0x2256,0x2256,0x2256,0x2256,0x2256,0x2256,0x2256,0x2256,0x2256,0x2256,0x2256,0x2256,
0x2257,0x2256,0x2256,0x2256,0x2256,0x2256,0x2256,0x2256,0x2256,0x2256,0x2256,0x2256,0x2256,0x2256,0x2256,0x2256,
0x2256,0x2256,0x2256,0x2256,0x2256,0x2256,0x2256,0x2256,0x2256,0x2256,0x2256,0x2256,0x2256,0x2256,0x2256,0x2256,
0x2256,0x2256,0x2256,0x2256,0x2256,0x2256,0x2256,0x2256,0x2256,0x2256,0x2256,0x2256,0x2256,0x2256,0x2256,0x228f,
0x2256,0x2256,0x2256,0x2256,0x2256,0x226e,0x2256,0x2256,0x2256,0x2256,0x2256,0x2256,0x2297,0x2256,0x2256,0x2256,
0x2256,0x2256,0x2256,0x2256,0x2256,0x2256,0x2256,0x2256,0x2256,0x2256,0x2256,0x2256,0x2256,0x2256,0x2256,0x2256,
0x2256,0x2256,0x2256,0x2256,0x2256,0x2256,0x2256,0x2256,0x2256,0x2256,0x2256,0x2256,0x2256,0x2256,0x2256,0x2256,
0x2256,0x2256,0x2256,0x2256,0x2256,0x22d1,0x2256,0x2256,0x2256,0x2256,0x2256,0x2256,0x2256,0x2256,0x2256,0x2256,
0x2256,0x2256,0x2256,0x2256,0x2256,0x2256,0x2256,0x2256,0x2256,0x2256,0x2256,0x2256,0x2256,0x2256,0x2256,0x2608,
0x2608,0x2608,0x2608,0x2608,0x2608,0x2608,0x2608,0x2608,0x2608,0x2608,0x2608,0x2608,0x2608,0x2608,0x2608,0x2608,
0x2608,0x2608,0x2608,0x2608,0x2608,0x2608,0x2608,0x2608,0x2608,0x2608,0x2608,0x2608,0x2608,0x2608,0x2608,0x2608,
0x2608,0x2608,0x2608,0x2608,0x2608,0x2608,0x2608,0x2608,0x2608,0x2608,0x2608,0x2608,0x2608,0x2608,0x2608,0x2608,
0x2608,0x2608,0x2608,0x2608,0x2608,0x2608,0x2608,0x2608,0x2608,0x2608,0x2608,0x2608,0x2608,0x2608,0x2608,0x260b,
0x26ee,0x26ee,0x26ee,0x26ee,0x26ee,0x26ee,0x28a2,0x28a2,0x28a2,0x28a2,0x28a2,0x28a2,0x28a2,0x28a2,0x28a2,0x28a2,
0x28a2,0x28a2,0x28a2,0x28a2,0x28a2,0x28a2,0x28a2,0x28a2,0x28a2,0x28a2,0x28a2,0x28a2,0x28a2,0x28a2,0x28a2,0x28a2,
0x28a2,0x28a2,0x28a2,0x28a2,0x28a2,0x28a2,0x28a2,0x28a2,0x28a2,0x28a2,0x28a2,0x28a2,0x28a2,0x28a2,0x28a2,0x28a2,
0x28a2,0x28a2,0x28a2,0x28a2,0x28a2,0x28a2,0x28a2,0x28a2,0x28a2,0x28a2,0x28a2,0x28a2,0x28a2,0x28a2,0x28a2,0x28a2,
0x28a2,0x28a2,0x28a2,0x28a2,0x28a2,0x28a2,0x28e2,0x28e2,0x28e2,0x28e2,0x28e2,0x28e2,0x28e2,0x28e2,0x28e2,0x28e2,
0x28e2,0x28e2,0x28e2,0x28e2,0x28e2,0x28e2,0x28e2,0x28e2,0x28e2,0x28e2,0x28e2,0x28e2,0x28e2,0x28e2,0x28e2,0x28e2,
0x28e2,0x28e2,0x28e2,0x28e2,0x28e2,0x28e2,0x28e2,0x28e2,0x28e2,0x28e2,0x28e2,0x28e2,0x28e2,0x28e2,0x28e2,0x28e2,
0x28e2,0x28e2,0x28e2,0x28e2,0x28e2,0x28e2,0x28e2,0x28e2,0x28e2,0x28e2,0x28e2,0x28e2,0x28e2,0x28e2,0x28e2,0x28e2,
0x28e2,0x28e2,0x28e2,0x28e2,0x28e2,0x28e2,0x28e7,0x2927,0x2927,0x2927,0x2927,0x2927,0x2927,0x2927,0x2927,0x2927,
0x2927,0x2927,0x2927,0x2927,0x2927,0x2927,0x2927,0x2927,0x2927,0x2927,0x2927,0x2927,0x2927,0x2927,0x2927,0x2927,
0x2927,0x2927,0x2927,0x2927,0x2927,0x2927,0x2927,0x2927,0x2927,0x2927,0x2927,0x2927,0x2927,0x2927,0x2927,0x2927,
0x2927,0x2927,0x2927,0x2927,0x2927,0x2927,0x2927,0x2927,0x2927,0x2927,0x2927,0x2927,0x2927,0x2927,0x2927,0x2927,
0x2927,0x2927,0x2927,0x2927,0x2927,0x2927,0x2927,0x29ce,0x29ce,0x29ce,0x29ce,0x29ce,0x29ce,0x29ce,0x29ce,0x29ce,
0x29ce,0x29ce,0x29ce,0x29ce,0x29ce,0x29ce,0x29ce,0x29ce,0x29ce,0x29ce,0x29ce,0x29ce,0x29ce,0x29ce,0x29ce,0x29ce,
0x29ce,0x29ce,0x29ce,0x29ce,0x29ce,0x29ce,0x29ce,0x29ce,0x29ce,0x29ce,0x29ce,0x29ce,0x29ce,0x29ce,0x29ce,0x29ce,
0x29ce,0x29ce,0x29ce,0x29ce,0x29ce,0x29ce,0x29ce,0x29ce,0x29ce,0x29ce,0x29ce,0x29ce,0x29ce,0x29ce,0x29ce,0x29ce,
0x29ce,0x29ce,0x29ce,0x29ce,0x29ce,0x29ce,0x29ce,0x2a26,0x2a26,0x2a26,0x2a26,0x2a26,0x2a26,0x2a26,0x2a26,0x2a26,
0x2a26,0x2a26,0x2a26,0x2a26,0x2a26,0x2a26,0x2a26,0x2a26,0x2a26,0x2a26,0x2a26,0x2a26,0x2a26,0x2a26,0x2a26,0x2a26,
0x2a26,0x2a26,0x2a26,0x2a26,0x2a26,0x2a26,0x2a26,0x2a26,0x2a26,0x2a26,0x2a26,0x2a26,0x2a26,0x2a26,0x2a26,0x2a26,
0x2a26,0x2a26,0x2a26,0x2a26,0x2a26,0x2a26,0x2a26,0x2a26,0x2a26,0x2a26,0x2a26,0x2a26,0x2a26,0x2a26,0x2a26,0x2a26,
0x2a26,0x2a26,0x2a26,0x2a26,0x2a26,0x2a26,0x2a26,0x147b,0x2a71,0x2a71,0x2a71,0x2a71,0x2a71,0x2a71,0x2a71,0x2a71,
0x2a71,0x2a71,0x2a71,0x2a71,0x2a71,0x2a71,0x2a71,0x2a71,0x2a71,0x2a71,0x2a71,0x2a71,0x2a71,0x2a71,0x2a71,0x2a71,
0x2a71,0x2a71,0x2a71,0x2a71,0x2a71,0x2a71,0x2a71,0x2a71,0x2a71,0x2a71,0x2a41,0x2a41,0x2a41,0x2a41,0x2a41,0x2a41,
0x2a41,0x2a41,0x2a41,0x2a41,0x2a41,0x2a41,0x2a41,0x2a41,0x2a41,0x2a41,0x2a41,0x2a41,0x2a41,0x2a41,0x2a41,0x2a41,
0x2a41,0x2a41,0x2a41,0x2a41,0x2a41,0x2a41,0x2a41,0x2a41,0x2a41,0x2a41,0x2a41,0x2a41,0x2a41,0x2a41,0x2a41,0x2a41,
0x2a41,0x2a41,0x2a41,0x2a41,0x2a41,0x2a41,0x2a41,0x2a41,0x2a41,0x2a41,0x2a41,0x2a41,0x2a41,0x2a41,0x2a41,0x2a41,
0x2a41,0x2a41,0x2a41,0x2a41,0x2a41,0x2a41,0x2a41,0x2a41,0x2a41,0x2a41,0x2a71,0x2a71,0x2a71,0x2a71,0x2a71,0x2a71,
0x2a71,0x2a71,0x2a71,0x2a71,0x2a71,0x2a71,0x2a71,0x2a71,0x2a71,0x2a71,0x2a71,0x2a71,0x2a71,0x2a71,0x2a71,0x2a71,
0x2a71,0x2a71,0x2a71,0x2a71,0x2a71,0x2a71,0x2a71,0x2a71,0x2a71,0x2a71,0x2a71,0x2a71,0x2a71,0x2a71,0x2a71,0x2a71,
0x2a71,0x2a71,0x2a71,0x2a71,0x2a71,0x2a71,0x2a71,0x2a71,0x2a71,0x2a71,0x2a71,0x2a71,0x2a71,0x2a71,0x2a71,0x2a71,
0x2a71,0x2a71,0x2a71,0x2a71,0x2a71,0x2a71,0x2a71,0x2a71,0x2a71,0x2a71,0x2acd,0x2acd,0x2acd,0x2acd,0x2acd,0x2acd,
0x2acd,0x2acd,0x2acd,0x2acd,0x2acd,0x2acd,0x2acd,0x2acd,0x2acd,0x2acd,0x2acd,0x2acd,0x2acd,0x2acd,0x2acd,0x2acd,
0x2acd,0x2acd,0x2acd,0x2acd,0x2acd,0x2acd,0x2acd,0x2acd,0x2acd,0x2acd,0x2acd,0x2acd,0x2acd,0x2acd,0x2acd,0x2acd,
0x2acd,0x2acd,0x2acd,0x2acd,0x2acd,0x2acd,0x2acd,0x2acd,0x2acd,0x2acd,0x2acd,0x2acd,0x2acd,0x2acd,0x2acd,0x2acd,
0x2acd,0x2acd,0x2acd,0x2acd,0x2acd,0x2acd,0x2acd,0x2acd,0x2acd,0x2acd,0x5e6,0x5e6,0x12,0x12,0x12,0x12,
0x12,0x12,0x12,0x12,0x12,0xf3,0xff,0xf9,0xf9,0xfc,0x12,0x12,0x12,0x12,0x12,0x12,
0x12,0x12,0x12,0x12,0x12,0x12,0x12,0x12,0x12,0x12,0x12,0x12,0x4aa,0x4a4,0x489,0x471,
0x47d,0x47a,0x471,0x48c,0x477,0x483,0x471,0x49b,0x48f,0x486,0x4a7,0x480,0x46e,0x46e,0x46e,0x46e,
0x46e,0x46e,0x46e,0x46e,0x46e,0x46e,0x492,0x48f,0x495,0x495,0x495,0x4a4,0x471,0x4b6,0x4b6,0x4b6,
0x4b6,0x4b6,0x4b6,0x4b0,0x4b0,0x4b0,0x4b0,0x4b0,0x4b0,0x4b0,0x4b0,0x4b0,0x4b0,0x4b0,0x4b0,0x4b0,
0x4b0,0x4b0,0x4b0,0x4b0,0x4b0,0x4b0,0x4b0,0x477,0x47d,0x483,0x4a1,0x46b,0x49e,0x4b3,0x4b3,0x4b3,
0x4b3,0x4b3,0x4b3,0x4ad,0x4ad,0x4ad,0x4ad,0x4ad,0x4ad,0x4ad,0x4ad,0x4ad,0x4ad,0x4ad,0x4ad,0x4ad,
0x4ad,0x4ad,0x4ad,0x4ad,0x4ad,0x4ad,0x4ad,0x477,0x498,0x474,0x495,0x12,0,0,0,0,
0,0,0,0,0,0,0,0,0,0,0,0,0,0,0,0,
0,0,0,0,0,0,0,0,0,0,0,0,0,0,0,0,
0,0,0,0,0,0,0,0,0,0,0,0,0,0,0,0,
0,0,0,0,0,0,0,0,0,0,0,0,0x12,0x12,0x12,0x12,
0x12,0x102,0x12,0x12,0x12,0x12,0x12,0x12,0x12,0x12,0x12,0x12,0x12,0x12,0x12,0x12,
0x12,0x12,0x12,0x12,0x12,0x12,0x12,0x12,0x12,0x12,0x12,0x12,0x4b,0x375,0x47a,0x47d,
0x37b,0x47d,0x471,0x36c,0x35d,0xa5,0x3d2,0xcc,0x495,0x339,0x36f,0x468,0x378,0x3a5,0x34b,0x34b,
0x363,0x84,0x36c,0x3f0,0x360,0x34b,0x3d2,0xcc,0x345,0x345,0x345,0x375,0x285,0x285,0x285,0x285,
0x285,0x285,0x3e7,0x285,0x285,0x285,0x285,0x285,0x285,0x285,0x285,0x285,0x3e7,0x285,0x285,0x285,
0x285,0x285,0x285,0x39c,0x3e7,0x285,0x285,0x285,0x285,0x285,0x3e7,0x3e1,0x3e4,0x3e4,0x27f,0x27f,
0x27f,0x27f,0x3e1,0x27f,0x3e4,0x3e4,0x3e4,0x27f,0x3e4,0x3e4,0x27f,0x27f,0x3e1,0x27f,0x3e4,0x3e4,
0x27f,0x27f,0x27f,0x39c,0x3e1,0x3e4,0x3e4,0x27f,0x3e4,0x27f,0x3e1,0x27f,0x285,0x3e4,0x285,0x27f,
0x285,0x27f,0x285,0x27f,0x285,0x27f,0x285,0x27f,0x285,0x27f,0x285,0x27f,0x282,0x3e1,0x285,0x3e4,
0x26d,0x267,0x285,0x27f,0x285,0x27f,0x285,0x3e4,0x285,0x27f,0x285,0x27f,0x285,0x27f,0x285,0x27f,
0x285,0x27f,0x3e7,0x3e1,0x285,0x27f,0x285,0x3e4,0x26d,0x267,0x285,0x27f,0x285,0x3e1,0x3de,0x3db,
0x285,0x27f,0x285,0x27f,0x3c6,0x285,0x27f,0x285,0x27f,0x285,0x27f,0x3de,0x3db,0x3e7,0x3e1,0x285,
0x3e4,0x285,0x27f,0x285,0x3e4,0x3ea,0x3e7,0x3e1,0x285,0x3e4,0x26d,0x267,0x285,0x27f,0x3e7,0x3e1,
0x285,0x27f,0x26d,0x267,0x285,0x27f,0x285,0x27f,0x285,0x27f,0x285,0x27f,0x285,0x27f,0x26d,0x267,
0x285,0x27f,0x3e7,0x3e1,0x285,0x27f,0x285,0x3e4,0x285,0x27f,0x285,0x27f,0x285,0x27f,0x285,0x27f,
0x285,0x27f,0x285,0x27f,0x285,0x285,0x27f,0x285,0x27f,0x285,0x27f,0x273,0x252,0x282,0x26a,0x264,
0x26a,0x264,0x282,0x26a,0x264,0x282,0x282,0x26a,0x264,0x25e,0x282,0x282,0x282,0x282,0x27c,0x26a,
0x282,0x264,0x282,0x282,0x282,0x27c,0x264,0x264,0x26a,0x282,0x264,0x26a,0x285,0x27f,0x26a,0x264,
0x26a,0x264,0x26a,0x26a,0x264,0x26a,0x25e,0x25e,0x26a,0x264,0x26a,0x285,0x27f,0x26a,0x282,0x282,
0x27c,0x26a,0x264,0x282,0x26a,0x24c,0x25e,0x261,0x26a,0x264,0x25e,0x24c,0x258,0x258,0x258,0x258,
0x279,0x279,0x273,0x279,0x279,0x273,0x279,0x279,0x273,0x285,0x3e4,0x285,0x3e4,0x285,0x3e4,0x285,
0x3e4,0x26d,0x3cc,0x26d,0x3cc,0x26d,0x3cc,0x26d,0x3cc,0x27c,0x26d,0x267,0x26d,0x267,0x26d,0x267,
0x26a,0x264,0x285,0x27f,0x285,0x27f,0x26d,0x267,0x26d,0x267,0x285,0x27f,0x267,0x279,0x279,0x273,
0x26d,0x267,0x7d1,0x7d1,0x7e9,0x7e6,0x26d,0x267,0x26d,0x267,0x26d,0x267,0x25b,0x255,0x25b,0x255,
0x25b,0x255,0x25b,0x255,0x25b,0x255,0x25b,0x255,0x25b,0x255,0x25b,0x255,0x25b,0x255,0x25b,0x255,
0x25b,0x255,0x25b,0x255,0x7e9,0x7e6,0x7e9,0x7e6,0x7d1,0x7ce,0x7e3,0x7dd,0x9b4,0xa80,0x7e0,0x7da,
0x7e0,0x7da,0x7e3,0x7dd,0x7e3,0x7dd,0x7e3,0x7dd,0x7e3,0x7dd,0x7e3,0x7dd,0x7e3,0x7dd,0x7e3,0x7dd,
0xa7d,0xa7d,0xa7d,0xb97,0xb97,0xb97,0xb9a,0xb9a,0xb97,0xb9a,0xb9a,0xb97,0xb97,0xb9a,0xc87,0xc8a,
0xc90,0xc8a,0xc8a,0xc87,0xc8a,0xc87,0xc8a,0xc87,0xc90,0xc8d,0xc8a,0xc87,0x252,0x3c9,0x252,0x27c,
0x27c,0x252,0x27c,0x27c,0x252,0x27c,0x252,0x27c,0x252,0x252,0x252,0x252,0x252,0x3c9,0x252,0x27c,
0x252,0x252,0x252,0x252,0x27c,0x27c,0x252,0x252,0x252,0x252,0x252,0x252,0x252,0x252,0x27c,0x252,
0x252,0x252,0x252,0x25e,0x252,0x252,0x252,0x252,0x25e,0x252,0x252,0x252,0x252,0x252,0x252,0x252,
0x252,0x252,0x252,0x252,0x252,0x27c,0x252,0x27c,0x270,0x252,0x252,0x252,0x252,0x252,0x27c,0x252,
0x258,0x258,0x252,0x252,0x252,0x252,0x252,0x252,0x252,0x252,0x25e,0x252,0x252,0x252,0x252,0x252,
0x252,0x252,0x252,0x252,0x252,0x7d4,0x7d4,0x7d4,0x7d4,0x7d4,0xa7d,0xa7d,0x288,0x288,0x288,0x288,
0x288,0x288,0x288,0x288,0x288,0x96,0x96,0x9c,0x2eb,0x96,0x96,0x96,0x93,0x93,0x6c,0x6c,
0x35a,0x6c,0x96,0x3f6,0x99,0x3f6,0x3f6,0x3f6,0x99,0x3f9,0x96,0x96,0x369,0x9f,0x6c,0x6c,
0x6c,0x6c,0x6c,0x2ee,0x35d,0x3f3,0x35d,0x35d,0x72,0x35d,0x6c,0x87c,0x288,0x288,0x288,0x288,
0x288,0x6c,0x6c,0x6c,0x6c,0x6c,0x780,0x780,0x76b,0x765,0x76b,0xa2c,0xa2c,0xa2c,0xa2c,0xa2c,
0xa2c,0xa2c,0xa2c,0xa2c,0xa2c,0xa2c,0xa2c,0xa2c,0xa2c,0xa2c,0xa2c,0xa2c,0x684,0x687,0x68a,0x690,
0x693,0x696,0x699,0x69c,0x69f,0x68d,0x6a2,0x6a5,0x6a8,0x6ae,0x6b1,0x675,0x6ab,0x6b4,0x675,0x6b7,
0x675,0x675,0x67b,0x675,0x675,0x675,0x675,0x681,0x675,0x675,0x675,0x675,0x675,0x67b,0x67b,0x6ba,
0x6bd,0x6c0,0x681,0x681,0x681,0x675,0x675,0x675,0x675,0x6c3,0x6c0,0x675,0x6c6,0x6c9,0x67b,0x675,
0x67b,0x675,0x67b,0x675,0x675,0x675,0x675,0x675,0x675,0x675,0x675,0x675,0x67e,0x67e,0x6cc,0x67e,
0x67e,0x6cf,0x906,0x906,0x906,0x906,0x906,0x906,0x906,0x906,0x906,0xa20,0xb0d,0xb0d,0xb0d,0xb0d,
0xb0d,0xb0d,0xb0d,0xb0d,0xc51,0xc4b,0xc4b,0xc4b,0xc4e,0xb10,0xb16,0xb10,0x678,0x678,0x909,0xa26,
0xa26,0xa26,0xa26,0xa26,0xa26,0xa26,0xa26,0xa26,0xa26,0xa26,0xa26,0xa26,0xd71,0xd6e,0xd71,0xd6e,
0x2f1,0x312,0xd71,0xd6e,0,0,0x1bc,0xc75,0xc75,0xc75,0x4e,0x12c3,0,0,0,0,
0x1b6,0x6f,0x1dd,0x78,0x1dd,0x1dd,0x1dd,0,0x1dd,0,0x1dd,0x1dd,0x1da,0x3c3,0x3c3,0x3c3,
0x3c3,0x3c3,0x3c3,0x3c3,0x3c3,0x3c3,0x3c3,0x3c3,0x3c3,0x3c3,0x3c3,0x3c3,0x3c3,0x3c3,0,0x3c3,
0x3c3,0x3c3,0x3c3,0x3c3,0x3c3,0x3c3,0x1dd,0x1dd,0x1da,0x1da,0x1da,0x1da,0x1da,0x3c0,0x3c0,0x3c0,
0x3c0,0x3c0,0x3c0,0x3c0,0x3c0,0x3c0,0x3c0,0x3c0,0x3c0,0x3c0,0x3c0,0x3c0,0x3c0,0x3c0,0x1d7,0x3c0,
0x3c0,0x3c0,0x3c0,0x3c0,0x3c0,0x3c0,0x1da,0x1da,0x1da,0x1da,0x1da,0xd74,0x1e0,0x1e0,0x1e3,0x1d4,
0x1d4,0x1e0,0x1d1,0x7aa,0x9b1,0x9ae,0x1c2,0x7a7,0x1c2,0x7a7,0x1c2,0x7a7,0x1c2,0x7a7,0x171,0x16e,
0x171,0x16e,0x171,0x16e,0x171,0x16e,0x171,0x16e,0x171,0x16e,0x171,0x16e,0x1e0,0x1e0,0x1d1,0x1c8,
0x936,0x933,0x9ab,0xa5c,0xa59,0xa62,0xa5c,0xa59,0xb8b,0xb88,0xb88,0xb88,0x78f,0x3ba,0x195,0x198,
0x195,0x195,0x195,0x198,0x195,0x195,0x195,0x195,0x198,0x78f,0x198,0x195,0x3b7,0x3b7,0x3b7,0x3b7,
0x3b7,0x3b7,0x3b7,0x3b7,0x3b7,0x3ba,0x3b7,0x3b7,0x3b7,0x3b7,0x3b7,0x3b7,0x3b7,0x3b7,0x3b7,0x3b7,
0x3b7,0x3b7,0x3b7,0x3b7,0x3b7,0x3b7,0x3b7,0x3b7,0x3b7,0x3b7,0x3b7,0x3b7,0x3b1,0x3b1,0x3b1,0x3b1,
0x3b1,0x3b1,0x3b1,0x3b1,0x3b1,0x3b4,0x3b1,0x3b1,0x3b1,0x3b1,0x3b1,0x3b1,0x3b1,0x3b1,0x3b1,0x3b1,
0x3b1,0x3b1,0x3b1,0x3b1,0x3b1,0x3b1,0x3b1,0x3b1,0x789,0x3b4,0x18f,0x192,0x18f,0x18f,0x18f,0x192,
0x18f,0x18f,0x18f,0x18f,0x192,0x789,0x192,0x18f,0x17d,0x177,0x17d,0x177,0x17d,0x177,0x17d,0x177,
0x17d,0x177,0x17d,0x177,0x17d,0x177,0x17d,0x177,0x17d,0x177,0x17d,0x177,0x17d,0x177,0x180,0x17a,
0x17d,0x177,0x17d,0x177,0x17d,0x177,0x17d,0x177,0x17d,0x177,0x174,0x66f,0x672,0x660,0x660,0xed3,
0x8bb,0x8bb,0x9a5,0x9a2,0x78c,0x786,0x78c,0x786,0x195,0x18f,0x195,0x18f,0x195,0x18f,0x195,0x18f,
0x195,0x18f,0x195,0x18f,0x17d,0x177,0x195,0x18f,0x195,0x18f,0x195,0x18f,0x195,0x18f,0x17d,0x177,
0x195,0x18f,0x195,0x18f,0x195,0x18f,0x195,0x18f,0x195,0x18f,0x195,0x18f,0x195,0x18f,0x195,0x18f,
0x17d,0x177,0x195,0x18f,0x195,0x18f,0x195,0x18f,0x195,0x18c,0x186,0x189,0x183,0x9a5,0x9a2,0x189,
0x183,0x9a5,0x9a2,0x189,0x183,0x9a5,0x9a2,0xc72,0x198,0x192,0x198,0x192,0x195,0x18f,0x198,0x192,
0x195,0x18f,0x18c,0x186,0x198,0x192,0x198,0x192,0x195,0x18f,0x198,0x192,0x198,0x192,0x198,0x192,
0x195,0x18f,0x18c,0x186,0x78f,0x789,0x198,0x192,0x198,0x192,0x198,0x192,0x198,0x192,0xb67,0xb64,
0x198,0x192,0xc6f,0xc6c,0xc6f,0xc6c,0xc6f,0xc6c,0x99f,0x99c,0x99f,0x99c,0x99f,0x99c,0x99f,0x99c,
0x99f,0x99c,0x99f,0x99c,0x99f,0x99c,0x99f,0x99c,0xc6f,0xc6c,0xc6f,0xc6c,0xd62,0xd5c,0xd62,0xd5c,
0xd62,0xd5c,0xd62,0xd5c,0xd62,0xd5c,0xd62,0xd5c,0xd62,0xd5c,0xd62,0xd5c,0xefa,0xef7,0x10d4,0x10d1,
0x12b7,0x12b4,0x12b7,0x12b4,0x12b7,0x12b4,0x12b7,0x12b4,0,0x153,0x153,0x153,0x153,0x153,0x153,0x153,
0x153,0x153,0x153,0x153,0x153,0x153,0x153,0x153,0x153,0x153,0x153,0x153,0x153,0x153,0x153,0x153,
0x153,0x153,0x153,0,0x1ad9,0x156,0x144,0x144,0x144,0x14a,0x144,0x147,0x1683,0x150,0x150,0x150,
0x150,0x150,0x150,0x150,0x150,0x150,0x150,0x150,0x150,0x150,0x150,0x150,0x150,0x150,0x150,0x150,
0x150,0x150,0x150,0x150,0x150,0x150,0x150,0x150,0x150,0x150,0x150,0x150,0x150,0x150,0x150,0x14d,
0x1683,0x315,0x77d,0x1ad9,0x1ad9,0x12ae,0x12ae,0x11a6,0,0x738,0x738,0x738,0x738,0x738,0x738,0x738,
0x738,0x738,0x738,0x738,0x738,0x738,0x738,0x738,0x738,0x738,0xc33,0x738,0x738,0x738,0x738,0x738,
0x738,0x738,0x738,0x738,0x738,0x738,0x738,0x738,0x61b,0x61b,0x61b,0x61b,0x61b,0x61b,0x61b,0x61b,
0x61b,0x61b,0xcf0,0x61b,0x61b,0x61b,0x213,0x61e,0x20a,0x61b,0x61b,0x216,0x73b,0xc36,0xb91,0xc36,
0x1b4b,0x1b4b,0,0,0,0,0,0,0x228,0x228,0x228,0x228,0x228,0x228,0x228,0x228,
0x228,0x228,0x228,0x228,0x228,0x228,0x228,0x228,0x228,0x228,0x228,0x228,0x228,0x228,0x228,0x228,
0x228,0x228,0x228,0,0,0,0,0x168f,0x21c,0x21c,0x21c,0x210,0x20d,0,0,0,
0,0,0,0,0,0,0,0,0xa47,0xa47,0xa47,0xa47,0x11a3,0x12a5,0xd4a,0xd4a,
0xd4a,0xd47,0xd47,0xb40,0x2f7,0xa41,0xa3e,0xa3e,0xaf2,0xaf2,0xaf2,0xaf2,0xaf2,0xaef,0xe88,0xe8b,
0xe8b,0xe8b,0xe8b,0x2f4,0x1278,0x187b,0xb49,0x2fa,0x10ce,0x138,0x13b,0x13b,0x13b,0x13b,0x13b,0x138,
0x138,0x138,0x138,0x138,0x138,0x138,0x138,0x138,0x138,0x138,0x138,0x138,0x138,0x138,0x138,0x138,
0x138,0x138,0x138,0xd4d,0xd4d,0xd53,0xd4d,0xd4d,0x2fd,0x138,0x138,0x138,0x138,0x138,0x138,0x138,
0x138,0x138,0x138,0x666,0x666,0x666,0x666,0x666,0x666,0x666,0x666,0x900,0x903,0x903,0xaf8,0xaf8,
0xaf5,0xc27,0xc27,0xc27,0xc2a,0xc27,0xc27,0x1161,0x318,0x318,0x318,0x318,0x318,0x318,0x318,0x318,
0x318,0x318,0x117,0x114,0x111,0x10e,0x996,0x996,0x663,0x123,0x138,0x141,0x138,0x129,0x129,0x129,
0x129,0x138,0x138,0x138,0x138,0x138,0x138,0x138,0x138,0x138,0x138,0x138,0x138,0x138,0x138,0x138,
0x138,0x138,0x138,0x138,0x120,0x138,0x138,0x138,0x138,0x138,0x138,0x138,0x138,0x138,0x138,0x126,
0x126,0x126,0x126,0x138,0x138,0x126,0x138,0x126,0x138,0x138,0x138,0x138,0x138,0x138,0x138,0x138,
0x120,0x138,0x138,0x138,0x138,0x138,0x126,0x138,0x126,0x138,0x138,0x138,0x777,0x777,0x138,0x138,
0x138,0x138,0x138,0x777,0x13b,0x138,0x13b,0x138,0x138,0x138,0x138,0x138,0x138,0x138,0x138,0x138,
0x138,0x138,0x138,0x77a,0x138,0x138,0x138,0x13b,0x31b,0x138,0x5e5,0x5e5,0x5e5,0x5e5,0x5e5,0x5e5,
0x5e5,0x108,0x10e,0x5e8,0x5e8,0x5e5,0x5eb,0x5e5,0x5e5,0x13e,0x13e,0x5e5,0x5e5,0x10e,0x5e8,0x5e8,
0x5e8,0x5e5,0xa44,0xa44,0x11a,0x11a,0x11a,0x11a,0x11a,0x11a,0x11a,0x11a,0x11a,0x11a,0x777,0x777,
0x777,0x774,0x774,0xa44,0x849,0x849,0x849,0x843,0x843,0x843,0x843,0x843,0x843,0x843,0x843,0x840,
0x843,0x840,0,0x84c,0x846,0x8eb,0x846,0x846,0x846,0x846,0x846,0x846,0x846,0x846,0x846,0x846,
0x846,0x846,0x846,0x846,0x846,0x846,0x846,0x846,0x846,0x846,0x846,0x846,0x846,0x846,0x846,0x846,
0x846,0xa8c,0xa8c,0xa8c,0x8f1,0x8f1,0x8f1,0x8f1,0x8f1,0x8f1,0x8f1,0x8f1,0x8f1,0x8f1,0x8f1,0x8f1,
0x8f1,0x8f1,0x8f1,0x8f1,0x8ee,0x8ee,0x8ee,0x8ee,0x8ee,0x8ee,0x8ee,0x8ee,0x8ee,0x8ee,0x8ee,0,
0,0xa8c,0xa8c,0xa8c,0xb43,0xb46,0xb46,0xb43,0xb43,0xb43,0xb46,0xb43,0xb43,0xb43,0xb43,0xb43,
0xb43,0xb43,0xb43,0xb43,0xb46,0xb43,0xb46,0xb46,0xb43,0xb43,0xb46,0xb46,0xb46,0xb43,0xb46,0xb43,
0xb43,0xb43,0xd53,0xd53,0xd53,0xd53,0xd50,0xd50,0xd50,0xd50,0xd50,0xd50,0xd50,0xd50,0xd50,0xd50,
0xd50,0xd50,0xd4d,0xd4d,0x84f,0x84f,0x84f,0x84f,0x84f,0x84f,0x84f,0x84f,0x84f,0x84f,0x84f,0x84f,
0x84f,0x84f,0x84f,0x84f,0x84f,0x84f,0x84f,0x84f,0x84f,0x84f,0x84f,0x84f,0x84f,0x84f,0x84f,0x84f,
0x84f,0x84f,0x84f,0x84f,0x84f,0x84f,0x84f,0x84f,0x84f,0x84f,0x8f4,0x8f4,0x8f4,0x8f4,0x8f4,0x8f4,
0x8f4,0x8f4,0x8f4,0x8f4,0x8f4,0x9ba,0,0,0,0,0,0,0,0,0,0,
0,0,0,0,0xcb4,0xcb4,0xcb4,0xcb4,0xcb4,0xcb4,0xcb4,0xcb4,0xcb4,0xcb4,0xcb7,0xcb7,
0xcb7,0xcb7,0xcb7,0xcb7,0xcb7,0xcb7,0xcb7,0xcb7,0xcb7,0xcb7,0xcb7,0xcb7,0xcb7,0xcb7,0xcb7,0xcb7,
0xcb7,0xcb7,0xcb7,0xcb7,0xcb7,0xcb7,0xcb7,0xcb7,0xcb7,0xcb7,0xcb7,0xcb7,0xcba,0xcba,0xcba,0xd02,
0xd02,0xd02,0xd02,0xd02,0xd02,0xd02,0xd02,0xd02,0xcbd,0xcbd,0xcae,0xcae,0xcb1,0xcc3,0xcc0,0,
0,0x171c,0x16a4,0x16a4,0x107d,0x107d,0x107d,0x107d,0xfa5,0x107d,0x107d,0x107d,0xfa5,0x107d,0x107d,0x107d,
0x107d,0x107a,0,0,0xfa2,0xfa2,0xfa2,0xfa2,0xfa2,0xfa2,0xf9f,0xfa8,0xfa2,0xfa8,0xfa2,0xfa2,
0xfa2,0xfa8,0xfa8,0,0x111f,0x111f,0x111f,0x111f,0x111f,0x111f,0x111f,0x111f,0x111f,0x111f,0x111f,0x111f,
0x111f,0x111f,0x111f,0x111f,0x111f,0x111f,0x111f,0x111f,0x111f,0x111f,0x111f,0x111f,0x111f,0x117f,0x117f,0x117f,
0,0,0x111c,0,0x15f0,0x15f0,0x15f0,0x15f0,0x15f0,0x15f0,0x15f0,0x15f0,0x15f0,0x15f0,0x15f0,0,
0,0,0,0,0x1872,0x1872,0x1872,0x1872,0x1872,0x1872,0x1872,0x1872,0x1872,0x1872,0x1872,0x1872,
0x1872,0x1872,0x1872,0x1872,0x186c,0x1875,0x1875,0x1875,0x1875,0x1875,0x186f,0x1a6a,0x187e,0x187e,0,0,
0,0,0,0x1a1f,0x18f3,0x18f3,0x18f3,0x18f3,0x18f3,0x18f3,0x18f3,0x18f3,0x12b1,0x5f4,0x15f,0x15f,
0,0x16b,0x16b,0x16b,0x16b,0x16b,0x16b,0x16b,0x168,0,0,0x16b,0x16b,0,0,0x16b,
0x16b,0x5b5,0x5b5,0x5b5,0x5b5,0x5b5,0x5b5,0x5b5,0x5b5,0x5b5,0x5b5,0x5b5,0x5b5,0,0x5b5,0x5b5,
0x5b5,0x5b5,0x5b5,0x5b5,0x5b5,0,0x5b5,0,0,0,0x5b5,0x5b5,0x5b5,0x5b5,0,0,
0x5f7,0xa4a,0x5f4,0x15f,0x15f,0x5f4,0x5f4,0x5f4,0x5f4,0,0,0x15f,0x15f,0,0,0x162,
0x162,0x6de,0xb4c,0,0,0,0,0,0,0,0,0x5f1,0,0,0,0,
0x5b2,0x5b2,0,0x5b2,0x165,0x165,0x5ee,0x5ee,0,0,0x321,0x321,0x321,0x321,0x321,0x321,
0x321,0x321,0x321,0x321,0x5b5,0x5b5,0x15c,0x15c,0x159,0x159,0x159,0x159,0x159,0x15c,0x159,0xeee,
0x15ea,0x15e7,0x1713,0,0,0xafe,0x60f,0xa74,0,0x1fe,0x1fe,0x1fe,0x1fe,0x1fe,0x1fe,0,
0,0,0,0x1fe,0x1fe,0,0,0x1fe,0x1fe,0x1fe,0x1fe,0x1fe,0x1fe,0x1fe,0x1fe,0x1fe,
0x1fe,0x1fe,0x1fe,0x1fe,0x1fe,0,0x1fe,0x1fe,0x1fe,0x1fe,0x1fe,0x1fe,0x1fe,0,0x1fe,0x1fb,
0,0x1fe,0x1fb,0,0x1fe,0x1fe,0,0,0x612,0,0x1f2,0x1f2,0x1f2,0x60f,0x60f,0,
0,0,0,0x60f,0x60f,0,0,0x60f,0x60f,0x618,0,0,0,0xe97,0,0,
0,0,0,0,0,0x1fb,0x1fb,0x1fb,0x1fe,0,0x1fb,0,0,0,0,0,
0,0,0x324,0x324,0x324,0x324,0x324,0x324,0x324,0x324,0x324,0x324,0x60f,0x615,0x1f8,0x1f8,
0x1f5,0xe97,0x168c,0,0,0,0,0,0,0,0,0,0,0x606,0x609,0x1e6,
0,0x1ef,0x1ef,0x1ef,0x1ef,0x1ef,0x1ef,0x1ef,0xa71,0x1ef,0,0x1ef,0x1ef,0x1ef,0,0x1ef,
0x1ef,0x5c4,0x5c4,0x5c4,0x5c4,0x5c4,0x5c4,0x5c4,0x5c4,0x5c4,0x5c4,0x5c4,0x5c4,0,0x5c4,0x5c4,
0x5c4,0x5c4,0x5c4,0x5c4,0x5c4,0,0x5c4,0x5c4,0,0x5c4,0x5c4,0x5c4,0x5c4,0x5c4,0,0,
0x60c,0x1e9,0x1e6,0x1e6,0x1e6,0x609,0x609,0x609,0x609,0x609,0,0x609,0x609,0x1e6,0,0x1e6,
0x1e6,0x6e4,0,0,0x1ec,0,0,0,0,0,0,0,0,0,0,0,
0,0,0,0,0x1e9,0xa6e,0xafb,0xafb,0,0,0x327,0x327,0x327,0x327,0x327,0x327,
0x327,0x327,0x327,0x327,0x11b8,0xa6b,0,0,0,0,0,0,0,0x14fd,0x163e,0x1644,
0x163e,0x1641,0x1641,0x1641,0,0x639,0x2a6,0x2a6,0,0x2b2,0x2b2,0x2b2,0x2b2,0x2b2,0x2b2,0x2b2,
0x2af,0,0,0x2b2,0x2b2,0,0,0x2b2,0x2b2,0x5cd,0x5cd,0x5cd,0x5cd,0x5cd,0x5cd,0x5cd,
0x5cd,0x5cd,0x5cd,0x5cd,0x5cd,0,0x5cd,0x5cd,0x5cd,0x5cd,0x5cd,0x5cd,0x5cd,0,0x5cd,0x5cd,
0,0xae9,0x5cd,0x5cd,0x5cd,0x5cd,0,0,0x63c,0x2ac,0x639,0x639,0x2a6,0x639,0x639,0x639,
0xea9,0,0,0x2a6,0x2a9,0,0,0x2a9,0x2a9,0x6ea,0,0,0,0,0,0x1b4e,
0x1b51,0x1839,0x639,0x636,0,0,0,0,0x5ca,0x5ca,0,0x5cd,0x2ac,0x2ac,0xea9,0xea9,
0,0,0x2a3,0x2a3,0x2a3,0x2a3,0x2a3,0x2a3,0x2a3,0x2a3,0x2a3,0x2a3,0x2a0,0xaec,0x10f2,0x10f2,
0x10f2,0x10f2,0x10f2,0x10f2,0,0,0,0,0,0,0,0,0,0,0x63f,0x32a,
0,0x2bb,0x2bb,0x2bb,0x2bb,0x2bb,0x2bb,0,0,0,0x2bb,0x2bb,0x2bb,0,0x2bb,0x2bb,
0x2be,0x2bb,0,0,0,0x2bb,0x2bb,0,0x2bb,0,0x2bb,0x2bb,0,0,0,0x2bb,
0x2bb,0,0,0,0x2bb,0x2bb,0x2bb,0,0,0,0x2bb,0x2bb,0x2bb,0x2bb,0x2bb,0x2bb,
0x2bb,0x2bb,0xba3,0x2bb,0x2bb,0x2bb,0,0,0,0,0x645,0x2b5,0x645,0x2b5,0x2b5,0,
0,0,0x2b5,0x2b5,0x2b5,0,0x2b8,0x2b8,0x2b8,0x648,0,0,0xdbf,0,0,0,
0,0,0,0x642,0,0,0,0,0,0,0,0,0,0,0xbee,0x330,
0x330,0x330,0x330,0x330,0x330,0x330,0x330,0x330,0x32d,0x32d,0x32d,0xac8,0xa8f,0xa8f,0xa8f,0xa8f,
0xa8f,0xa92,0xa8f,0,0,0,0,0,0x1416,0x2c4,0x2c7,0x2c7,0x1719,0x2d0,0x2d0,0x2d0,
0x2d0,0x2d0,0x2d0,0x2d0,0x2cd,0,0x2d0,0x2d0,0x2d0,0,0x2d0,0x2d0,0x2d0,0x5d3,0x5d3,0x5d3,
0x5d3,0x5d3,0x5d3,0x5d3,0x5d3,0x5d3,0x5d3,0x5d3,0x5d3,0,0x5d3,0x5d3,0x5d3,0x5d3,0x5d3,0x5d3,
0x5d3,0x5d0,0x5d3,0x5d3,0x13f5,0x5d3,0x5d3,0x5d3,0x5d3,0x5d3,0,0,0x18f9,0xdc5,0x64e,0x64e,
0x64e,0x2c7,0x2c7,0x2c7,0x2c7,0,0x64e,0x64e,0x651,0,0x64e,0x64e,0x64e,0x6ed,0,0,
0,0,0,0,0,0x64b,0x64b,0,0xe6a,0xe6a,0x1500,0,0x1a7c,0x189f,0,0,
0x2ca,0x2ca,0xeac,0xeac,0,0,0x2c1,0x2c1,0x2c1,0x2c1,0x2c1,0x2c1,0x2c1,0x2c1,0x2c1,0x2c1,
0,0,0,0,0,0,0,0x1764,0xdc2,0xdc2,0xdc2,0xdc2,0xdc2,0xdc2,0xdc2,0xdc2,
0x153f,0x140a,0x22e,0x22e,0x1692,0x234,0x234,0x234,0x234,0x234,0x234,0x234,0x231,0,0x234,0x234,
0x234,0,0x234,0x234,0x234,0x234,0x234,0x234,0x234,0x234,0x234,0x234,0x234,0x234,0x234,0x234,
0x234,0,0x234,0x234,0x234,0x234,0x234,0x234,0x234,0x231,0x234,0x234,0,0x234,0x234,0x234,
0x234,0x234,0,0,0xb01,0xa77,0x22e,0x624,0x627,0x22e,0x624,0x22e,0x22b,0,0x624,0x627,
0x627,0,0x627,0x627,0x624,0x62a,0,0,0,0,0,0,0,0x621,0x621,0,
0,0,0,0,0x1a6d,0x1884,0x231,0,0x231,0x231,0xcf3,0xcf3,0,0,0x333,0x333,
0x333,0x333,0x333,0x333,0x333,0x333,0x333,0x333,0,0xc78,0xc78,0x1920,0,0,0,0,
0,0,0,0,0,0,0,0,0x1647,0x140d,0x291,0x291,0x17f1,0x29d,0x29d,0x29d,
0x29d,0x29d,0x29d,0x29d,0x29a,0,0x29d,0x29d,0x29d,0,0x29d,0x29d,0x29d,0x5c7,0x5c7,0x5c7,
0x5c7,0x5c7,0x5c7,0x5c7,0x5c7,0x5c7,0x5c7,0x5c7,0x291,0x633,0x633,0x633,0xe9a,0,0x291,0x291,
0x291,0,0x294,0x294,0x28e,0x6e7,0x10ef,0x1545,0,0,0,0,0x1548,0x1548,0x1548,0x633,
0x1545,0x1545,0x1545,0x1545,0x1545,0x1545,0x1545,0x149d,0x297,0x297,0xe9a,0xe9a,0,0,0x28b,0x28b,
0x28b,0x28b,0x28b,0x28b,0x28b,0x28b,0x28b,0x28b,0xd9b,0xd9b,0xd9b,0xd9b,0xd9b,0xd9b,0x1545,0x1545,
0x1545,0xd9e,0xda4,0xda4,0xda4,0xda4,0xda4,0xda4,0,0x183c,0x82e,0x82e,0,0x83d,0x83d,0x83d,
0x83d,0x83d,0x83d,0x83d,0x83d,0x83d,0x837,0x83a,0x83a,0x83d,0x83d,0x83d,0x83d,0x83d,0x83d,0,
0,0,0x83d,0x83d,0x83d,0x83d,0x834,0x83d,0x83d,0x83d,0x83d,0x83d,0x83d,0x83d,0x83d,0x83d,
0x83d,0x83d,0x83d,0x83d,0x83d,0x83d,0x83d,0x83d,0x83d,0x83d,0,0x83d,0x83d,0x83d,0x83d,0x83d,
0x83d,0x83d,0x83d,0x83d,0,0x83d,0,0,0x83d,0x83d,0x83d,0x83d,0x83d,0x83d,0x83d,0,
0,0,0x8e8,0,0,0,0,0x8e5,0x82e,0x82e,0x8e5,0x8e5,0x8e5,0,0x8e5,0,
0x82e,0x82e,0x831,0x82e,0x831,0x831,0x831,0x8e2,0,0,0,0,0,0,0x12e4,0x12e4,
0x12e4,0x12e4,0x12e4,0x12e4,0x12e4,0x12e4,0x12e4,0x12e4,0,0,0x82e,0x82b,0x828,0,0,0,
0,0,0,0,0,0,0,0,0,0x2df,0x2df,0x2df,0x2df,0x2df,0x2df,0x2df,
0x2df,0x2df,0x2df,0x2df,0x2df,0x2df,0x2df,0x2df,0x2df,0x2df,0x2df,0x2df,0x2df,0x2df,0x2df,0x2df,
0x2df,0x2df,0x2df,0x2df,0x2df,0x2df,0x2df,0x2df,0x2df,0x654,0x2df,0x2dc,0x654,0x654,0x654,0x654,
0x654,0x654,0x65d,0,0,0,0,0x2a,0x2e5,0x2e5,0x2e5,0x2e5,0x2e5,0x2df,0x2e2,0x65a,
0x65a,0x65a,0x65a,0x65a,0x65a,0x654,0x657,0x2d3,0x2d9,0x2d9,0x2d9,0x2d9,0x2d9,0x2d9,0x2d9,0x2d9,
0x2d9,0x2d9,0x2d6,0x2d6,0,0,0,0,0,0x243,0x243,0,0x243,0,0x1749,0x243,
0x243,0x1749,0x243,0,0x1749,0x243,0x1749,0x1749,0x1749,0x1749,0x1749,0x1749,0x243,0x243,0x243,0x243,
0x1749,0x243,0x243,0x243,0x243,0x243,0x243,0x243,0x1749,0x243,0x243,0x243,0,0x243,0,0x243,
0x1749,0x1749,0x243,0x243,0x1749,0x243,0x243,0x23d,0x243,0x62d,0x243,0x23a,0x62d,0x62d,0x62d,0x62d,
0x62d,0x62d,0x17be,0x62d,0x62d,0x243,0,0,0x249,0x249,0x249,0x249,0x249,0,0x246,0,
0x630,0x630,0x630,0x630,0x630,0x62d,0x1965,0,0x237,0x237,0x237,0x237,0x237,0x237,0x237,0x237,
0x237,0x237,0,0,0x240,0x240,0x11bb,0x11bb,0x726,0x726,0x726,0x723,0x726,0x726,0x726,0x726,
0,0x726,0x726,0x726,0x726,0x723,0x726,0x726,0x726,0x726,0x723,0x726,0x726,0x726,0x726,0x723,
0x726,0x726,0x726,0x726,0x723,0x726,0x726,0x726,0x726,0x726,0x726,0x726,0x726,0x726,0x726,0x726,
0x726,0x723,0x858,0xdd1,0xdd1,0,0,0,0,0x741,0x741,0x73e,0x741,0x73e,0x73e,0x753,
0x73e,0x753,0x741,0x741,0x741,0x741,0x741,0x717,0x741,0x73e,0x74d,0x74d,0x750,0x6f9,0x744,0x744,
0x71d,0x71d,0x71d,0x71d,0x10f8,0x116a,0x116a,0x116a,0x741,0x741,0x741,0x73e,0x741,0x741,0x8fa,0x741,
0,0x741,0x741,0x741,0x741,0x73e,0x741,0x741,0x741,0x741,0x73e,0x741,0x741,0x741,0x741,0x73e,
0x741,0x741,0x741,0x741,0x73e,0x741,0x8f7,0x8f7,0x8f7,0x741,0x741,0x741,0x741,0x741,0x741,0x741,
0x8fa,0x73e,0x8fa,0x8fa,0x8fa,0,0x855,0x855,0x852,0x852,0x852,0x852,0x852,0x852,0x8fd,0x852,
0x852,0x852,0x852,0x852,0x852,0,0xdc8,0x852,0xba6,0xba6,0xdcb,0xdce,0xdc8,0xed9,0xed9,0xed9,
0xed9,0x10f5,0x10f5,0,0,0,0,0,0x1ad,0x1ad,0x1ad,0x1ad,0x1ad,0x1ad,0,0x11b5,
0,0,0,0,0,0x11b5,0,0,0x1b0,0x1b0,0x1b0,0x1b0,0x1b0,0x1b0,0x1b0,0x1b0,
0x1b0,0x1b0,0x1b0,0x1b0,0x1b0,0x1b0,0x1b0,0x1b0,0x7a1,0x7a1,0x7a1,0x7a1,0x7a1,0x7a1,0x7a1,0xb73,
0x7a1,0,0x7a1,0x7a1,0x7a1,0x7a1,0,0,0x7a1,0x7a1,0x7a1,0x7a1,0x7a1,0x7a1,0x7a1,0,
0x7a1,0,0x7a1,0x7a1,0x7a1,0x7a1,0,0,0x7a1,0x7a1,0x7a1,0x7a1,0x7a1,0x7a1,0x7a1,0xb70,
0x7a1,0,0x7a1,0x7a1,0x7a1,0x7a1,0,0,0x7a1,0x7a1,0x7a1,0x7a1,0x7a1,0x7a1,0x7a1,0x7a1,
0x7a1,0x7a1,0x7a1,0x7a1,0x7a1,0x7a1,0x7a1,0x7a1,0x7a1,0x7a1,0x7a1,0xb70,0x7a1,0,0x7a1,0x7a1,
0x7a1,0x7a1,0,0,0x7a1,0x7a1,0x7a1,0x7a1,0x7a1,0x7a1,0x7a1,0,0x7a1,0,0x7a1,0x7a1,
0x7a1,0x7a1,0,0,0x7a1,0x7a1,0x7a1,0x7a1,0x7a1,0x7a1,0x7a1,0xb73,0x7a1,0x7a1,0x7a1,0x7a1,
0x7a1,0x7a1,0x7a1,0,0x7a1,0x7a1,0x7a1,0x7a1,0x7a1,0x7a1,0x7a1,0x7a1,0x7a1,0x7a1,0x7a1,0x7a1,
0x7a1,0x7a1,0x7a1,0xb70,0x7a1,0,0x7a1,0x7a1,0x7a1,0x7a1,0,0,0x7a1,0x7a1,0x7a1,0x7a1,
0x7a1,0x7a1,0x7a1,0xb70,0x7a1,0x7a1,0x7a1,0x7a1,0x7a1,0x7a1,0x7a1,0x7a1,0x7a1,0x7a1,0x7a1,0x7a1,
0x7a1,0x7a1,0x7a1,0x7a1,0x7a1,0x7a1,0x79e,0,0,0x1167,0x1167,0xc2d,0xb6d,0x798,0x7a4,0x795,
0x795,0x795,0x795,0x7a4,0x7a4,0x79b,0x79b,0x79b,0x79b,0x79b,0x79b,0x79b,0x79b,0x79b,0x792,0x792,
0x792,0x792,0x792,0x792,0x792,0x792,0x792,0x792,0x792,0,0,0,0xb70,0xb70,0xb70,0xb70,
0xb70,0xb70,0xb70,0xb70,0xb70,0xb70,0xb70,0xb70,0xb70,0xb70,0xb70,0xb70,0xb6d,0xb6d,0xb6d,0xb6d,
0xb6d,0xb6d,0xb6d,0xb6d,0xb6d,0xb6d,0,0,0,0,0,0,0x783,0x783,0x783,0x783,
0x783,0x783,0x783,0x783,0x783,0x783,0x783,0x783,0x783,0x783,0x783,0x783,0x783,0x783,0x783,0x783,
0x783,0x148b,0,0,0x1488,0x1488,0x1488,0x1488,0x1488,0x1488,0,0,0x81f,0x822,0x822,0x822,
0x822,0x822,0x822,0x822,0x822,0x822,0x822,0x822,0x822,0x822,0x822,0x822,0x822,0x822,0x822,0x822,
0x822,0x822,0x822,0x822,0x822,0x822,0x822,0x81c,0x819,0,0,0,0x825,0x825,0x825,0x825,
0x825,0x825,0x825,0x825,0x825,0x825,0x825,0x86a,0x86a,0x86a,0x825,0x825,0x825,0x12de,0x12de,0x12de,
0x12de,0x12de,0x12de,0x12de,0x12de,0,0,0,0,0,0,0,0x9bd,0x9bd,0x9bd,0x9bd,
0x9bd,0x9bd,0x9bd,0x9bd,0x9bd,0x9bd,0x9bd,0x9bd,0x9bd,0x18a5,0x9bd,0x9bd,0x9bd,0x9bd,0xa0e,0xa0e,
0xa11,0x18fc,0,0,0,0,0,0,0,0,0,0x18a5,0x9c0,0x9c0,0x9c0,0x9c0,
0x9c0,0x9c0,0x9c0,0x9c0,0x9c0,0x9c0,0x9c0,0x9c0,0x9c0,0x9c0,0x9c0,0x9c0,0x9c0,0x9c0,0xa14,0xa14,
0xa17,0x9c9,0x9c9,0,0,0,0,0,0,0,0,0,0x9c3,0x9c3,0x9c3,0x9c3,
0x9c3,0x9c3,0x9c3,0x9c3,0x9c3,0x9c3,0x9c3,0x9c3,0x9c3,0x9c3,0x9c3,0x9c3,0x9c3,0x9c3,0xa1a,0xa1a,
0,0,0,0,0,0,0,0,0,0,0,0,0x9c6,0x9c6,0x9c6,0x9c6,
0x9c6,0x9c6,0x9c6,0x9c6,0x9c6,0x9c6,0x9c6,0x9c6,0x9c6,0,0x9c6,0x9c6,0x9c6,0,0xa1d,0xa1d,
0,0,0,0,0,0,0,0,0,0,0,0,0x7c2,0x7c2,0x7c2,0x7c2,
0x7c2,0x7c2,0x8be,0x7c2,0x7c2,0x8ca,0x8ca,0x8ca,0x8ca,0x8ca,0x8c4,0x8c4,0x8ca,0x8c7,0x90c,0x8c1,
0x7cb,0x7cb,0x7bc,0x7c8,0x7b6,0x7b0,0x7b9,0x7b3,0x7c5,0xb04,0,0,0x7bf,0x7bf,0x7bf,0x7bf,
0x7bf,0x7bf,0x7bf,0x7bf,0x7bf,0x7bf,0,0,0,0,0,0,0xa7a,0xa7a,0xa7a,0xa7a,
0xa7a,0xa7a,0xa7a,0xa7a,0xa7a,0xa7a,0,0,0,0,0,0,0x7ef,0x7ef,0x870,0x873,
0x7f5,0x86d,0x7f2,0x7ef,0x7f8,0x807,0x7fb,0x8d6,0x8d6,0x8d6,0x7ec,0x18f6,0x7fe,0x7fe,0x7fe,0x7fe,
0x7fe,0x7fe,0x7fe,0x7fe,0x7fe,0x7fe,0,0,0,0,0,0,0x801,0x801,0x801,0x801,
0x801,0x801,0x801,0x801,0x801,0x801,0x801,0x801,0x801,0x801,0x801,0x801,0x801,0x801,0x801,0x801,
0x801,0x801,0x801,0x801,0x169e,0,0,0,0,0,0,0,0x801,0x801,0x801,0x801,
0x801,0x801,0x801,0x801,0x801,0x8d0,0xda7,0,0,0,0,0,0xf24,0xf24,0xf24,0xf24,
0xf24,0xf24,0xf24,0xf24,0xf24,0xf24,0xf24,0xf24,0xf24,0xf24,0xf24,0xf24,0xf24,0xf24,0xf24,0xf24,
0xf24,0xf24,0,0,0,0,0,0,0,0,0,0,0xaa1,0xaa1,0xaa1,0xaa1,
0xaa1,0xaa1,0xaa1,0xaa1,0xaa1,0xaa1,0xaa1,0xaa1,0xaa1,0xaa1,0xaa1,0xaa1,0xaa1,0xaa1,0xaa1,0xaa1,
0xaa1,0xaa1,0xaa1,0xaa1,0xaa1,0xaa1,0xaa1,0xaa1,0xaa1,0x12e7,0x12e7,0,0xb07,0xb07,0xb07,0xa9e,
0xa9e,0xa9e,0xa9e,0xb07,0xb07,0xa9e,0xa9e,0xa9e,0,0,0,0,0xa9e,0xa9e,0xb07,0xa9e,
0xa9e,0xa9e,0xa9e,0xa9e,0xa9e,0xb0a,0xb0a,0xb0a,0,0,0,0,0xa98,0,0,0,
0xaa4,0xaa4,0xa9b,0xa9b,0xa9b,0xa9b,0xa9b,0xa9b,0xa9b,0xa9b,0xa9b,0xa9b,0xab3,0xab3,0xab3,0xab3,
0xab3,0xab3,0xab3,0xab3,0xab3,0xab3,0xab3,0xab3,0xab3,0xab3,0xab3,0xab3,0xab3,0xab3,0,0,
0xab3,0xab3,0xab3,0xab3,0xab3,0,0,0,0,0,0,0,0,0,0,0,
0xbd0,0xbd0,0xbd0,0xbd0,0xbd0,0xbd0,0xbd0,0xbd0,0xbd0,0xbd0,0xf2a,0xf2a,0,0,0,0,
0xbd0,0xbd0,0xbd0,0xbd0,0xbd0,0xbd3,0xbd3,0xbd3,0xbd0,0xbd0,0xbd3,0xbd0,0xbd0,0xbd0,0xbd0,0xbd0,
0xbd0,0xbd0,0xbd0,0xbd0,0xbd0,0xbd0,0,0,0,0,0,0,0xbcd,0xbcd,0xbcd,0xbcd,
0xbcd,0xbcd,0xbcd,0xbcd,0xbcd,0xbcd,0xf27,0,0,0,0xbca,0xbca,0xbaf,0xbaf,0xbaf,0xbaf,
0xbaf,0xbaf,0xbaf,0xbaf,0xbaf,0xbaf,0xbaf,0xbaf,0xbaf,0xbaf,0xbaf,0xbaf,0xbaf,0xbaf,0xbaf,0xbaf,
0xbaf,0xbaf,0xbaf,0xc39,0xc39,0xbac,0xbac,0xc39,0,0,0xba9,0xba9,0x1044,0x1044,0x1044,0x1044,
0x1044,0x1044,0x1044,0x1044,0x1044,0x1044,0x1044,0x1044,0x1044,0x1044,0x1044,0x1044,0x1044,0x1044,0x1044,0x1044,
0x1044,0xf57,0x1062,0xf57,0x1062,0x1062,0x1062,0x1062,0x1062,0x1062,0x1062,0,0x10b0,0xf54,0x1062,0xf54,
0xf54,0x1062,0x1062,0x1062,0x1062,0x1062,0x1062,0x1062,0x1062,0xf57,0xf57,0xf57,0xf57,0xf57,0xf57,0x1062,
0x1062,0x1068,0x1068,0x1068,0x1068,0x1068,0x1068,0x1068,0x1068,0,0,0x1065,0xf51,0xf51,0xf51,0xf51,
0xf51,0xf51,0xf51,0xf51,0xf51,0xf51,0,0,0,0,0,0,0xf51,0xf51,0xf51,0xf51,
0xf51,0xf51,0xf51,0xf51,0xf51,0xf51,0,0,0,0,0,0,0xf4e,0xf4e,0xf4e,0xf4e,
0xf4e,0xf4e,0xf4e,0xf5a,0xf5d,0xf5d,0xf5d,0xf5d,0xf4e,0xf4e,0,0,0x13fe,0x13fe,0x13fe,0x13fe,
0x13fe,0x13fe,0x13fe,0x13fe,0x13fe,0x13fe,0x13fe,0x13fe,0x13fe,0x13fe,0x13f8,0x1836,0x1aa6,0x1aa6,0x1aa6,0x1aa6,
0x1aa6,0x1aa6,0x1aa6,0x1aa6,0x1aa6,0x1aa6,0x1aa6,0x1aa9,0x1b39,0x1b39,0x1b39,0x1b39,0x1b39,0,0,0,
0,0,0,0,0,0,0,0,0,0,0,0,0xca2,0xca2,0xcf6,0xcf9,
0xd05,0xce4,0xce4,0xce4,0xce4,0xce4,0xce4,0xce4,0x18e7,0,0x19a4,0x19a4,0xc9c,0xc9c,0xc9c,0xc9c,
0xc9c,0xc9c,0xc9c,0xc9c,0xc9c,0xc9c,0xcab,0xcab,0xc96,0xc99,0xcab,0xcab,0x1104,0x1104,0x1104,0x1104,
0x1104,0x1104,0x1173,0x1101,0x1170,0x1170,0x1101,0x1101,0x1101,0x1170,0x1101,0x1170,0x1170,0x1170,0x1176,0x1176,
0,0,0,0,0,0,0,0,0x10fe,0x10fe,0x10fe,0x10fe,0xdf8,0xdf8,0xdf8,0xdf8,
0xdf5,0xdf5,0xdf5,0xdf5,0xdf5,0xdf5,0xdf5,0xdf5,0xeb8,0xeb8,0xeb8,0xeb8,0xeb8,0xeb8,0xeb8,0xeb8,
0xdf5,0xdf5,0xebe,0xebb,0,0,0,0xdfb,0xdfb,0xdef,0xdef,0xdef,0xdf2,0xdf2,0xdf2,0xdf2,
0xdf2,0xdf2,0xdf2,0xdf2,0xdf2,0xdf2,0,0,0,0xdf8,0xdf8,0xdf8,0xe1f,0xe1f,0xe1f,0xe1f,
0xe1f,0xe1f,0xe1f,0xe1f,0xe1f,0xe1f,0xe22,0xe22,0xe22,0xe22,0xe22,0xe22,0x1539,0x1539,0x1539,0x1539,
0x1539,0x1539,0x1539,0x1539,0x1539,0x1998,0x1995,0,0,0,0,0,0x1689,0x1689,0x1689,0x1689,
0x1689,0x1689,0x1689,0x1689,0x1689,0x1689,0x1689,0x1689,0x1689,0x1689,0x1689,0x1689,0x1689,0x1689,0x1689,0x1689,
0x1689,0x1689,0x1689,0x1689,0x1689,0x1689,0x1689,0,0,0x1689,0x1689,0x1689,0x11d9,0x11d9,0x11d9,0x11d9,
0x11d9,0x11d9,0x11d9,0x11d9,0,0,0,0,0,0,0,0,0x108f,0x108c,0x108f,0xfdb,
0x108c,0x1092,0x1095,0x1098,0x109b,0x109e,0x10a1,0x108c,0x109e,0x109e,0x108c,0x108c,0x109e,0xfde,0x10a4,0x108c,
0x108c,0x108c,0x108c,0x108c,0x108c,0xfe1,0xfe4,0xfe7,0xfd8,0x10a7,0xfd8,0xfd8,0xfd8,0xfd8,0xfea,0x121e,
0x1263,0x126f,0x126f,0x161d,0x146a,0x146a,0x17a3,0,0,0,0,0,0x1bf,0x1bf,0x1bf,0x1bf,
0x1bf,0x1bf,0x1bf,0x1bf,0x1c5,0x1c5,0x1c5,0x1c5,0x1c5,0x1c5,0x1c5,0x1c5,0x1bf,0x1bf,0x1bf,0x1bf,
0x1bf,0x1bf,0,0,0x1c5,0x1c5,0x1c5,0x1c5,0x1c5,0x1c5,0,0,0x1bf,0x1bf,0x1bf,0x1bf,
0x1bf,0x1bf,0x1bf,0x1bf,0,0x1c5,0,0x1c5,0,0x1c5,0,0x1c5,0x1bf,0x1bf,0x1bf,0x1bf,
0x1bf,0x1bf,0x1bf,0x1bf,0x1c5,0x1c5,0x1c5,0x1c5,0x1c5,0x1c5,0x1c5,0x1c5,0x1bf,0x1ce,0x1bf,0x1ce,
0x1bf,0x1ce,0x1bf,0x1ce,0x1bf,0x1ce,0x1bf,0x1ce,0x1bf,0x1ce,0,0,0x1da,0x1da,0x1da,0x1da,
0x1da,0x1da,0x1da,0x1da,0x1dd,0x1dd,0x1dd,0x1dd,0x1dd,0x1dd,0x1dd,0x1dd,0x1cb,0x1cb,0x1da,0x1da,
0x1da,0,0x1bf,0x1bf,0x1c5,0x1c5,0x1c5,0x1d4,0x1c5,0x1b6,0x1ce,0x1b6,0x1b6,0x1b3,0x1bf,0x1bf,
0x1bf,0,0x1bf,0x1bf,0x1c5,0x1d4,0x1c5,0x1d4,0x1c5,0x1b3,0x1b3,0x1b3,0x1bf,0x1bf,0x1bf,0x1ce,
0,0,0x1bf,0x1bf,0x1c5,0x1c5,0x1c5,0x1d4,0,0x1b3,0x1b3,0x1b3,0x1bf,0x1bf,0x1bf,0x1ce,
0x1bf,0x1bf,0x1bf,0x1bf,0x1c5,0x1c5,0x1c5,0x1d4,0x1dd,0x1b3,0x1b3,0x1b3,0,0,0x1bf,0x1bf,
0x1bf,0,0x1bf,0x1bf,0x1c5,0x1d4,0x1c5,0x1d4,0x1c5,0x1b9,0x1b6,0,0x957,0x95a,0x95a,0x95a,
0xd08,9,0x1275,0x1275,0x1275,0x1275,0x1e,0x1e,0x1e,0x1e,0x1e,0x1e,0x3f,0x9b7,0,0,
0x34b,0x3f,0x3f,0x3f,0x3f,0x3f,0x57,0x69,0x57,0x63,0x5d,0x3d2,0x5d6,0x5d9,0x8b8,0x8b8,
0xa05,0xa0b,0xa0b,0xa08,0xa08,0xa08,0xa08,0xc24,0xcea,0xcea,0xcea,0xcea,0xed0,0,0,0,
0,0,0,0,0,0,0,0,0,0,0,0,0x261,0x261,0x261,0x7d7,
0xc7b,0xd7a,0xd7a,0xd7a,0xd7a,0x100b,0x1479,0x1479,0,0,0,0,0x39c,0x39c,0x39c,0x39c,
0x39c,0x39c,0x39c,0x39c,0x39c,0x39c,0xd2,0xd2,0xcf,0xcf,0xcf,0xcf,0xb5b,0xb58,0xb5b,0xb58,
0xb58,0xb4f,0xb4f,0xb4f,0xb4f,0xb4f,0xb4f,0xef4,0xef1,0xef4,0xef1,0x104d,0x1050,0x1050,0x11ac,0x11a9,
0,0,0,0,0,0xb61,0xb5e,0xb5e,0xb52,0xb4f,0xb55,0xb52,0xb76,0xb76,0xb76,0xb76,
0xb76,0xb76,0,0x11af,0,0,0,0,0,0x11af,0,0,0xbd6,0xbd6,0xbd6,0xbd6,
0xbd6,0xbd6,0xbd6,0xbd6,0xbd6,0xbd6,0xbd6,0xbd6,0xbd6,0xbd6,0xbd6,0xbd6,0xbd6,0xbd6,0x11ca,0x11ca,
0,0,0,0,0,0,0,0xbd9,0x10fb,0,0,0,0,0,0,0,
0,0,0,0,0,0,0,0x116d,0xb70,0xb70,0xb70,0xb70,0xb70,0xb70,0xb70,0xb70,
0xb70,0xb70,0xb70,0xb70,0xb70,0xb70,0xb70,0xb70,0xb70,0xb70,0xb70,0xb70,0xb70,0xb70,0xb70,0,
0,0,0,0,0,0,0,0,0xb70,0xb70,0xb70,0xb70,0xb70,0xb70,0xb70,0,
0xb70,0xb70,0xb70,0xb70,0xb70,0xb70,0xb70,0,0xb70,0xb70,0xb70,0xb70,0xb70,0xb70,0xb70,0,
0xb70,0xb70,0xb70,0xb70,0xb70,0xb70,0xb70,0,0x882,0x882,0x882,0x882,0x882,0x882,0x882,0x882,
0x882,0x882,0x882,0x882,0x882,0x882,0x882,0x882,0x882,0x882,0x882,0x882,0x882,0x882,0x882,0x882,
0x882,0x882,0,0x882,0x882,0x882,0x882,0x885,0x882,0x882,0x882,0x882,0x882,0x882,0x882,0x882,
0x882,0x882,0x882,0x882,0x882,0x882,0x882,0x882,0x882,0x882,0x882,0x885,0,0,0,0,
0,0,0,0,0,0,0,0,0x885,0x885,0x885,0x885,0x885,0x885,0x885,0x885,
0x885,0x885,0x885,0x885,0x885,0x885,0x885,0x885,0x885,0x885,0x885,0x885,0x885,0x885,0,0,
0,0,0,0,0,0,0,0,0,0,0,0,0,0,0,0,
0x89a,0x89a,0x89d,0x89d,0x89a,0x89a,0x89a,0x89a,0x89a,0x89a,0x89a,0x89a,0x1983,0x1983,0x1980,0x1980,
0,0x540,0x53a,0x540,0x53a,0x540,0x53a,0x540,0x53a,0x540,0x53a,0x53a,0x53d,0x53a,0x53d,0x53a,
0x53d,0x53a,0x53d,0x53a,0x53d,0x53a,0x53d,0x53a,0x53d,0x53a,0x53d,0x53a,0x53d,0x53a,0x53d,0x53a,
0x53a,0x53a,0x53a,0x540,0x53a,0x540,0x53a,0x540,0x53a,0x53a,0x53a,0x53a,0x53a,0x53a,0x540,0x53a,
0x53a,0x53a,0x53a,0x53a,0x53d,0x9ed,0x9ed,0,0,0x6d8,0x6d8,0x588,0x588,0x543,0x546,0x9ea,
0,0,0,0,0,0x513,0x513,0x513,0x513,0x513,0x513,0x513,0x513,0x513,0x513,0x513,
0x513,0x513,0x513,0x513,0x513,0x513,0x513,0x513,0x513,0x513,0x513,0x513,0x513,0x513,0x513,0x513,
0x513,0xe5b,0x1626,0x1701,0,0x531,0x531,0x531,0x531,0x531,0x531,0x531,0x531,0x531,0x531,0x531,
0x531,0x531,0x531,0x531,0x531,0x531,0x531,0,0x594,0x594,0x5a0,0x5a0,0x5a0,0x5a0,0x5a0,0x5a0,
0x5a0,0x5a0,0x5a0,0x5a0,0x5a0,0x5a0,0x5a0,0x5a0,0xe61,0xe61,0xe61,0xe61,0x1a10,0x1a10,0,0,
0,0,0,0,0,0,0,0x1983,0x9f0,0x9f0,0x9f0,0x9f0,0x9f0,0x9f0,0x9f0,0x9f0,
0x9f0,0x9f0,0x9f0,0x9f0,0x9f0,0x9f0,0x9f0,0x9f0,0x528,0x528,0x528,0x528,0x528,0x528,0x528,0x528,
0x528,0x528,0x528,0x528,0x528,0x528,0x528,0x528,0x528,0x528,0x528,0x528,0x528,0x528,0x528,0x528,
0x528,0x528,0x528,0x528,0x528,0xae3,0xae3,0,0x894,0x894,0x894,0x894,0x894,0x894,0x894,0x894,
0x894,0x894,0x894,0x894,0x894,0,0,0,0x891,0x891,0x891,0x891,0x891,0x891,0x891,0x891,
0x891,0x891,0x891,0x891,0x891,0x891,0x891,0x891,0x891,0x9f6,0x891,0x891,0x891,0x9f6,0x891,0,
0,0,0,0,0,0,0,0,0xfcc,0xfcc,0xfcc,0xfcc,0xfcc,0xfcc,0xfcc,0xfcc,
0xfcc,0xfcc,0xfcc,0xfcc,0xfcc,0xfcc,0xfcc,0xfcc,0xe01,0xe01,0xe01,0xe01,0xe01,0xe01,0xe01,0xe01,
0xe01,0xe01,0xe07,0xe07,0,0,0,0,0,0,0,0,0,0,0,0,
0,0,0,0,0,0,0,0,0xfc3,0xfc3,0xfc3,0xfc3,0xfc3,0xfc3,0xfc3,0xfc3,
0xfc3,0xfc3,0xfc3,0xfc3,0xfc3,0xfc3,0xfc3,0xfc3,0x1089,0x1089,0xfbd,0xfc6,0xfc0,0xfc0,0xfc0,0xfc6,
0,0,0,0,0,0,0,0,0x188a,0x1887,0x1758,0x1755,0x174c,0x1752,0x1752,0x17e8,
0x17e5,0x17e8,0x17e5,0x199e,0x199e,0x199b,0x1a76,0x1a73,0x188a,0x1887,0x1a70,0x1887,0x1a70,0x1887,0x188a,0x1887,
0x188a,0x1887,0x199e,0x199b,0x199e,0x1aee,0,0,0,0,0x1adf,0,0,0,0,0,
0,0,0,0,0,0,0,0,0,0x1a79,0x1893,0x1893,0x1893,0x17e8,0x17e5,0x12c9,
0x11c7,0x11c7,0x10e6,0xd7a,0xd7a,0xd7a,0xd7a,0xd7a,0xbc7,0xbc7,0xbc7,0xbc4,0xbc4,0xc42,0xc42,0xbc4,
0xbc1,0xbc1,0xbc1,0xbc1,0x183f,0,0,0,0xff0,0xff0,0xff0,0xff3,0xff3,0xff3,0xff6,0xff6,
0xff9,0xff6,0,0,0,0,0,0,0xcc9,0xcc9,0xcc9,0xcc9,0xcc9,0xcc9,0xcc9,0xcc9,
0xcc9,0xcc9,0xcc9,0xcc9,0xcc9,0xcc9,0xcc9,0xcc9,0xcc9,0xcc9,0xcc9,0xcc9,0xcc6,0xcc6,0xccc,0xccc,
0,0,0,0,0,0,0,0,0xe3a,0xe3a,0xe3a,0xe3a,0xec7,0x15b7,0,0,
0,0,0,0,0,0,0xe40,0xe40,0xe37,0xe37,0xe37,0xe37,0xe37,0xe37,0xe37,0xe37,
0xe37,0xe37,0,0,0,0,0,0,0xe34,0xe34,0xe34,0xe34,0xe34,0xe34,0xe34,0xec1,
0xec1,0xec1,0xec1,0xec1,0xec1,0xec1,0xec1,0xec1,0xec1,0xec1,0xe31,0xec4,0,0,0,0,
0,0,0,0,0,0,0,0xe2e,0x1032,0x1032,0x1032,0x1032,0x1032,0x1032,0x1032,0x1032,
0x1032,0x1032,0x1032,0x1032,0x1032,0x1032,0x1032,0x1032,0x1032,0x1032,0x1032,0x1032,0x1032,0x1032,0x1032,0x1032,
0x1032,0x1032,0x1032,0x1032,0x1032,0,0,0,0x10ad,0xf36,0xf36,0xf36,0xf36,0xf36,0xf36,0xf39,
0xf45,0xf45,0xf36,0xf36,0xf36,0xf36,0,0xffc,0xf3c,0xf3c,0xf3c,0xf3c,0xf3c,0xf3c,0xf3c,0xf3c,
0xf3c,0xf3c,0,0,0,0,0xf36,0xf36,0x13ef,0x13ef,0x13ef,0x13ef,0x13ef,0x1410,0x12d8,0x13f2,
0x13f2,0x13f2,0x13f2,0x13f2,0x13f2,0x13f2,0x13f2,0x13f2,0x12d2,0x12d2,0x12d2,0x12d2,0x12d2,0x12d2,0x12d2,0x12d2,
0x12d2,0x12d2,0x13f2,0x13f2,0x13f2,0x13f2,0x13f2,0,0xde0,0xde0,0xde0,0xde0,0xde0,0xde0,0xde0,0xde0,
0xde0,0xeaf,0xeaf,0xeaf,0xeaf,0xeaf,0xeaf,0xdda,0xdda,0xeaf,0xeaf,0xdda,0xdda,0xeaf,0xeaf,0,
0,0,0,0,0,0,0,0,0xddd,0xddd,0xddd,0xeaf,0xddd,0xddd,0xddd,0xddd,
0xddd,0xddd,0xddd,0xddd,0xeaf,0xdda,0,0,0xdd7,0xdd7,0xdd7,0xdd7,0xdd7,0xdd7,0xdd7,0xdd7,
0xdd7,0xdd7,0,0,0xdd4,0xde3,0xde3,0xde3,0xfb4,0x1086,0xfb4,0,0,0,0,0,
0,0,0,0,0,0,0,0,0,0,0,0,0,0,0,0,
0,0,0,0xfb1,0xfb1,0xfb7,0xfab,0xfae,0x122d,0x122d,0x122d,0x122d,0x122d,0x122d,0x122d,0x122d,
0x122d,0x122d,0x122d,0x11df,0x1248,0x1248,0x11df,0x11df,0x11e8,0x11e8,0x11e2,0x11e5,0x11e5,0x11df,0x1269,0,
0,0,0,0,0,0,0,0,0,0x10dd,0x10dd,0x10dd,0x10dd,0x10dd,0x10dd,0,
0,0x10dd,0x10dd,0x10dd,0x10dd,0x10dd,0x10dd,0,0,0x10dd,0x10dd,0x10dd,0x10dd,0x10dd,0x10dd,0,
0,0,0,0,0,0,0,0,0x10dd,0x10dd,0x10dd,0x10dd,0x10dd,0x10dd,0x10dd,0,
0x10dd,0x10dd,0x10dd,0x10dd,0x10dd,0x10dd,0x10dd,0,0x12c6,0x12c6,0x12c6,0x12c6,0x12c6,0x12c6,0x12c6,0x12c6,
0x12c6,0x12c6,0x12c6,0x12c6,0x12c6,0x12c6,0x12c6,0x12c6,0x1494,0x1494,0x1494,0x1494,0x12c6,0x12c0,0x1755,0x1755,
0x17eb,0x17ee,0x17d6,0x17d6,0x1ae5,0x1ae5,0,0,0x1488,0x1488,0x1488,0x1488,0x1488,0x1488,0x1488,0x1488,
0x1488,0x1488,0x1488,0x1488,0x1488,0x1488,0x1488,0x1488,0xf69,0xf69,0xf69,0xf63,0xf63,0x106b,0xf63,0xf63,
0x106b,0xf63,0xf63,0xf6c,0xf66,0x106e,0,0,0xf60,0xf60,0xf60,0xf60,0xf60,0xf60,0xf60,0xf60,
0xf60,0xf60,0,0,0,0,0,0,0x735,0x735,0x735,0x735,0,0,0,0,
0,0,0,0,0,0,0,0,0xf09,0xf09,0xf09,0xf09,0xf09,0xf09,0xf09,0xf09,
0xf09,0xf09,0xf09,0xf09,0xf09,0xf09,0xf09,0xf09,0xf09,0xf09,0xf09,0,0,0,0,0xf06,
0xf06,0xf06,0xf06,0xf06,0xf06,0xf06,0xf06,0xf06,0xf06,0xf06,0xf06,0xf06,0xf06,0xf06,0xf06,0xf06,
0xf06,0xf06,0xf06,0xf06,0xf06,0xf06,0xf06,0xf06,0xf06,0xf06,0xf06,0xf06,0,0,0,0,
0x273,0x273,0x273,0x273,0x273,0x273,0x273,0,0,0,0,0,0,0,0,0,
0,0,0,0x14d,0x14d,0x14d,0x14d,0x14d,0,0,0,0,0,0x7ad,0x61b,0x21f,
0x225,0x225,0x225,0x225,0x225,0x225,0x225,0x225,0x225,0x219,0x21f,0x21f,0x21f,0x21f,0x21f,0x21f,
0x21f,0x21f,0x21f,0x21f,0x21f,0x21f,0x21f,0,0x21f,0x21f,0x21f,0x21f,0x21f,0,0x21f,0,
0x21f,0x21f,0,0x21f,0x21f,0,0x21f,0x21f,0x21f,0x21f,0x21f,0x21f,0x21f,0x21f,0x21f,0x222,
0x132,0x12c,0x132,0x12c,0x12f,0x135,0x132,0x12c,0x12f,0x135,0x132,0x12c,0x12f,0x135,0x132,0x12c,
0xa23,0xa23,0xa23,0xa23,0xa23,0xa23,0xa23,0xa23,0xa23,0xa23,0xa23,0xa23,0xa23,0xa23,0xa23,0xa23,
0xbf4,0xbf4,0xc03,0xbfd,0xbfa,0xc06,0xc06,0xc00,0xbf1,0xbf7,0,0,0,0,0,0,
0x4c2,0x4e6,0x4e3,0x4e6,0x4e3,0x9f9,0x9f9,0xada,0xad4,0x4c5,0x4c5,0x4c5,0x4c5,0x4fb,0x4fb,0x4fb,
0x4ec,0x4e9,0x501,0,0x4f2,0x4ef,0x504,0x504,0x4dd,0x4d1,0x4bf,0x4d1,0x4bf,0x4d1,0x4bf,0x4c8,
0x4c8,0x4f5,0x4f5,0x4f8,0x4f5,0x4f5,0x4f5,0,0x4f5,0x4da,0x4d7,0x4c8,0,0,0,0,
0x11d,0x135,0x11d,0x999,0x11d,0,0x11d,0x135,0x11d,0x135,0x11d,0x135,0x11d,0x135,0x11d,0x135,
0x135,0x132,0x12c,0x12f,0x135,0x132,0x12c,0x12f,0x135,0x132,0x12c,0x12f,0x135,0x132,0x12c,0x132,
0x12c,0x132,0x12c,0x12f,0x135,0x132,0x12c,0x132,0x12c,0x132,0x12c,0x132,0x12c,0,0,0x1b,
0,0x459,0x438,0x426,0x42f,0x42c,0x426,0x43b,0x429,0x423,0x426,0x447,0x43e,0x435,0x456,0x426,
0x453,0x453,0x453,0x453,0x453,0x453,0x453,0x453,0x453,0x453,0x441,0x444,0x447,0x447,0x447,0x459,
0x408,0x405,0x405,0x405,0x405,0x405,0x405,0x405,0x405,0x405,0x405,0x405,0x405,0x405,0x405,0x405,
0x405,0x405,0x405,0x405,0x405,0x405,0x405,0x405,0x405,0x405,0x405,0x405,0x405,0x405,0x405,0,
0,0,0x405,0x405,0x405,0x405,0x405,0x405,0,0,0x405,0x405,0x405,0x405,0x405,0x405,
0,0,0x405,0x405,0x405,0x405,0x405,0x405,0,0,0x405,0x405,0x405,0,0,0,
0x42c,0x42f,0x447,0x44a,0x426,0x42f,0x42f,0,0x3ff,0x402,0x402,0x402,0x402,0x3ff,0x3ff,0,
9,9,9,9,9,9,9,9,9,0x75c,0x75c,0x75c,0x756,0x33c,0x2e8,0x2e8,
0xaa7,0xaa7,0xaa7,0xaa7,0xaa7,0xaa7,0xaa7,0xaa7,0xaa7,0xaa7,0xaa7,0xaa7,0,0xaa7,0xaa7,0xaa7,
0xaa7,0xaa7,0xaa7,0xaa7,0xaa7,0xaa7,0xaa7,0xaa7,0xaa7,0xaa7,0xaa7,0xaa7,0xaa7,0xaa7,0xaa7,0xaa7,
0xaa7,0xaa7,0xaa7,0,0xaa7,0xaa7,0xaa7,0xaa7,0xaa7,0xaa7,0xaa7,0xaa7,0xaa7,0xaa7,0xaa7,0xaa7,
0xaa7,0xaa7,0xaa7,0xaa7,0xaa7,0xaa7,0xaa7,0,0xaa7,0xaa7,0,0xaa7,0xaa7,0xaa7,0xaa7,0xaa7,
0xaa7,0xaa7,0xaa7,0xaa7,0xaa7,0xaa7,0xaa7,0xaa7,0xaa7,0xaa7,0,0,0xaa7,0xaa7,0xaa7,0xaa7,
0xaa7,0xaa7,0xaa7,0xaa7,0xaa7,0xaa7,0xaa7,0xaa7,0xaa7,0xaa7,0,0,0xaa7,0xaa7,0xaa7,0xaa7,
0xaa7,0xaa7,0xaa7,0xaa7,0xaa7,0xaa7,0xaa7,0xaa7,0xaa7,0xaa7,0xaa7,0xaa7,0xaa7,0xaa7,0xaa7,0xaa7,
0xaa7,0xaa7,0xaa7,0xaa7,0xaa7,0xaa7,0xaa7,0,0,0,0,0,0xabf,0xabf,0xac5,0,
0,0,0,0xabc,0xabc,0xabc,0xabc,0xabc,0xabc,0xabc,0xabc,0xabc,0xabc,0xabc,0xabc,0xabc,
0xabc,0xabc,0xabc,0xabc,0xabc,0xabc,0xabc,0xabc,0xabc,0xabc,0xabc,0xabc,0,0,0,0xac2,
0xac2,0xac2,0xac2,0xac2,0xac2,0xac2,0xac2,0xac2,0xb7f,0xb7f,0xb7f,0xb7f,0xb7f,0xb7f,0xb7f,0xb7f,
0xb7f,0xb7f,0xb7f,0x12bd,0x12bd,0x153c,0x153c,0,0xd0b,0xd0b,0xd0b,0xd0b,0xd0b,0xd0b,0xd0b,0xd0b,
0xd0b,0xd0b,0xd0b,0xd0b,0x17d3,0,0,0,0x12bd,0,0,0,0,0,0,0,
0,0,0,0,0,0,0,0,0,0,0,0,0,0,0,0,
0,0,0,0,0,0,0,0,0xd11,0xd11,0xd11,0xd11,0xd11,0xd11,0xd11,0xd11,
0xd11,0xd11,0xd11,0xd11,0xd11,0xd11,0xd11,0xd11,0xd11,0xd11,0xd11,0xd11,0xd11,0xd11,0xd11,0xd11,
0xd11,0xd11,0xd11,0xd11,0xd11,0xe73,0,0,0xe16,0xe16,0xe16,0xe16,0xe16,0xe16,0xe16,0xe16,
0xe16,0xe16,0xe16,0xe16,0xe16,0xe16,0xe16,0xe16,0xe16,0xe16,0xe16,0xe16,0xe16,0xe16,0xe16,0xe16,
0xe16,0xe16,0xe16,0xe16,0xe16,0,0,0,0xe13,0xe13,0xe13,0xe13,0xe13,0xe13,0xe13,0xe13,
0xe13,0xe13,0xe13,0xe13,0xe13,0xe13,0xe13,0xe13,0xe13,0,0,0,0,0,0,0,
0,0,0,0,0,0,0,0,0x146d,0x13dd,0x13dd,0x13dd,0x13dd,0x13dd,0x13dd,0x13dd,
0x13dd,0x13dd,0x13dd,0x13dd,0x13dd,0x13dd,0x13dd,0x13dd,0x13dd,0x13dd,0x13dd,0x13dd,0x13dd,0x13dd,0x13dd,0x13dd,
0x13dd,0x13dd,0x13dd,0x13dd,0,0,0,0,0x939,0x939,0x939,0x939,0,0,0,0,
0,0,0,0,0,0x15ed,0x15ed,0x15ed,0x930,0x930,0x930,0x930,0x930,0x930,0x930,0x930,
0x930,0x930,0x930,0x930,0x930,0x930,0x930,0x930,0x930,0x930,0x930,0,0,0,0,0,
0x12ff,0x12ff,0x12ff,0x12ff,0x12ff,0x12ff,0x12ff,0x12ff,0x12ff,0x12ff,0x12ff,0x12ff,0x12ff,0x12ff,0x12ff,0x12ff,
0x12ff,0x12ff,0x12ff,0x12ff,0x12ff,0x12ff,0x141f,0x141f,0x141f,0x141f,0x141f,0,0,0,0,0,
0xab9,0xab9,0xab9,0xab9,0xab9,0xab9,0xab9,0xab9,0xab9,0xab9,0xab9,0xab9,0xab9,0xab9,0xab9,0xab9,
0xab9,0xab9,0xab9,0xab9,0xab9,0xab9,0xab9,0xab9,0xab9,0xab9,0xab9,0xab9,0xab9,0xab9,0,0xab6,
0xbdf,0xbdf,0xbdf,0xbdf,0,0,0,0,0xbdf,0xbdf,0xbdf,0xbdf,0xbdf,0xbdf,0xbdf,0xbdf,
0xbdc,0xbdf,0xbdf,0xbdf,0xbdf,0xbdf,0,0,0,0,0,0,0,0,0,0,
0xaad,0xaad,0xaad,0xaad,0xaad,0xaad,0xaad,0xaad,0xaad,0xaad,0xaad,0xaad,0xaad,0xaad,0xaad,0xaad,
0xaad,0xaad,0xaad,0xaad,0xaad,0xaad,0xaad,0xaad,0xaad,0xaad,0xaad,0xaad,0xaad,0xaad,0,0,
0xaaa,0xaaa,0xaaa,0xaaa,0xaaa,0xaaa,0xaaa,0xaaa,0xaaa,0xaaa,0,0,0,0,0,0,
0x1593,0x1593,0x1593,0x1593,0x1593,0x1593,0x1593,0x1593,0x1593,0x1593,0x1593,0x1593,0x1593,0x1593,0x1593,0x1593,
0x1593,0x1593,0x1593,0x1593,0,0,0,0,0x1590,0x1590,0x1590,0x1590,0x1590,0x1590,0x1590,0x1590,
0x1590,0x1590,0x1590,0x1590,0x1590,0x1590,0x1590,0x1590,0x1590,0x1590,0x1590,0x1590,0x1590,0x1590,0x1590,0x1590,
0x1590,0x1590,0x1590,0x1590,0,0,0,0,0x132c,0x132c,0x132c,0x132c,0x132c,0x132c,0x132c,0x132c,
0,0,0,0,0,0,0,0,0x13a1,0x13a1,0x13a1,0x13a1,0x13a1,0x13a1,0x13a1,0x13a1,
0x13a1,0x13a1,0x13a1,0x13a1,0x13a1,0x13a1,0x13a1,0x13a1,0,0,0,0,0,0,0,0,
0,0,0,0x139e,0x18d2,0x18d2,0x18d2,0x18d2,0x18d2,0x18d2,0x18d2,0x18d2,0x18d2,0x18d2,0x18d2,0,
0x18d2,0x18d2,0x18d2,0x18d2,0x18d2,0x18d2,0x18d2,0,0x18d2,0x18d2,0,0x18cf,0x18cf,0x18cf,0x18cf,0x18cf,
0x18cf,0x18cf,0x18cf,0x18cf,0x18cf,0x18cf,0,0x18cf,0x18cf,0x18cf,0x18cf,0x18cf,0x18cf,0x18cf,0x18cf,0x18cf,
0x18cf,0x18cf,0x18cf,0x18cf,0x18cf,0x18cf,0,0x18cf,0x18cf,0x18cf,0x18cf,0x18cf,0x18cf,0x18cf,0,0x18cf,
0x18cf,0,0,0,0x19f2,0x19f2,0x19f2,0x19f2,0x19f5,0x19f2,0x19f2,0x19f2,0x19f2,0x19f2,0x19f2,0x19f2,
0x19f2,0x19f2,0x19f2,0x19f2,0x19f2,0x19f2,0x19f2,0x19f2,0,0,0,0,0,0,0,0,
0,0,0,0,0x12fc,0x12fc,0x12fc,0x12fc,0x12fc,0x12fc,0x12fc,0x12fc,0x12fc,0x12fc,0x12fc,0x12fc,
0x12fc,0x12fc,0x12fc,0x12fc,0x12fc,0x12fc,0x12fc,0x12fc,0x12fc,0x12fc,0x12fc,0,0,0,0,0,
0,0,0,0,0x12fc,0x12fc,0x12fc,0x12fc,0x12fc,0x12fc,0x12fc,0x12fc,0x12fc,0x12fc,0x12fc,0x12fc,
0x12fc,0x12fc,0x12fc,0x12fc,0x12fc,0x12fc,0x12fc,0x12fc,0x12fc,0x12fc,0,0,0,0,0,0,
0,0,0,0,0x12fc,0x12fc,0x12fc,0x12fc,0x12fc,0x12fc,0x12fc,0x12fc,0,0,0,0,
0,0,0,0,0,0,0,0,0,0,0,0,0,0,0,0,
0,0,0,0,0x1896,0x189c,0x189c,0x1899,0x1899,0x1899,0,0x1899,0x1899,0x1899,0x1899,0x1899,
0x1899,0x1899,0x1899,0x1899,0x1899,0x1899,0x1899,0x1899,0x1899,0x1899,0x1899,0x1899,0x1899,0x1899,0x1899,0x1899,
0x1899,0x1899,0x1899,0x1899,0x1899,0,0x1899,0x1899,0x1899,0x1899,0x1899,0x1899,0x1899,0x1899,0x1899,0x1afa,
0x1afa,0x1afa,0x1afa,0x1afa,0xa95,0xa95,0xa95,0xa95,0xa95,0xa95,0,0,0xa95,0,0xa95,0xa95,
0xa95,0xa95,0xa95,0xa95,0xa95,0xa95,0xa95,0xa95,0xa95,0xa95,0xa95,0xa95,0xa95,0xa95,0xa95,0xa95,
0xa95,0xa95,0xa95,0xa95,0xa95,0xa95,0,0xa95,0xa95,0,0,0,0xa95,0,0,0xa95,
0xf75,0xf75,0xf75,0xf75,0xf75,0xf75,0xf75,0xf75,0xf75,0xf75,0xf75,0xf75,0xf75,0xf75,0xf75,0xf75,
0xf75,0xf75,0xf75,0xf75,0xf75,0xf75,0,0xf72,0xf6f,0xf6f,0xf6f,0xf6f,0xf6f,0xf6f,0xf6f,0xf6f,
0x1350,0x1350,0x1350,0x1350,0x1350,0x1350,0x1350,0x1350,0x1350,0x1350,0x1350,0x1350,0x1350,0x1350,0x1350,0x1350,
0x1350,0x1350,0x1350,0x1350,0x1350,0x1350,0x1350,0x1350,0x1350,0x1350,0x1350,0x1350,0x1350,0x1350,0x1350,0,
0,0,0,0,0,0,0,0x134d,0x134d,0x134d,0x134d,0x134d,0x134d,0x134d,0x134d,0x134d,
0,0,0,0,0,0,0,0,0,0,0,0,0,0,0,0,
0x14e5,0x14e5,0x14e5,0x14e5,0x14e5,0x14e5,0x14e5,0x14e5,0x14e5,0x14e5,0x14e5,0x14e5,0x14e5,0x14e5,0x14e5,0x14e5,
0x14e5,0x14e5,0x14e5,0,0x14e5,0x14e5,0,0,0,0,0,0x14e2,0x14e2,0x14e2,0x14e2,0x14e2,
0xcd5,0xcd5,0xcd5,0xcd5,0xcd5,0xcd5,0xcd5,0xcd5,0xcd5,0xcd5,0xcd5,0xcd5,0xcd5,0xcd5,0xcd5,0xcd5,
0xcd5,0xcd5,0xcd5,0xcd5,0xcd5,0xcd5,0xccf,0xccf,0xccf,0xccf,0xf4b,0xf4b,0,0,0,0xcd2,
0xe1c,0xe1c,0xe1c,0xe1c,0xe1c,0xe1c,0xe1c,0xe1c,0xe1c,0xe1c,0xe1c,0xe1c,0xe1c,0xe1c,0xe1c,0xe1c,
0xe1c,0xe1c,0xe1c,0xe1c,0xe1c,0xe1c,0xe1c,0xe1c,0xe1c,0xe1c,0,0,0,0,0,0xe19,
0x1a88,0x1a88,0x1a88,0x1a88,0x1a88,0x1a88,0x1a88,0x1a88,0x1a88,0x1a88,0x1a88,0x1a88,0x1a88,0x1a88,0x1a88,0x1a88,
0x1a88,0x1a88,0x1a88,0x1a88,0x1a88,0x1a88,0x1a88,0x1a88,0x1a88,0x1a88,0,0,0,0,0,0,
0x11f7,0x11f7,0x11f7,0x11f7,0x11f7,0x11f7,0x11f7,0x11f7,0x11f7,0x11f7,0x11f7,0x11f7,0x11f7,0x11f7,0x11f7,0x11f7,
0x11f7,0x11f7,0x11f7,0x11f7,0x11f7,0x11f7,0x11f7,0x11f7,0,0,0,0,0x14b8,0x14b8,0x11f7,0x11f7,
0x14b8,0x14b8,0x14b8,0x14b8,0x14b8,0x14b8,0x14b8,0x14b8,0x14b8,0x14b8,0x14b8,0x14b8,0x14b8,0x14b8,0x14b8,0x14b8,
0,0,0x14b8,0x14b8,0x14b8,0x14b8,0x14b8,0x14b8,0x14b8,0x14b8,0x14b8,0x14b8,0x14b8,0x14b8,0x14b8,0x14b8,
0xc1e,0xc3c,0xc3c,0xc3c,0,0xc3c,0xc3c,0,0,0,0,0,0xc3c,0xc3c,0xc3c,0xc3c,
0xc1e,0xc1e,0xc1e,0xc1e,0,0xc1e,0xc1e,0xc1e,0,0xc1e,0xc1e,0xc1e,0xc1e,0xc1e,0xc1e,0xc1e,
0xc1e,0xc1e,0xc1e,0xc1e,0xc1e,0xc1e,0xc1e,0xc1e,0xc1e,0xc1e,0xc1e,0xc1e,0xc1e,0xc1e,0xc1e,0xc1e,
0x170a,0x170a,0,0,0xc3f,0xc3f,0xc3f,0,0,0,0,0xc54,0xbb8,0xbb8,0xbb8,0xbb8,
0xbb8,0xbb8,0xbb8,0xbb8,0x16a1,0,0,0,0,0,0,0,0xbbb,0xbbb,0xbbb,0xbbb,
0xbbb,0xbbb,0xbbe,0xbbe,0xbb8,0,0,0,0,0,0,0,0x1311,0x1311,0x1311,0x1311,
0x1311,0x1422,0x1422,0,0,0,0,0x1308,0x1308,0x1308,0x1308,0x1308,0x130e,0x130e,0x13e0,0x130e,
0x130e,0x130e,0x130b,0,0,0,0,0,0,0,0,0,0xf7e,0xf7e,0xf7e,0xf7e,
0xf7e,0xf7e,0xf7e,0xf7e,0xf7e,0xf7e,0xf7e,0xf7e,0xf7e,0xf7e,0xf7e,0xf7e,0xf7e,0xf7e,0xf7e,0xf7e,
0xf7e,0xf7e,0,0,0,0xf78,0xf7b,0xf7b,0xf7b,0xf7b,0xf7b,0xf7b,0xf9c,0xf9c,0xf9c,0xf9c,
0xf9c,0xf9c,0xf9c,0xf9c,0xf9c,0xf9c,0xf9c,0xf9c,0xf9c,0xf9c,0xf9c,0xf9c,0xf9c,0xf9c,0xf9c,0xf9c,
0xf9c,0xf9c,0,0,0xf99,0xf99,0xf99,0xf99,0xf99,0xf99,0xf99,0xf99,0xf96,0xf96,0xf96,0xf96,
0xf96,0xf96,0xf96,0xf96,0xf96,0xf96,0xf96,0xf96,0xf96,0xf96,0xf96,0xf96,0xf96,0xf96,0xf96,0,
0,0,0,0,0xf93,0xf93,0xf93,0xf93,0xf93,0xf93,0xf93,0xf93,0x131a,0x131a,0x131a,0x131a,
0x131a,0x131a,0x131a,0x131a,0x131a,0x131a,0x131a,0x131a,0x131a,0x131a,0x131a,0x131a,0x131a,0x131a,0,0,
0,0,0,0,0,0x1317,0x1317,0x1317,0x1317,0,0,0,0,0,0,0,
0,0,0,0,0,0x1314,0x1314,0x1314,0x1314,0x1314,0x1314,0x1314,0,0,0,0,
0,0,0,0,0,0,0,0,0,0,0,0,0xf48,0xf48,0xf48,0xf48,
0xf48,0xf48,0xf48,0xf48,0xf48,0,0,0,0,0,0,0,0,0,0,0,
0,0,0,0,0,0,0,0,0,0,0,0,0x14a6,0x14a6,0x14a6,0x14a6,
0x14a6,0x14a6,0x14a6,0x14a6,0x14a6,0x14a6,0x14a6,0x14a6,0x14a6,0x14a6,0x14a6,0x14a6,0x14a6,0x14a6,0x14a6,0,
0,0,0,0,0,0,0,0,0,0,0,0,0x14a3,0x14a3,0x14a3,0x14a3,
0x14a3,0x14a3,0x14a3,0x14a3,0x14a3,0x14a3,0x14a3,0x14a3,0x14a3,0x14a3,0x14a3,0x14a3,0x14a3,0x14a3,0x14a3,0,
0,0,0,0,0,0,0x14a0,0x14a0,0x14a0,0x14a0,0x14a0,0x14a0,0x16e3,0x16e3,0x16e6,0x16e6,
0x1734,0x1734,0x1734,0x1734,0,0,0,0,0,0,0,0,0x16e0,0x16e0,0x16e0,0x16e0,
0x16e0,0x16e0,0x16e0,0x16e0,0x16e0,0x16e0,0,0,0,0,0,0,0x19b9,0x19b9,0x19b9,0x19b9,
0x19b9,0x19b9,0,0,0,0x1a28,0x1a2b,0x1a25,0x1a25,0x1a25,0x19aa,0x19bc,0x19b3,0x19b3,0x19b3,0x19b3,
0x19b3,0x19b3,0x19b3,0x19b3,0x19b3,0x19b3,0x19b3,0x19b3,0x19b3,0x19b3,0x19b3,0x19b3,0x19b3,0x19b3,0,0,
0,0,0,0,0,0,0x19ad,0x19ad,0,0,0,0,0,0,0,0,
0,0,0,0,0,0,0,0,0xeeb,0xeeb,0xeeb,0xeeb,0xeeb,0xeeb,0xeeb,0xeeb,
0xeeb,0xeeb,0xeeb,0xeeb,0xeeb,0xeeb,0xeeb,0xeeb,0xeeb,0xeeb,0xeeb,0xeeb,0xeeb,0xeeb,0xeeb,0xeeb,
0xeeb,0xeeb,0xeeb,0xeeb,0xeeb,0xeeb,0xeeb,0,0x181b,0x181b,0x181b,0x181b,0x181b,0x181b,0x181b,0x181b,
0x181b,0x181b,0,0x184e,0x184e,0x1818,0,0,0x181b,0x181b,0,0,0,0,0,0,
0,0,0,0,0,0,0,0,0,0,0x1992,0x1992,0x1992,0x1a64,0x1a64,0x1a67,
0,0x1ad3,0x1ad3,0x1b45,0x1b45,0x1b45,0x1b42,0x1b42,0x1a5e,0x1a5b,0x1a5b,0x1a5b,0x1a5b,0x1a5b,0x1a5b,0x1a5b,
0x1a5b,0x1ad6,0x1ad6,0x1ad6,0x1ad6,0x1ad6,0x1ad6,0x1ad6,0x1ad6,0x1ad6,0x1ad6,0x1ad6,0x1ad6,0x1ad6,0x1ad6,0x1ad6,
0x1ad6,0x1ad6,0x1ad6,0,0x1b42,0x1b42,0x1b42,0x1b45,0x1b42,0x1b45,0x1b42,0x1b45,0x1b3c,0x1b3f,0x1aaf,0x1aac,
0x1a1c,0x195f,0x195f,0x195f,0x16f2,0x16f2,0x16f2,0x16f2,0x16f2,0x16f2,0x16f2,0x16f5,0,0,0,0,
0,0,0,0,0x16ec,0x16ec,0x16ec,0x16ec,0x16ec,0x16ec,0x16ec,0x16ec,0x16ec,0x16ec,0x16ec,0x16ec,
0x16ec,0x16ec,0x16ec,0x16ec,0x16ec,0x16ec,0x1737,0x1737,0x1737,0x1737,0x1737,0x1737,0x1737,0x1737,0x1737,0x1737,
0x1737,0x16e9,0x16e9,0x16e9,0x16e9,0x16ef,0x16ef,0x16ef,0x16ef,0x16ef,0,0,0,0,0,0,
0,0,0,0,0,0,0,0,0,0,0,0,0x18c0,0x18c0,0x18c0,0x18c0,
0x18c0,0x18c0,0x18c0,0x18c0,0x18c0,0x18c0,0x18c0,0x18c0,0x18c0,0x18c0,0x18c0,0x18c0,0x18c0,0x18c0,0x1908,0x1908,
0x1908,0x1908,0x18c3,0x18c3,0x18c3,0x18c3,0,0,0,0,0,0,0,0,0,0,
0,0,0,0,0,0,0,0,0,0,0,0,0x1803,0x1803,0x1803,0x1803,
0x1803,0x1803,0x1803,0x1803,0x1803,0x1803,0x1803,0x1803,0x1803,0x1803,0x1803,0x1803,0x1803,0x1800,0x1800,0x1800,
0x1800,0x1800,0x1800,0x1800,0,0,0,0,0,0,0,0,0,0,0,0,
0,0,0,0,0,0,0,0,0x1782,0x1782,0x1782,0x1782,0x1782,0x1782,0x1782,0x1782,
0x1782,0x1782,0x1782,0x1782,0x1782,0x1782,0x1782,0x1782,0x1782,0x1782,0x1782,0x1782,0x1782,0x1782,0x1782,0,
0,0,0,0,0,0,0,0,0x1179,0x1179,0x1179,0x1179,0x1179,0x1179,0x117c,0x1119,
0x1119,0x110a,0x110a,0x110a,0x110a,0x110a,0,0,0,0,0x1107,0x1107,0x1107,0x1107,0x1107,0x1107,
0x1107,0x1107,0x1107,0x1107,0x1107,0x1107,0x1107,0x1107,0x1107,0x1107,0x110d,0x110d,0x110d,0x110d,0x110d,0x110d,
0x110d,0x110d,0x110d,0x110d,0x1902,0x18b1,0x18b1,0x18ff,0x18ff,0x18b1,0,0,0,0,0,0,
0,0,0,0x1419,0xf8d,0xf8d,0x1905,0,0,0,0,0,0,0,0,0,
0,0x16aa,0,0,0x1212,0x1212,0x1212,0x1212,0x1212,0x1212,0x1212,0x1212,0x1212,0x1212,0x1212,0x1212,
0x1212,0x1212,0x1212,0x1212,0x1212,0,0,0,0,0,0,0,0x120f,0x120f,0x120f,0x120f,
0x120f,0x120f,0x120f,0x120f,0x120f,0x120f,0,0,0,0,0,0,0x1230,0x1230,0x1230,0x1230,
0x1230,0x1230,0x1230,0x124b,0x124b,0x124b,0x124b,0x124b,0x11f1,0x124b,0x124e,0x124e,0x124b,0x124b,0x124b,0x126c,
0x1251,0,0x11ee,0x11ee,0x11ee,0x11ee,0x11ee,0x11ee,0x11ee,0x11ee,0x11ee,0x11ee,0x11eb,0x11f4,0x11f4,0x11f4,
0x170d,0x16a7,0x16a7,0x1830,0,0,0,0,0,0,0,0,0x13aa,0x13aa,0x13aa,0x13aa,
0x13aa,0x13aa,0x13aa,0x13aa,0x13aa,0x13aa,0x13aa,0x13aa,0x13aa,0x13aa,0x13aa,0x13aa,0x13aa,0x13aa,0x13aa,0x1458,
0x13a4,0x13a7,0x13aa,0,0,0,0,0,0,0,0,0,0,0x12e1,0x12e1,0x12e1,
0x12e1,0x12e1,0x12e1,0x12e1,0x12e1,0x12e1,0x12e1,0x12e1,0x12e1,0x12e1,0x12e1,0x12e1,0x12e1,0x12e1,0x12e1,0x12e1,
0x12e1,0,0,0,0,0,0,0,0,0,0,0,0x1389,0x1389,0x1389,0x1389,
0x1389,0x1389,0x1389,0x1389,0x1389,0x1389,0x1389,0x1389,0x1389,0x1389,0x1389,0x1389,0x1389,0x1389,0,0x1389,
0x1389,0x1389,0x1389,0x1389,0x1389,0x1389,0x1389,0x1389,0x1389,0x1389,0x1389,0x1389,0x1935,0x196e,0,0,
0,0,0,0,0,0,0,0,0,0,0,0,0,0,0,0,
0,0,0,0,0,0,0,0,0,0,0,0,0x14e8,0x14e8,0x14e8,0x14e8,
0x14e8,0x14e8,0x14e8,0,0x14e8,0,0x14e8,0x14e8,0x14e8,0x14e8,0,0x14e8,0x14e8,0x14e8,0x14e8,0x14e8,
0x14e8,0x14e8,0x14e8,0x14e8,0x14e8,0x14e8,0x14e8,0x14e8,0x14e8,0x14e8,0,0x14e8,0x14e8,0x14e8,0x14e8,0x14e8,
0x14e8,0x14e8,0x14e8,0x14e8,0x14e8,0x14eb,0,0,0,0,0,0,0x135f,0x135f,0x135f,0x135f,
0x135f,0x135f,0x135f,0x135f,0x135f,0x135f,0x135f,0x135f,0x135f,0x135f,0x135f,0x135f,0x135c,0x135c,0x135c,0x143a,
0x143a,0x143a,0x143a,0x143a,0x143a,0x143d,0x1440,0,0,0,0,0,0x1359,0x1359,0x1359,0x1359,
0x1359,0x1359,0x1359,0x1359,0x1359,0x1359,0,0,0,0,0,0,0x1512,0x1470,0x132f,0x13e3,
0,0x1338,0x1338,0x1338,0x1338,0x1338,0x1338,0x1338,0x1338,0,0,0x1338,0x1338,0,0,0x1338,
0x1338,0x1338,0x1338,0x1338,0x1338,0x1338,0x1338,0x1338,0x1338,0x1338,0x1338,0x1338,0x1338,0,0x1338,0x1338,
0x1338,0x1338,0x1338,0x1338,0x1338,0,0x1338,0x1338,0,0x1338,0x1338,0x1338,0x1338,0x1338,0,0x173a,
0x1473,0x1335,0x142e,0x132f,0x142e,0x132f,0x132f,0x132f,0x132f,0,0,0x132f,0x132f,0,0,0x1332,
0x1332,0x1434,0,0,0x14b5,0,0,0,0,0,0,0x142e,0,0,0,0,
0,0x133e,0x133b,0x133b,0x1338,0x1338,0x132f,0x132f,0,0,0x1431,0x1431,0x1431,0x1431,0x1431,0x1431,
0x1431,0,0,0,0x1431,0x1431,0x1431,0x1431,0x1431,0,0,0,0,0,0,0,
0,0,0,0,0x1a16,0x1a16,0x1a16,0x1a19,0x1a16,0x1a19,0x1a16,0x1a16,0x1a16,0x1a16,0,0x1a16,
0,0,0x1a19,0,0x1a16,0x1a19,0x1a13,0x1a13,0x1a13,0x1a13,0x1a13,0x1a13,0x1a13,0x1a13,0x1a13,0x1a13,
0x1a13,0x1a13,0x1a13,0x1a13,0x1a13,0x1a13,0x1a13,0x1a13,0x1a13,0x1a13,0x1a13,0x1a13,0x1a13,0x1a13,0,0x19fe,
0x1a3d,0x19fb,0x19fb,0x1a3d,0x1a3d,0x1a3d,0x1a3d,0x1a3d,0x1a3d,0,0x1a3d,0,0,0x1a40,0,0x1a40,
0x1a40,0x1a3d,0x19fb,0,0x19fb,0x19fb,0x1a49,0x1a49,0x1a4c,0x1a01,0x1a46,0x1a04,0x1a07,0x1a07,0,0x19f8,
0x19f8,0,0,0,0,0,0,0,0,0x1a43,0x1a43,0,0,0,0,0,
0,0,0,0,0,0,0,0,0,0,0,0,0,0,0,0,
0,0,0,0,0,0,0,0,0x1587,0x1587,0x15d5,0x15cf,0x15cf,0x1587,0x15d2,0x158a,
0x158a,0x158a,0x158a,0x158d,0x158d,0x1581,0x157e,0x157b,0x1584,0x1584,0x1584,0x1584,0x1584,0x1584,0x1584,0x1584,
0x1584,0x1584,0x17fa,0x1581,0,0x157b,0x171f,0x177c,0x17fd,0x17fd,0,0,0,0,0,0,
0,0,0,0,0,0,0,0,0,0,0,0,0,0,0,0,
0,0,0,0,0,0,0,0,0x144f,0x1395,0x1455,0x1452,0x139b,0x139b,0x138f,0x139b,
0,0,0,0,0,0,0,0,0x1392,0x1392,0x1392,0x1392,0x1392,0x1392,0x1392,0x1392,
0x1392,0x1392,0,0,0,0,0,0,0x13ce,0x13ce,0x13ce,0x13ce,0x13ce,0x13ce,0x13ce,0x13ce,
0x13ce,0x13ce,0x13ce,0x13ce,0x13ce,0x13ce,0x13ce,0x1461,0x13c8,0x13c8,0x1461,0x1461,0x1461,0x1461,0,0,
0x13c8,0x13c8,0x13cb,0x13cb,0x1461,0x1461,0x13c8,0x1467,0x1464,0x13bf,0x13d1,0x13d1,0x13c2,0x13c2,0x13c5,0x13c5,
0x13c5,0x13d1,0x14f1,0x14f1,0x14f1,0x14f1,0x14f1,0x14f1,0x14f1,0x14f1,0x14f1,0x14f1,0x14f1,0x14f1,0x14f1,0x14f1,
0x14ee,0x14ee,0x14ee,0x14ee,0x1521,0x1521,0,0,0x145b,0x13b9,0x13b9,0x13ad,0x13b6,0,0,0,
0,0,0,0,0,0,0,0,0x13b0,0x13b0,0x13b0,0x13b0,0x13b0,0x13b0,0x13b0,0x13b0,
0x13b0,0x13b0,0,0,0,0,0,0,0x154b,0x154b,0x154b,0x154b,0x154b,0x154b,0x154b,0x154b,
0x154b,0x154b,0x154b,0x154b,0x154b,0,0,0,0,0,0,0,0,0,0,0,
0,0,0,0,0,0,0,0,0x121b,0x121b,0x121b,0x121b,0x121b,0x121b,0x121b,0x121b,
0x121b,0x121b,0x121b,0x125a,0x1218,0x125a,0x1218,0x1218,0x125a,0x125a,0x125a,0x125a,0x125a,0x125a,0x1260,0x125d,
0x1776,0x18b4,0,0,0,0,0,0,0x1215,0x1215,0x1215,0x1215,0x1215,0x1215,0x1215,0x1215,
0x1215,0x1215,0,0,0,0,0,0,0x19a1,0x19a1,0x19a1,0x19a1,0x19a1,0x19a1,0x19a1,0x19a1,
0x19a1,0x19a1,0x19a1,0x19a1,0x19a1,0x19a1,0x19a1,0x19a1,0,0,0,0,0,0,0,0,
0,0,0,0,0,0,0,0,0,0,0,0,0,0,0,0,
0,0,0,0,0x14dc,0x14dc,0x14dc,0x14dc,0x14dc,0x14dc,0x14dc,0x14dc,0x14dc,0x14dc,0x14dc,0x14dc,
0x14dc,0x14dc,0x14dc,0x14dc,0x14dc,0x14dc,0x14dc,0x14dc,0x14dc,0x14dc,0x14dc,0x14dc,0x14dc,0x14dc,0x16ad,0,
0,0x151b,0x14d9,0x151b,0x14d6,0x14d6,0x151b,0x151b,0x151b,0x151b,0x14d9,0x151b,0x151b,0x151b,0x151b,0x151e,
0,0,0,0,0x14d3,0x14d3,0x14d3,0x14d3,0x14d3,0x14d3,0x14d3,0x14d3,0x14d3,0x14d3,0x14d0,0x14d0,
0x14df,0x14df,0x14df,0x14d0,0x18b7,0x18b7,0x18b7,0x18b7,0x18b7,0x18b7,0x18b7,0,0,0,0,0,
0,0,0,0,0,0,0,0,0,0,0,0,0,0,0,0,
0,0,0,0,0x16b9,0x16b9,0x16b9,0x16b9,0x16b9,0x16b9,0x16b9,0x16b9,0x16b9,0x16b9,0x16b9,0x16b9,
0x16b6,0x16b6,0x16b6,0x1722,0x1722,0x1722,0x1722,0x1722,0x1722,0x1722,0x1722,0x1722,0x16b6,0x1728,0x1725,0x16b3,
0,0,0,0,0x1365,0x1365,0x1365,0x1365,0x1365,0x1365,0x1365,0x1365,0x1365,0x1365,0x1362,0x1362,
0x1362,0x1362,0x1362,0x1362,0x1362,0x1362,0x1362,0,0,0,0,0,0,0,0,0,
0,0,0,0x136b,0x1833,0x1833,0x1833,0x1833,0x1833,0x1833,0x1833,0,0,0x1833,0,0,
0x1833,0x1833,0x1833,0x1833,0x1833,0x1833,0x1833,0x1833,0,0x1833,0x1833,0,0x1833,0x1833,0x1833,0x1833,
0x1833,0x1833,0x1833,0x1833,0x1833,0x1833,0x1833,0x1833,0x1833,0x1833,0x1833,0x1833,0x1845,0x180c,0x180c,0x180c,
0x180c,0x180c,0,0x180c,0x180f,0,0,0x1845,0x1845,0x184b,0x1857,0x1812,0x180c,0x1812,0x180c,0x1848,
0x1815,0x1806,0x1815,0,0,0,0,0,0,0,0,0,0x1809,0x1809,0x1809,0x1809,
0x1809,0x1809,0x1809,0x1809,0x1809,0x1809,0,0,0,0,0,0,0x1797,0x1797,0x1797,0x1797,
0x1797,0x1797,0x1797,0x1797,0,0,0x1797,0x1797,0x1797,0x1797,0x1797,0x1797,0x1797,0x1797,0x1797,0x1797,
0x1797,0x1797,0x1797,0x1797,0x1797,0x1797,0x1797,0x1797,0x1797,0x1797,0x1797,0x1797,0x1797,0x1794,0x1794,0x1794,
0x17c7,0x17c7,0x17c7,0x17c7,0,0,0x17c7,0x17c7,0x1794,0x1794,0x1794,0x1794,0x17ca,0x1797,0x1791,0x1797,
0x1794,0,0,0,0,0,0,0,0,0,0,0,0,0,0,0,
0,0,0,0,0,0,0,0,0,0,0,0,0x160e,0x1611,0x161a,0x161a,
0x1611,0x1614,0x160e,0x166b,0,0,0,0,0,0,0,0,0x1635,0x1656,0x1656,0x1656,
0x1656,0x1656,0x1656,0x1605,0x1605,0x1656,0x1656,0x1656,0x1635,0x1635,0x1635,0x1635,0x15ff,0x1602,0x1602,0,
0,0,0,0,0,0,0,0,0,0,0,0,0x18a2,0x18a2,0x18a2,0x18a2,
0x18a2,0x18a2,0x18a2,0x18a2,0x18a2,0x18a2,0x18a2,0x18a2,0x18a2,0x18a2,0x18a2,0x18a2,0x13bc,0x13bc,0x13bc,0x13bc,
0x13bc,0x13bc,0x13bc,0x13bc,0x13bc,0x13bc,0x13bc,0x13bc,0x13bc,0x13bc,0x13bc,0x13bc,0x13bc,0x13bc,0x13bc,0x13bc,
0x13bc,0x13bc,0x13bc,0x13bc,0x13bc,0,0,0,0,0,0,0,0x191d,0x191d,0x191d,0x191d,
0x191d,0x191d,0x191d,0x191d,0x191d,0x191d,0x1b2d,0,0,0,0,0,0,0,0,0,
0,0,0,0,0,0,0,0,0,0,0,0,0x1ab2,0x1a7f,0x1ab2,0x1ab2,
0x1ab2,0x1a7f,0x1ab2,0x1a7f,0,0,0,0,0,0,0,0,0,0,0,0,
0,0,0,0,0,0,0,0,0,0,0,0,0x19ef,0x19e9,0,0,
0,0,0,0,0,0,0,0,0,0,0,0,0x19ec,0x19ec,0x19ec,0x19ec,
0x19ec,0x19ec,0x19ec,0x19ec,0x19ec,0x19ec,0,0,0,0,0,0,0x1569,0x1569,0x1569,0x1569,
0x1569,0x1569,0x1569,0x1569,0x1569,0,0x1569,0x1569,0x1569,0x1569,0x1569,0x1569,0x1569,0x1569,0x1569,0x1569,
0x1569,0x1569,0x1569,0x1569,0x1569,0x1569,0x1569,0x1569,0x1569,0x1569,0x1569,0x1569,0x1569,0x1569,0x1569,0x1566,
0x15c6,0x15c6,0x15c6,0x15c6,0x15c6,0x15c6,0x15c6,0,0x15c6,0x15c6,0x15c6,0x15c6,0x15c6,0x15c6,0x1566,0x15c9,
0x1569,0x156c,0x156c,0x1560,0x155d,0x155d,0,0,0,0,0,0,0,0,0,0,
0x1563,0x1563,0x1563,0x1563,0x1563,0x1563,0x1563,0x1563,0x1563,0x1563,0x155a,0x155a,0x155a,0x155a,0x155a,0x155a,
0x155a,0x155a,0x155a,0x155a,0x155a,0x155a,0x155a,0x155a,0x155a,0,0,0,0x156f,0x1572,0x1578,0x1578,
0x1578,0x1578,0x1578,0x1578,0x1578,0x1578,0x1578,0x1578,0x1578,0x1578,0x1578,0x1578,0x1578,0x1578,0x1578,0x1578,
0,0,0x15cc,0x15cc,0x15cc,0x15cc,0x15cc,0x15cc,0x15cc,0x15cc,0x15cc,0x15cc,0x15cc,0x15cc,0x15cc,0x15cc,
0,0x1575,0x15cc,0x15cc,0x15cc,0x15cc,0x15cc,0x15cc,0x15cc,0x1575,0x15cc,0x15cc,0x1575,0x15cc,0x15cc,0,
0,0,0,0,0,0,0,0,0x15f6,0x15f6,0x15f6,0x15f6,0x15f6,0x15f6,0x15f6,0,
0x15f6,0x15f6,0,0x15f6,0x15f6,0x15f6,0x15f6,0x15f6,0x15f6,0x15f6,0x15f6,0x15f6,0x15f6,0x15f6,0x15f6,0x15f6,
0x15f6,0x15f6,0x15f6,0x15f6,0x15f6,0x15f6,0x15f6,0x15f6,0x15f6,0x164d,0x164d,0x164d,0x164d,0x164d,0x164d,0,
0,0,0x164d,0,0x164d,0x164d,0,0x164d,0x164d,0x164d,0x1650,0x164d,0x1653,0x1653,0x15f9,0x164d,
0,0,0,0,0,0,0,0,0x15f3,0x15f3,0x15f3,0x15f3,0x15f3,0x15f3,0x15f3,0x15f3,
0x15f3,0x15f3,0,0,0,0,0,0,0x16c2,0x16c2,0x16c2,0x16c2,0x16c2,0x16c2,0,0x16c2,
0x16c2,0,0x16c2,0x16c2,0x16c2,0x16c2,0x16c2,0x16c2,0x16c2,0x16c2,0x16c2,0x16c2,0x16c2,0x16c2,0x16c2,0x16c2,
0x16c2,0x16c2,0x16c2,0x16c2,0x16c2,0x16c2,0x16c2,0x16c2,0x16c2,0x16c2,0x16bf,0x16bf,0x16bf,0x16bf,0x16bf,0,
0x172b,0x172b,0,0x16bf,0x16bf,0x172b,0x16bf,0x172e,0x16c2,0,0,0,0,0,0,0,
0x16bc,0x16bc,0x16bc,0x16bc,0x16bc,0x16bc,0x16bc,0x16bc,0x16bc,0x16bc,0,0,0,0,0,0,
0x1a91,0x1a91,0x1a91,0x1a91,0x1a91,0x1a91,0x1a91,0x1a91,0x1a91,0x1a91,0x1a91,0x1a91,0x1a91,0x1a91,0x1a91,0x1a91,
0x1a91,0x1a91,0x1a91,0x1a91,0x1a91,0x1a91,0x1a91,0x1a91,0x1a91,0x1a94,0x1a91,0x1a91,0,0,0,0,
0x1a8e,0x1a8e,0x1a8e,0x1a8e,0x1a8e,0x1a8e,0x1a8e,0x1a8e,0x1a8e,0x1a8e,0,0,0,0,0,0,
0x1b48,0x1b2a,0,0,0,0,0,0,0,0,0,0,0,0,0,0,
0x16cb,0x16cb,0x16cb,0x16cb,0x16cb,0x16cb,0x16cb,0x16cb,0x16cb,0x16cb,0x16cb,0x16cb,0x16cb,0x16cb,0x16cb,0x16cb,
0x16cb,0x16cb,0x16c8,0x1731,0x1731,0x16c5,0x16c5,0x16ce,0x16ce,0,0,0,0,0,0,0,
0x1971,0x1971,0x1941,0x193e,0x195c,0x195c,0x195c,0x195c,0x195c,0x195c,0x195c,0x195c,0x195c,0x195c,0x195c,0x195c,
0x195c,0,0x195c,0x195c,0x195c,0x195c,0x195c,0x195c,0x195c,0x195c,0x195c,0x195c,0x195c,0x195c,0x195c,0x195c,
0x195c,0x195c,0x195c,0x195c,0x195c,0x195c,0x195c,0x195c,0x193e,0x193e,0x1971,0x1971,0x1971,0x1971,0x1971,0,
0,0,0x193e,0x193e,0x1971,0x1974,0x197a,0x1944,0x1944,0x1938,0x1938,0x1938,0x1938,0x1938,0x1938,0x1938,
0x1938,0x1938,0x1938,0x1938,0x193b,0x193b,0x193b,0x193b,0x193b,0x193b,0x193b,0x193b,0x193b,0x193b,0x1a22,0,
0,0,0,0,0,0,0,0,0,0,0,0,0,0,0,0,
0x17f4,0,0,0,0,0,0,0,0,0,0,0,0,0,0,0,
0x1761,0x175b,0x175b,0x175b,0x175b,0x175b,0x175b,0x175b,0x175b,0x175b,0x175b,0x175b,0x175b,0x175b,0x175b,0x175b,
0x175b,0x175b,0,0,0,0,0,0,0,0,0,0,0,0,0,0x175e,
0x1305,0x1305,0x1305,0x1305,0x1305,0x1305,0x1305,0x1305,0x1305,0x1305,0x1305,0x1305,0x1305,0x1305,0x1305,0x1305,
0x1305,0x1305,0x1305,0x1305,0x1305,0x1305,0x1305,0x1305,0x1305,0x14a9,0,0,0,0,0,0,
0x14a9,0x14a9,0x14a9,0x14a9,0,0,0,0,0,0,0,0,0,0,0,0,
0x1b06,0x1b06,0x1b06,0x1b06,0x1b06,0x1b06,0x1b06,0x1b06,0x1b06,0x1b06,0x1b06,0x1b06,0x1b06,0x1b06,0x1b06,0x1b06,
0x1b00,0x1b00,0x1b00,0x1b00,0x1b00,0x1b00,0x1b00,0,0,0,0,0,0,0,0,0,
0,0,0,0,0,0,0,0,0,0,0,0,0,0,0,0,
0x18bd,0x18bd,0x18bd,0x18bd,0x18bd,0x18bd,0x18bd,0x18bd,0x18bd,0x18bd,0x18bd,0x18bd,0x18bd,0x18bd,0x18bd,0x18bd,
0x18bd,0x18ba,0x18ba,0,0,0,0,0,0,0,0,0,0,0,0,0,
0x1968,0x192f,0x192f,0x192f,0x192f,0x192f,0x192f,0x196b,0x196b,0x196b,0x196b,0x196b,0x196b,0x196b,0x196b,0x196b,
0x196b,0x196b,0x196b,0x196b,0x196b,0x196b,0,0,0,0,0,0,0,0,0,0,
0x19a7,0x19a7,0x19a7,0x19a7,0x19a7,0x19a7,0x19a7,0x19a7,0x19a7,0x19a7,0x19a7,0x19a7,0x19a7,0x19a7,0x19a7,0x19a7,
0x19a7,0x19a7,0x19a7,0x19a7,0x19a7,0x19a7,0x19a7,0x19a7,0x19a7,0x19a7,0x19a7,0,0,0,0,0,
0x14c7,0x14c7,0x14c7,0x14c7,0x14c7,0x14c7,0x14c7,0,0,0,0,0,0,0,0,0,
0,0,0,0,0,0,0,0,0,0,0,0,0,0,0,0,
0x1a2e,0x1a31,0x1a31,0x1a31,0x1a31,0x1a31,0x1a31,0x1a31,0x1a31,0x1a2e,0x19c5,0x19c5,0x19c5,0x1a2e,0x1a2e,0x1a34,
0x19c2,0x19c2,0x19c2,0x19c2,0x19c2,0x19c2,0x19c2,0x19c2,0x19c2,0x19c2,0,0,0,0,0,0,
0x1122,0x1122,0x1122,0x1122,0x1122,0x1122,0x1122,0x1122,0x1122,0x1122,0x1122,0x1122,0x1122,0x1122,0x1122,0x1122,
0x1122,0x1122,0x1122,0x1122,0x1122,0x1122,0x1122,0x1122,0x1122,0,0,0,0,0,0,0,
0x1374,0x1374,0x1374,0x1374,0x1374,0x1374,0x1374,0x1374,0x1374,0x1374,0x1374,0x1374,0x1374,0x1374,0x1374,0x1374,
0x1374,0x1374,0x1374,0x1374,0x1374,0x1374,0x1374,0x1374,0x1374,0x1374,0x1374,0x1374,0x1374,0x1374,0x1374,0,
0x1371,0x1371,0x1371,0x1371,0x1371,0x1371,0x1371,0x1371,0x1371,0x1371,0,0,0,0,0x1377,0x1377,
0x18c9,0x18c9,0x18c9,0x18c9,0x18c9,0x18c9,0x18c9,0x18c9,0x18c9,0x18c9,0x18c9,0x18c9,0x18c9,0x18c9,0x18c9,0x18c9,
0x18c9,0x18c9,0x18c9,0x18c9,0x18c9,0x18c9,0x18c9,0x18c9,0x18c9,0x18c9,0x18c9,0x18c9,0x18c9,0x18c9,0x18c9,0,
0x18c6,0x18c6,0x18c6,0x18c6,0x18c6,0x18c6,0x18c6,0x18c6,0x18c6,0x18c6,0,0,0,0,0,0,
0x131d,0x131d,0x131d,0x131d,0x131d,0x131d,0x131d,0x131d,0x131d,0x131d,0x131d,0x131d,0x131d,0x131d,0x131d,0x131d,
0x131d,0x131d,0,0,0x1425,0x1425,0x1425,0x1425,0x1425,0x1320,0,0,0,0,0,0,
0,0,0,0,0x12f3,0x12f3,0x12f6,0x12f6,0x12f9,0x12ea,0,0,0,0,0,0,
0,0,0,0,0x12f0,0x12f0,0x12f0,0x12f0,0x12f0,0x12f0,0x12f0,0x12f0,0x12f0,0x12f0,0,0x12ea,
0x12ea,0x12ea,0x12ea,0x12ea,0x12ea,0x12ea,0,0x12f3,0x12f3,0x12f3,0x12f3,0x12f3,0x12f3,0x12f3,0x12f3,0x12f3,
0x12f3,0x12f3,0x12f3,0x12f3,0x12f3,0x12f3,0x12f3,0x12f3,0x12f3,0x12f3,0x12f3,0x12f3,0,0,0,0,
0,0x12f3,0x12f3,0x12f3,0x12f3,0x12f3,0x12f3,0x12f3,0x12f3,0x12f3,0x12f3,0x12f3,0x12f3,0x12f3,0x12f3,0x12f3,
0x12f3,0x12f3,0x12f3,0x12f3,0,0,0,0,0,0,0,0,0,0,0,0,
0,0,0,0,0x19d1,0x19d1,0x19d1,0x19d4,0x19d1,0x19d1,0x19d1,0x19d4,0x19d7,0x19d7,0x19d7,0x19da,
0x19da,0x19cb,0x19dd,0x19dd,0x19ce,0x19ce,0x19ce,0x19ce,0x19ce,0x19ce,0x19ce,0x19ce,0x19ce,0x19ce,0,0,
0,0,0,0,0x16d1,0x16d1,0x16d1,0x16d1,0x16d1,0x16d1,0x16d1,0x16d1,0x16d1,0x16d1,0x16d1,0x16d1,
0x16d1,0x16d1,0x16d1,0x16d1,0x16d1,0x16d1,0x16d1,0x16d1,0x16d1,0x16d1,0x16d1,0x16d4,0x16dd,0x16d1,0x16d1,0,
0,0,0,0,0x1a85,0x1a85,0x1a85,0x1a85,0x1a85,0x1a85,0x1a85,0x1a85,0x1a85,0x1a85,0x1a85,0x1a85,
0x1a85,0x1a85,0x1a85,0x1a85,0x1a85,0x1a85,0x1a85,0x1a85,0x1a85,0x1a85,0x1a85,0x1a85,0x1a85,0,0,0x1a82,
0x1a82,0x1a82,0x1a82,0x1a82,0x1a82,0x1a82,0x1a82,0x1a82,0x1a82,0x1a82,0x1a82,0x1a82,0x1a82,0x1a82,0x1a82,0x1a82,
0x1a82,0x1a82,0x1a82,0x1a82,0,0,0,0,0,0,0,0,0,0,0,0,
0x11d3,0x11d3,0x11d3,0x11d3,0x11d3,0x1773,0x1773,0x1773,0x1773,0x1773,0x1773,0,0,0,0,0x17c1,
0x11d3,0x11d0,0x11d0,0x11d0,0x11d0,0x11d0,0x11d0,0x11d0,0x11d0,0x11d0,0x11d0,0x11d0,0x11d0,0x11d0,0x11d0,0x11d0,
0x1770,0x1770,0x1770,0x1770,0x1770,0x1770,0x1770,0x1770,0,0,0,0,0,0,0,0x1242,
0x1242,0x1242,0x1242,0x11d6,0x11d6,0x11d6,0x11d6,0x11d6,0x11d6,0x11d6,0x11d6,0x11d6,0x11d6,0x11d6,0x11d6,0x11d6,
0x15a8,0x1632,0x17af,0x17b2,0x1854,0,0,0,0,0,0,0,0,0,0,0,
0x1851,0x1851,0x1a9d,0x1a9d,0x1a9a,0x1a9a,0x1a9a,0,0,0,0,0,0,0,0,0,
0x182d,0x182d,0x182d,0x182d,0x182d,0x182d,0x182d,0x182d,0x182d,0x182d,0x182d,0x182d,0x182d,0x182d,0x182d,0x182d,
0x182d,0x182d,0x182d,0x182d,0x182d,0x182d,0x1b24,0x1b24,0x1b24,0x1b24,0x1b24,0,0,0,0,0,
0,0,0,0,0,0,0,0,0,0,0,0,0,0,0,0,
0,0,0,0,0,0,0,0,0,0,0,0x1a0d,0x1b21,0,0,0,
0,0,0,0,0,0,0,0,0,0,0,0,0,0,0,0,
0,0,0,0,0,0,0,0,0,0,0,0,0x1aa3,0x1aa3,0x1aa3,0x1aa3,
0x1aa3,0x1aa3,0x1aa3,0x1aa3,0x1aa3,0x1aa3,0x1aa3,0x1aa3,0x1aa3,0x1aa3,0x1aa3,0x1aa3,0x1aa3,0x1aa3,0x1aa3,0,
0,0,0,0,0,0,0,0,0,0,0,0,0x1b1e,0x1b1e,0x1b1e,0x1b1e,
0x1b1e,0x1b1e,0x1b1e,0x1b1e,0x1b1e,0x1b1e,0x1b1e,0x1b1e,0x1b1e,0x1b1e,0x1b1e,0x1b1e,0x1b1e,0x1b1e,0,0,
0,0,0,0,0,0,0,0,0,0,0,0,0x1b1e,0x1b1e,0x1b1e,0x1b1e,
0x1b1e,0x1b1e,0x1b1e,0x1b1e,0x1b1e,0x1b1e,0x1b1e,0x1b1e,0x1b1e,0x1b1e,0x1b1e,0x1b1e,0x1b1e,0x1b1e,0x1b1e,0,
0,0,0,0,0,0,0,0,0,0,0,0,0,0,0,0,
0x18e4,0x18e4,0x18e4,0x18e4,0,0x18e4,0x18e4,0x18e4,0x18e4,0x18e4,0x18e4,0x18e4,0,0x18e4,0x18e4,0,
0x18e1,0x18e1,0x18e1,0x1b12,0x1b1b,0x1b1b,0x1b1b,0x1b15,0x1b15,0,0,0,0,0,0,0,
0,0,0x1956,0,0,0,0,0,0,0,0,0,0,0,0,0,
0,0,0,0,0x17b5,0x17b5,0x17b5,0,0,0x1959,0,0,0,0,0,0,
0,0,0,0,0x17b8,0x17b8,0x17b8,0x17b8,0x1b18,0,0,0,0,0,0,0,
0x162f,0x162f,0x162f,0x162f,0x162f,0x162f,0x162f,0x162f,0x162f,0x162f,0x162f,0x162f,0x162f,0x162f,0x162f,0x162f,
0x162f,0x162f,0x162f,0x162f,0x162f,0x162f,0x162f,0x162f,0x162f,0x162f,0x162f,0x162f,0,0,0,0,
0x1326,0x1326,0x1326,0x1326,0x1326,0x1326,0x1326,0x1326,0x1326,0x1326,0x1326,0,0,0,0,0,
0x1326,0x1326,0x1326,0x1326,0x1326,0x1326,0x1326,0x1326,0x1326,0x1326,0x1326,0x1326,0x1326,0,0,0,
0,0,0,0,0x1326,0x1326,0x1326,0x1326,0x1326,0x1326,0x1326,0x1326,0x1326,0x1326,0,0,
0x1323,0x1428,0x142b,0x1329,0x13d4,0x13d4,0x13d4,0x13d4,0,0,0,0,0,0,0,0,
0,0,0,0,0,0,0,0,0,0,0,0,0,0,0,0,
0,0,0,0,0x1989,0x1989,0x1989,0x1989,0x1989,0x1989,0x1989,0x1989,0x1989,0x1989,0x1989,0x1989,
0x1989,0x1989,0x1989,0x1989,0x198c,0x198c,0x198c,0x198c,0x198c,0x198c,0x198c,0x198c,0x198c,0x198c,0x1a4f,0x1a4f,
0x1a4f,0,0,0,0x1986,0x1986,0x1986,0x1986,0x1986,0x1986,0x1986,0x1986,0x1986,0x1986,0x1986,0x1986,
0x1986,0x1986,0x1986,0x1986,0x1986,0x1986,0x1986,0x1986,0,0,0,0,0,0,0x1a4f,0x1a4f,
0x1a4f,0x1a4f,0x1a4f,0x1a4f,0x1a4f,0x1a4f,0x1a4f,0x1a4f,0x1a4f,0x1a4f,0x1a4f,0x1a4f,0x1a4f,0x1a4f,0x1a4f,0x1a4f,
0x1a4f,0,0x1ab8,0x1ab8,0x1ab8,0,0,0,0,0,0,0,0,0x1ac1,0x1ac1,0x1ac1,
0x1a4f,0x1a4f,0x1a4f,0x1a4f,0x1a4f,0x1a4f,0x1a4f,0x1a4f,0x1a4f,0x1a4f,0x1a4f,0x1a4f,0x1a4f,0x1a4f,0x1a4f,0x1a4f,
0x1a55,0x1ac1,0x1ac1,0x1ac1,0x1ac1,0x1ac1,0x1ac1,0x1ac1,0x1ac1,0x1ac1,0x1ac1,0x1ac1,0x1ac1,0x1ac1,0,0,
0x18ed,0x18ed,0x18ed,0x18ed,0x18ed,0x18ed,0x18ed,0x18ed,0x18ed,0x18ed,0x18ed,0x18ed,0x18ed,0x18ed,0,0,
0x18ed,0x18ed,0x18ed,0x18ed,0x18ed,0x18ed,0x18ed,0x18ed,0x18ed,0x18ed,0x18ed,0x18ed,0x18ed,0x18ed,0x18ed,0x18ed,
0x18ed,0x18ed,0x18ed,0,0,0,0,0,0,0,0,0,0x185d,0x185d,0x185d,0x185d,
0x185d,0x185d,0x185d,0x185d,0x185d,0x185d,0x185d,0x185d,0x185d,0x185d,0x185d,0x185d,0,0,0,0,
0,0,0,0,0,0,0,0,0,0,0,0,0,0,0,0,
0,0,0,0,0,0,0,0,0x918,0x918,0x918,0x918,0x918,0x918,0x918,0x918,
0x918,0x918,0x918,0x918,0x918,0x918,0x918,0x918,0x918,0x918,0x918,0x918,0x918,0x918,0,0,
0,0,0,0,0,0,0,0,0xb82,0xb82,0xc30,0xc30,0xc30,0xb82,0,0,
0,0,0,0,0,0,0,0,0x1b33,0x1b33,0x1b33,0x1ab8,0x1ab8,0x1ab8,0x1ab8,0x1ab8,
0x1ab8,0x1ab8,0x1ab8,0x1b39,0x1b39,0x1ab8,0x1ab8,0x1b30,0x1b30,0x1b30,0,0,0,0,0,0,
0,0,0,0,0,0,0,0,0,0,0,0,0,0,0,0,
0,0,0,0,0,0,0,0,0x1911,0x1911,0x1911,0x1911,0x1911,0x1911,0x1911,0x1911,
0x1911,0x1911,0x1911,0x1911,0x1911,0x1911,0x1911,0x1911,0x1911,0x1911,0x1911,0x1911,0,0,0,0,
0,0,0,0,0,0,0,0,0x1671,0x1671,0x1671,0x1671,0x1671,0x1671,0x1671,0x1671,
0x1671,0x1671,0x1671,0x1671,0x1671,0x1671,0x1671,0x1671,0x1671,0x1671,0x1671,0x1671,0,0,0,0,
0,0,0,0,0,0,0,0,0xad1,0xad1,0xad1,0xad1,0xad1,0xad1,0xad1,0xad1,
0xad1,0xad1,0xad1,0xad1,0xad1,0xad1,0xad1,0xad1,0xad1,0xad1,0xad1,0xad1,0xad1,0xad1,0xad1,0,
0,0,0,0,0,0,0,0,0xcde,0xcde,0xcde,0xcde,0xcde,0xcde,0xcde,0xcde,
0xcde,0xcde,0xcde,0xcde,0xcde,0xcde,0xcde,0xcde,0xcde,0xcde,0x16f8,0x16f8,0x16f8,0x16f8,0x16f8,0x1671,
0x1671,0,0,0,0,0,0,0,0x927,0x927,0x927,0x927,0x927,0x927,0x927,0x927,
0x927,0x927,0x927,0x927,0x927,0x927,0x924,0x924,0x924,0x924,0x924,0x924,0x924,0,0x924,0x924,
0x924,0x924,0x924,0x924,0x924,0x924,0x924,0x924,0x927,0x927,0x924,0x924,0x924,0x924,0x924,0x924,
0x924,0x924,0x924,0x924,0x924,0x924,0x924,0x924,0x924,0x924,0x924,0x924,0x924,0x924,0x924,0x924,
0x924,0x924,0x924,0x924,0x927,0,0x927,0x927,0,0,0x927,0,0,0x927,0x927,0,
0,0x927,0x927,0x927,0x927,0,0x927,0x927,0x927,0x927,0x927,0x927,0x927,0x927,0x924,0x924,
0x924,0x924,0,0x924,0,0x924,0x924,0x924,0x924,0xa32,0x924,0x924,0,0x924,0x924,0x924,
0x924,0x924,0x924,0x924,0x924,0x924,0x924,0x924,0x927,0x927,0x927,0x927,0x927,0x927,0x927,0x927,
0x927,0x927,0x927,0x927,0x927,0x927,0x927,0x927,0x924,0x924,0x924,0x924,0x927,0x927,0,0x927,
0x927,0x927,0x927,0,0,0x927,0x927,0x927,0x927,0x927,0x927,0x927,0x927,0,0x927,0x927,
0x927,0x927,0x927,0x927,0x927,0,0x924,0x924,0x924,0x924,0x924,0x924,0x924,0x924,0x924,0x924,
0x924,0x924,0x924,0x924,0x924,0x924,0x924,0x924,0x924,0x924,0x924,0x924,0x924,0x924,0x924,0x924,
0x927,0x927,0,0x927,0x927,0x927,0x927,0,0x927,0x927,0x927,0x927,0x927,0,0x927,0,
0,0,0x927,0x927,0x927,0x927,0x927,0x927,0x927,0,0x924,0x924,0x924,0x924,0x924,0x924,
0x924,0x924,0x924,0x924,0x924,0x924,0x924,0x924,0xb22,0xb22,0x1ac4,0,0x927,0x927,0x927,0x927,
0x927,0x927,0x927,0x927,0x927,0x927,0x927,0x927,0x927,0x927,0x927,0x927,0x927,0x927,0x927,0x927,
0x927,0x927,0x927,0x927,0x924,0x924,0x924,0x91e,0x924,0x924,0x924,0x924,0x924,0x924,0xc60,0xc5d,
0,0,0x921,0x921,0x921,0x921,0x921,0x921,0x921,0x921,0x921,0x921,0x921,0x921,0x921,0x921,
0x921,0x921,0x921,0x921,0x14ac,0x14ac,0x14ac,0x14ac,0x150f,0x14ac,0x14ac,0x14af,0x14b2,0x14af,0x14af,0x14ac,
0,0,0,0,0,0,0,0,0,0,0,0,0,0,0,0x150f,
0x150f,0x150f,0x150f,0x150f,0,0x150f,0x150f,0x150f,0x150f,0x150f,0x150f,0x150f,0x150f,0x150f,0x150f,0x150f,
0x150f,0x150f,0x150f,0x150f,0,0,0,0,0,0,0,0,0,0,0,0,
0,0,0,0,0x1ac1,0x1ac1,0x1ac1,0x1ac1,0x1ac1,0x1ac1,0x1ac1,0x1ac1,0x1ac1,0x1ac1,0x1ac1,0x1ac1,
0x1ac1,0x1ac1,0x1ac1,0x1ac1,0x1ac1,0x1ac1,0x1ac1,0x1ac1,0x1ac1,0x1ac1,0x1ac1,0x1ac1,0x1ac1,0x1ac1,0x1ac1,0x1ac1,
0x1ac1,0,0,0,0x1aeb,0x1aeb,0,0,0,0,0,0,0,0,0,0,
0,0,0,0,0x1ae8,0x1ae8,0x1ae8,0x1ae8,0x1ae8,0x1af4,0x1ae8,0,0,0,0,0,
0,0,0,0,0,0,0,0,0,0x1afd,0x1afd,0x1afd,0x1af7,0x1afd,0x1afd,0x1afd,
0x1afd,0x1afd,0x1afd,0x1afd,0x1afd,0x1afd,0x1afd,0x1afd,0x1afd,0x1afd,0x1afd,0x1afd,0x15b4,0x15b4,0x15b4,0x15b4,
0x15b4,0x15b4,0x15b4,0,0x15b4,0x15b4,0x15b4,0x15b4,0x15b4,0x15b4,0x15b4,0x15b4,0x15b4,0x15b4,0x15b4,0x15b4,
0x15b4,0x15b4,0x15b4,0x15b4,0x15b4,0,0,0x15b4,0x15b4,0x15b4,0x15b4,0x15b4,0x15b4,0x15b4,0,0x15b4,
0x15b4,0,0x15b4,0x15b4,0x15b4,0x15b4,0x15b4,0,0,0,0,0,0x191a,0x191a,0x191a,0x191a,
0x191a,0x191a,0x191a,0x191a,0x191a,0x191a,0x191a,0x191a,0x191a,0x191a,0x191a,0x191a,0x1917,0x1917,0x1917,0x1917,
0x1917,0x1917,0x1917,0x1917,0x1917,0x1917,0x1917,0x191a,0x191a,0x191a,0,0,0,0,0,0,
0,0,0,0,0,0,0,0,0,0,0,0,0,0,0,0x1962,
0,0,0,0,0,0,0,0,0,0,0,0,0,0,0,0,
0x178b,0x178b,0x178b,0x178b,0x178b,0x178b,0x178b,0x178b,0x178b,0x178b,0x178b,0x178b,0x178b,0,0,0,
0x17c4,0x17c4,0x17c4,0x17c4,0x17c4,0x17c4,0x17c4,0x178b,0x178b,0x178b,0x178b,0x178b,0x178e,0x178e,0,0,
0x1788,0x1788,0x1788,0x1788,0x1788,0x1788,0x1788,0x1788,0x1788,0x1788,0,0,0,0,0x178b,0x1785,
0,0,0,0,0,0,0,0,0,0,0,0,0,0,0,0,
0x18cc,0x18cc,0x18cc,0x18cc,0x18cc,0x18cc,0x18cc,0x18cc,0x18cc,0x18cc,0x18cc,0x18cc,0x18cc,0x18cc,0x18cc,0x18cc,
0x18cc,0x18cc,0x190b,0,0,0,0,0,0,0,0,0,0,0,0,0,
0,0,0,0,0x17a0,0x17a0,0x17a0,0x17a0,0x17a0,0x17a0,0x17a0,0x17a0,0x17a0,0x17a0,0x17a0,0x17a0,
0x17cd,0x17cd,0x17cd,0x17cd,0x179d,0x179d,0x179d,0x179d,0x179d,0x179d,0x179d,0x179d,0x179d,0x179d,0,0,
0,0,0,0x179a,0,0,0,0,0,0,0,0,0,0,0,0,
0,0,0,0,0x194a,0x194a,0x194a,0x194a,0x194a,0x194a,0x194a,0x194a,0x194a,0x194a,0x194a,0x194a,
0x194a,0x194a,0x194a,0x194a,0x1977,0x1977,0x1977,0x1977,0x1947,0x1947,0x1947,0x1947,0x1947,0x1947,0x1947,0x1947,
0x1947,0x1947,0,0,0,0,0,0,0,0,0,0,0,0,0,0,
0,0,0,0,0x19e6,0x19e6,0x19e6,0x19e6,0x19e6,0x19e6,0x19e6,0x19e6,0x19e6,0x19e6,0x19e6,0x19e6,
0x19e6,0x19e6,0x19e6,0x19e6,0x19e6,0x19e6,0x1a37,0x1a3a,0x19e6,0x19e3,0x19e3,0x19e3,0x19e3,0x19e3,0x19e3,0x19e3,
0x19e3,0x19e3,0x19e3,0,0,0,0,0x19e0,0x1a8b,0x1a8b,0x1a8b,0x1a8b,0x1a8b,0x1a8b,0x1a8b,0x1a8b,
0x1a8b,0x1a8b,0x1a8b,0x1a8b,0x1a8b,0x1a8b,0x1a8b,0x1a8b,0x1a8b,0x1a8b,0x1a8b,0x1a8b,0x1a8b,0x1a8b,0x1a8b,0x1a8b,
0x1a8b,0x1a8b,0x1a8b,0x1a8b,0x1a8b,0x1a8b,0x1a8b,0,0x1a8b,0x1a8b,0x1a8b,0x1ab5,0x1a8b,0x1a8b,0x1ab5,0x1a8b,
0x1a8b,0x1a8b,0x1a8b,0x1a8b,0x1a8b,0x1a8b,0x1ab5,0x1ab5,0x1a8b,0x1a8b,0x1a8b,0x1a8b,0x1a8b,0x1ab5,0,0,
0,0,0,0,0,0,0x1a8b,0x1a8b,0x1881,0x1881,0x1881,0x1881,0x1881,0x1881,0x1881,0,
0x1881,0x1881,0x1881,0x1881,0,0x1881,0x1881,0,0x1881,0x1881,0x1881,0x1881,0x1881,0x1881,0x1881,0x1881,
0x1881,0x1881,0x1881,0x1881,0x1881,0x1881,0x1881,0,0x1344,0x1344,0x1344,0x1344,0x1344,0,0,0x1341,
0x1341,0x1341,0x1341,0x1341,0x1341,0x1341,0x1341,0x1341,0x1437,0x1437,0x1437,0x1437,0x1437,0x1437,0x1437,0,
0,0,0,0,0,0,0,0,0x1554,0x1554,0x1554,0x1554,0x15c3,0x15c3,0x15c3,0x15bd,
0x15c0,0x15c0,0x15c0,0x1779,0,0,0,0,0x1551,0x1551,0x1551,0x1551,0x1551,0x1551,0x1551,0x1551,
0x1551,0x1551,0,0,0,0,0x154e,0x154e,0,0,0,0,0,0,0,0,
0,0,0,0,0,0,0,0,0,0x1671,0x1671,0x1671,0x1671,0x1671,0x1671,0x1671,
0x1671,0x1671,0x1671,0x1671,0x1671,0x1671,0x1671,0x1671,0x1677,0x1671,0x1671,0x1671,0x1677,0x1671,0x1671,0x1671,
0x1671,0,0,0,0,0,0,0,0,0,0,0,0,0x173d,0x173d,0x173d,
0x173d,0x173d,0x173d,0x173d,0x173d,0x173d,0x173d,0x173d,0x173d,0x173d,0x173d,0x173d,0x173d,0x173d,0x173d,0x173d,
0x173d,0x173d,0x173d,0x173d,0x173d,0x173d,0x173d,0x173d,0x173d,0x173d,0x173d,0x173d,0x173d,0x173d,0,0,
0x11a0,0x11a0,0x11a0,0x11a0,0,0x11a0,0x11a0,0x11a0,0x11a0,0x11a0,0x11a0,0x11a0,0x11a0,0x11a0,0x11a0,0x11a0,
0x11a0,0x11a0,0x11a0,0x11a0,0x11a0,0x11a0,0x11a0,0x11a0,0x11a0,0x11a0,0x11a0,0x11a0,0x11a0,0x11a0,0x11a0,0x11a0,
0,0x11a0,0x11a0,0,0x11a0,0,0,0x11a0,0,0x11a0,0x11a0,0x11a0,0x11a0,0x11a0,0x11a0,0x11a0,
0x11a0,0x11a0,0x11a0,0,0x11a0,0x11a0,0x11a0,0x11a0,0,0x11a0,0,0x11a0,0,0,0,0,
0,0,0x11a0,0,0,0,0,0x11a0,0,0x11a0,0,0x11a0,0,0x11a0,0x11a0,0x11a0,
0,0x11a0,0x11a0,0,0x11a0,0,0,0x11a0,0,0x11a0,0,0x11a0,0,0x11a0,0,0x11a0,
0,0x11a0,0x11a0,0,0x11a0,0,0,0x11a0,0x11a0,0x11a0,0x11a0,0,0x11a0,0x11a0,0x11a0,0x11a0,
0x11a0,0x11a0,0x11a0,0,0x11a0,0x11a0,0x11a0,0x11a0,0,0x11a0,0x11a0,0x11a0,0x11a0,0,0x11a0,0,
0x11a0,0x11a0,0x11a0,0x11a0,0x11a0,0x11a0,0x11a0,0x11a0,0x11a0,0x11a0,0,0x11a0,0x11a0,0x11a0,0x11a0,0x11a0,
0x11a0,0x11a0,0x11a0,0x11a0,0x11a0,0x11a0,0x11a0,0x11a0,0x11a0,0x11a0,0x11a0,0x11a0,0,0,0,0,
0,0x11a0,0x11a0,0x11a0,0,0x11a0,0x11a0,0x11a0,0x11a0,0x11a0,0,0x11a0,0x11a0,0x11a0,0x11a0,0x11a0,
0x11a0,0x11a0,0x11a0,0x11a0,0x11a0,0x11a0,0x11a0,0x11a0,0x11a0,0x11a0,0x11a0,0x11a0,0,0,0,0,
0,0,0,0,0,0,0,0,0,0,0,0,0x1197,0x1197,0,0,
0,0,0,0,0,0,0,0,0,0,0,0,0x127e,0x127e,0x127e,0x127e,
0x127e,0x127e,0x127e,0x127e,0x127e,0x127e,0x127e,0x127e,0,0,0,0,0x127e,0x127e,0x127e,0x127e,
0x127e,0x127e,0x127e,0x127e,0x127e,0x127e,0x127e,0x127e,0x127e,0x127e,0x127e,0x127e,0,0,0,0,
0,0,0,0,0x127e,0x127e,0x127e,0x127e,0x127e,0x127e,0x127e,0x127e,0x127e,0x127e,0,0,
0,0,0,0,0x127e,0x127e,0x127e,0x127e,0x127e,0x127e,0x127e,0x127e,0,0,0,0,
0,0,0,0,0x127e,0x127e,0x127e,0x127e,0x127e,0x127e,0x127e,0x127e,0x127e,0x127e,0x127e,0x127e,
0x127e,0x127e,0x127e,0x127e,0x127e,0x127e,0,0,0x17d3,0x17d3,0x1986,0x1986,0x1986,0x1986,0x1986,0x1986,
0x1986,0x1986,0x1986,0x1986,0,0,0,0,0x1986,0x1986,0,0,0,0,0,0,
0,0,0,0,0,0,0,0,0x1a55,0x1a55,0x1a55,0x1a55,0x1a55,0x1a55,0x1a55,0x1a55,
0x1a55,0,0,0,0,0,0,0,0x17d3,0x17d3,0x17d3,0x17d3,0x17d3,0x17d3,0x17d3,0x17d3,
0x17d3,0x17d3,0x17d3,0x17d3,0x17d3,0x17d3,0x17d3,0x17d3,0x17d3,0x17d3,0x17d3,0,0x17d3,0x17d3,0x17d3,0x17d3,
0x17d3,0x17d3,0x17d3,0x17d3,0x17d3,0x17d3,0x17d3,0x17d3,0x1986,0x1986,0x1986,0x1986,0x1986,0x1986,0x1986,0x1986,
0x1986,0x1986,0x1986,0x1986,0x1986,0x1986,0x1986,0x1986,0x17d9,0x17d9,0x17d9,0x17d9,0x17d9,0x17d9,0x17d9,0x17d9,
0x17d9,0x17d9,0x1a4f,0,0,0,0,0,0,0,0,0,0,0,0,0,
0,0,0,0,0,0,0,0,0,0,0,0,0,0,0,0,
0,0,0x72c,0x72c,0xd0e,0xd0e,0xd0e,0xd0e,0xd0e,0xd0e,0xd0e,0xd0e,0xd0e,0xd0e,0xd0e,0xd0e,
3,3,3,3,0xd0e,0xd0e,0xd0e,0xd0e,0xd0e,0xd0e,0xd0e,0xd0e,0xd0e,0xd0e,0xd0e,0xd0e,
0xd0e,0xd0e,0xd0e,0xd0e,0xd0e,0xd0e,0xd0e,0xd0e,3,3,3,3,3,3,3,3,
3,3,3,3,0x10b6,0x10b6,0x10b6,0x10b6,0x10b6,0x10b6,0x10b6,0x10b6,0x10b6,0x10b6,0x10b6,0x10b6,
0x10b6,0x10b6,0x10b6,3,3,0x10b6,0x10b6,0x10b6,0x10b6,0x10b6,0x10b6,0x10b6,0x10b6,0x10b6,0x10b6,0x10b6,
0x10b6,0x10b6,0x10b6,0x1281,3,0x10b6,0x10b6,0x10b6,0x10b6,0x10b6,0x10b6,0x10b6,0x10b6,0x10b6,0x10b6,0x10b6,
0x10b6,0x10b6,0x10b6,0x1137,3,0x10b6,0x10b6,0x10b6,0x10b6,0x10b6,0x10b6,0x10b6,0x10b6,0x10b6,0x10b6,0x10b6,
0x10b6,0x10b6,0x10b6,0x10b6,0x1281,0x1281,0x1281,0x1281,0x1281,0x1281,0x1281,0x1281,0x1281,0x1281,0x1281,0x1281,
0x1281,0x1281,0x1281,0x1281,0x1281,0x1281,0x1281,0x1281,0x1281,0x1281,3,3,3,3,3,3,
3,3,3,3,0x1599,0x1599,0x1599,0x1599,0x1599,0x1599,0x1599,0x1599,0x1599,0x1599,0x1599,0x1599,
0x1599,0x17d3,0x1b09,3,3,3,3,3,3,3,3,3,3,3,3,3,
3,3,3,3,3,3,3,3,3,3,3,3,3,3,3,3,
3,3,3,3,3,3,0x10bc,0x10bc,0x10bc,0x10bc,0x10bc,0x10bc,0x10bc,0x10bc,0x10bc,0x10bc,
0x10bc,0x10bc,0x10bc,0x10bc,0x10bc,0x10bc,0x10bc,0x10bc,0x10bc,0x10bc,0x10bc,0x10bc,0x10bc,0x10bc,0x10bc,0x10bc,
0x1035,0x113d,0x113d,3,3,3,3,3,3,3,3,3,3,3,3,3,
0x1023,0x1023,0x1023,0x1023,0x1023,0x1023,0x1023,0x1023,0x1023,0x1023,0x1023,0x1023,0x1023,0x1023,0x1023,0x1023,
0x1023,0x1023,0x113d,0x113d,0x113d,0x113d,0x113d,0x113d,0x113d,0x113d,0x113d,0x15a2,3,3,3,3,
0x1020,0x1020,0x1020,0x1020,0x1020,0x1020,0x1020,0x1020,0x1020,3,3,3,3,3,3,3,
0x1155,0x1155,3,3,3,3,3,3,3,3,3,3,3,3,3,3,
0x1620,0x1620,0x1620,0x1620,0x1620,0x1620,3,3,3,3,3,3,3,3,3,3,
3,3,3,3,3,3,3,3,3,3,3,3,3,3,3,3,
0x113a,0x1137,0x1137,0x1137,0x1137,0x1137,0x1281,0x1281,0x1281,0x1281,0x1281,0x1281,0x13e9,0x1281,0x1281,0x1281,
0x14f4,0x159c,0x159c,0x15db,0x15db,0x17a9,0x181e,0x181e,0x1a97,0x1b09,3,3,0x194d,0x18d5,0x18d5,0x18d5,
0x1281,0x1281,0x1281,0x1281,0x1281,0x1281,0x1281,0x1281,0x1281,0x1281,0x1281,0x13e6,0x13e6,3,3,3,
0x1281,0x1281,0x1281,0x1281,0x159c,0x159c,0x159c,0x1620,0x1620,0x16fb,0x17a9,0x181e,0x181e,3,3,3,
0x127e,0x127e,0x127e,0x127e,0x127e,0x127e,0x127e,0x127e,0x127e,0x127e,0x127e,0x127e,0x127e,0x127e,0x127e,0x127e,
0x127e,0x127e,0x127e,0x127e,0x127e,0x1674,0x1674,0x1674,0x1674,0x1914,0x1b09,0x1ac1,3,3,3,3,
0x17a9,0x17a9,0x17a9,0x17a9,0x17a9,0x17a9,0x17a9,0x17a9,0x17a9,0x17a9,0x17a9,0x17a9,3,3,3,3,
0x18d5,0x1ac1,0x1ac1,0x1ac1,0x1ac1,0x1ac1,0x1ac1,0x1ac1,0x1ac1,0x1ac1,0x1ac1,0x1ac1,0x1ac1,0x1ac1,0x1ac1,0x1ac1,
0x173d,0x173d,0x173d,0x173d,0x173d,0x173d,0x173d,0x173d,0x173d,0x173d,0x173d,0x173d,0x173d,0x173d,0x173d,0x173d,
0x173d,0x173d,0x173d,0x173d,0x1a4f,0x1a4f,0x1a4f,0x1a4f,3,3,3,3,3,3,3,3,
0x1674,0x1674,0x1674,0x1674,0x1674,0x1674,0x1674,0x1674,0x1674,0x1674,0x1674,0x1674,0x1674,0x1674,3,3,
0x17a9,0x17a9,0x17a9,0x17a9,0x181e,0x194d,0x194d,0x194d,0x17a9,0x17a9,0x17a9,0x18d5,0x18d5,3,3,3,
0x181e,0x181e,0x181e,0x18d8,0x18d8,0x18d8,0x1a0a,3,0x1a97,3,3,3,0x1b09,0x1a97,0x194d,0x194d,
0x181e,0x181e,0x181e,0x181e,0x181e,0x181e,0x181e,0x18d5,0x18d5,0x18d5,0x194d,0x194d,0x1a0a,0x1b09,3,0x1a0a,
0x18d5,0x18d5,0x18d5,0x18d5,0x18d5,0x18d5,0x18d5,0x18d5,0x194d,0x1a0a,0x1a97,0x1b09,3,3,3,0x1a97,
0x18d8,0x18d8,0x18d8,0x18d8,0x18d8,0x18d8,0x18d8,0x1950,0x1950,0x1b0c,0x1b0c,3,3,3,3,3,
3,3,3,3,3,3,3,3,3,3,3,3,3,3,3,3,
3,3,3,3,3,3,3,3,3,3,0x72c,0x72c,0x185a,0x1a52,0x1abb,0x1abb,
0x1abb,6,6,6,6,6,6,6,6,6,6,6,0x5d9,0x5d9,0x5d9,0x5d9,
0x5d9,0x5d9,0x5d9,0x5d9,0x5d9,0x5d9,0x5d9,0x5d9,0x5d9,0x5d6,0x5d6,0x5d6,9,0x915,9,9,
9,9,9,9,9,9,9,9,9,9,9,9,9,9,9,9,
9,9,9,9,9,9,9,9,9,9,9,9,9,9,9,9,
0xb13,0xb13,0xb13,0xb13,0xb13,0xb13,0xb13,0xb13,0xb13,0xb13,0xb13,0xb13,0xb13,0xb13,0xb13,0xb13,
9,9,9,9,9,9,9,9,9,9,9,9,9,9,9,9,
0xa5,0xa5,0xa5,0xa5,0xa5,0x76e,0x76e,0x198f,0x198f,0x198f,0xc,0xc,0xc,0xc,0xc,0xc,
0xc,0xc,0xc,0xc,0xc,0xc,0xc,0xc,0xc,0xc,0xc,0xc,0xc,0xc,0xc,0xc,
0xa5,0xa5,0xa5,0xa5,0xa5,0xa5,0xa5,0xa5,0xa5,0xa5,0xa5,0xc,0xc,0xc,0xc,0xc,
0xc,0xc,0xc,0xc,0xc,0xc,0xc,0xc,0xc,0xc,0xc,0xc,0xc,0xc,0xc,0xc,
0x1296,0x1296,0x1296,0x1296,0x1296,0x1296,0x1296,0x1296,0x1296,0x1296,0x1296,0x1296,0x1296,0x1296,0x1296,0x1296,
0x1296,0x1296,0x1296,0x1296,0xc,0xc,0x1296,0x1296,0x1296,0x1296,0x1296,0x1296,0x1296,0x1296,0x1296,0x1296,
0x129f,0x13da,0x12a2,0x1596,0x152d,0x15e4,0x15e4,0x15e4,0x15e4,0x15e4,0x167d,0x167a,0x1680,0x167a,0x1680,0x1746,
0x17dc,0x17dc,0x17dc,0x1869,0x1869,0x1860,0x1863,0x1860,0x1863,0x1860,0x1863,0x1860,0x1863,0x1866,0xc,0xc,
0x1ad0,0x1ad0,0x1acd,0x1aca,0xc,0xc,0xc,0xc,0xc,0xc,0xc,0xc,0xc,0xc,0xc,0xc,
0xc,0xc,0xc,0xc,0xc,0xc,0xc,0xc,0xc,0xc,0xc,0xc,0xc,0xc,0xc,0xc,
0x9e7,0x9e7,0x9e7,0x9e7,0x9e7,0x9e7,0x9e7,0x9e7,0x9e7,0x9e7,0x9e7,0x102c,0x102c,0x102c,0xf,0xf,
0xc0f,0xc0f,0xc0f,0xc0f,0xc0f,0xc0f,0xc0f,0xc0f,0xc0f,0xc0f,0xc0f,0xc0f,0xc0f,0xc0f,0xc0f,0xc0f,
0xc0f,0xc0f,0xc0f,0xc0f,0xc0f,0xc0f,0xc0f,0xc0f,0xc0f,0xc0f,0xf,0xf,0xf,0xf,0xf,0xf,
0xf,0xf,0xf,0xf,0xf,0xf,0xf,0xf,0xf,0xf,0xf,0xf,0xf,0xf,0xf,0xf,
0xf,0xf,0xf,0xf,0xf,0xf,0xf,0xf,0xf,0xf,0xf,0xf,0x114c,0x114c,0x114c,0x114c,
0x114c,0x114c,0x114c,0x114c,0x114c,0x114c,0x114c,0x114c,0x114c,0x114c,0x114c,0x114c,0x114c,0x114c,0x114c,0x114c,
0x114c,0x114c,0x114c,0x114c,0x114c,0x114c,0x114c,0x114c,0x114c,0x114c,0x1b0f,0xf,0x14fa,0x14fa,0x1aa0,0x1aa0,
0x1aa0,0x1aa0,0x1aa0,0x1aa0,0x1aa0,0x1aa0,0x1aa0,0x1aa0,0x1aa0,0x1aa0,0xf,0xf,0x1629,0x1629,0x1629,0x1629,
0x1629,0x1629,0x1629,0x1629,0x1629,0x1629,0x1629,0x1629,0x1629,0x1629,0x1629,0x1629,0x1629,0xf,0xf,0xf,
0xf,0xf,0xf,0xf,0xf,0xf,0xf,0xf,0xf,0xf,0xf,0xf,0x197d,0x197d,0x197d,0x197d,
0x197d,0x197d,0x197d,0x197d,0x197d,0x197d,0x197d,0x197d,0x197d,0x197d,0x197d,0x197d,0x197d,0x197d,0x197d,0x197d,
0x197d,0x197d,0x197d,0x197d,0x197d,0x197d,0x197d,0x197d,0x197d,0x197d,0xf,0xf,0x942,0x942,0x942,0x942,
0x942,0x942,0x942,0x942,0x942,0x942,0x942,0x942,0x942,0x942,0x942,0x942,0x942,0x942,0x942,0x942,
0x942,0x942,0x942,0x942,0x942,0x942,0x942,0x942,0x942,0x942,0xf,0xf,0xf,0xf,0xf,0xf,
0xf,0xf,0xf,0xf,0xf,0xf,0xf,0xf,0xf,0xf,0xf,0xf,0xf,0xf,0xf,0xf,
0xf,0xf,0xf,0xf,0xf,0xf,0xf,0xf,0xf,0xf,0x72c,0x72c,0x1827,0x1827,0x1827,0x1827,
0x1827,0x1827,0x1827,0x1827,0x1827,0x1827,0x1827,0xf,0xf,0xf,0xf,0xf,0x1953,0x1953,0x1953,0x1953,
0x1953,0x1953,0x1953,0x1953,0x1953,0x1953,0x1953,0x1953,0x1953,0x1953,0x1953,0x1953,0x1aa0,0x1aa0,0x1aa0,0x1aa0,
0x1aa0,0x1aa0,0x1aa0,0x1aa0,0x1aa0,0x1aa0,0x1aa0,0x1aa0,0x1aa0,0x1aa0,0x1aa0,0x1aa0,0x1aa0,0x1aa0,0x1aa0,0x1aa0,
0x1aa0,0x1aa0,0x1aa0,0x1aa0,0x1aa0,0x1aa0,0xf,0xf,0xf,0xf,0xf,0xf,0x36c,0x36c,0x36f,0xa5,
0x3ae,0x381,0x381,0x384,0xf6,0xf6,0x15,0x15,0x15,0x15,0x15,0x876,0x378,0xb4,0x3a2,0x3ab,
0xe7,0x378,0xc0,0xc0,0xa5,0xcc,0xcc,0x36c,0xf0,0xed,0x37e,0x75,0x45,0x45,0x48,0x48,
0x48,0x48,0x48,0x4b,0x48,0x48,0x48,0x18,0x10b,0x5e2,0x105,0x105,0x390,0xc6,0xc3,0x38d,
0x38a,0x387,0x39c,0xbd,0x396,0x399,0xc9,0xcc,0x393,0x393,0xc9,0xcc,0x21,0x21,0x21,0x21,
0x21,0x21,0x21,0x21,0x21,0x21,0x21,0x21,0x21,0x21,0x21,0x21,0x21,0x21,0x21,0x21,
0xa5,0x1140,0x1140,0x1140,0xa5,0xa5,0xa5,0xa5,0xa5,0xa5,0xa5,0xa5,0x36,0x36,0x90,0x34e,
0x24,0x33f,0x36,0x8d,0x24,0x34e,0x87,0x90,0x90,0x90,0x87,0x87,0x90,0x90,0x90,0x366,
0x24,0x90,0x351,0x24,0x81,0x90,0x90,0x90,0x90,0x90,0x24,0x24,0x3f,0x33f,0x34b,0x24,
0x90,0x24,0x3bd,0x2d,0x90,0x51,0x276,0x3d5,0x90,0x90,0x7e,0x87,0x90,0x90,0x24f,0x90,
0x87,0x8a,0x8a,0x8a,0x8a,0x768,0x75f,0xa29,0xb22,0x96c,0x96f,0x96f,0x2a,0x2a,0x2a,0x2a,
0x2a,0x2a,0x2a,0x27,0x42,0x3fc,0x2a,0x6f0,0x759,0x762,0x762,0x762,0x960,0x960,0xb1c,0xb1c,
0xb1c,0xb1c,0xedc,0xedf,0xedf,0x10b9,0x1272,0x1287,0x128a,0x128a,0x1476,0x15de,0x354,0x354,0x354,0x354,
0x354,0x354,0x354,0x354,0x354,0x354,0x30,0x9cf,0x9cf,0x9cf,0x9cf,0x9cf,0x9cf,0x9cf,0x9cf,0x9cf,
0x9cf,0x9cf,0x9cf,0x9cf,0x9cf,0x9cf,0x9cf,0x9cf,0x9cf,0x9cf,0x9cf,0xace,0x969,0x966,0x966,0x966,
0x966,0x96f,0x96c,0x96c,0x96c,0x96c,0x95d,0x966,0xb19,0xc57,0xc7b,0xd11,0xee2,0xee2,0xee2,0x345,
0x345,0x33,0x33,0x33,0x33,0x33,0x33,0x345,0x345,0x345,0x345,0x39,0x3c,0x348,0x348,0x348,
0x348,0x3c,0x3c,0x3c,0x3c,0x3c,0x54,0x66,0x54,0x60,0x5a,0x1ac7,0xb9d,0xb9d,0xb9d,0xb9d,
0xb9d,0x10e9,0x10e9,0x10e9,0x10e9,0x10e9,0x10e9,0x10e9,0x10e9,0x1af7,0x1af7,0x1af7,0x7b,0xa5,0xa5,0xa5,
0xdb,0xb1,0xa8,0x990,0x771,0x771,0x76e,0x76e,0x76e,0x76e,0x975,0x9cc,0x975,0x975,0x981,0xa38,
0xa2f,0xb25,0xb31,0x97e,0xb31,0xb31,0xbe2,0xb31,0xb2e,0xbe5,0xb31,0x963,0x36c,0x36c,0x36c,0x36c,
0x36c,0x36c,0x36c,0x36c,0x36c,0x36c,0x36c,0x36c,0x36c,0x36c,0x36c,0x36c,0x36c,0x36c,0x36c,0x36c,
0xa2,0xa5,0xa5,0xa5,0xa5,0xa5,0xa5,0xa5,0xa5,0xa5,0xa5,0xa5,0xcf,0xcf,0xcf,0xcf,
0xcf,0xcf,0xcf,0xcf,0xa5,0xcf,0xcf,0xcf,0xcf,0xcf,0xd2,0xa5,0xcf,0xcf,0xa5,0xa5,
0xa5,0xa5,0xcf,0xcf,0x36f,0x36f,0xa5,0xa5,0xcf,0xcf,0xcf,0xcf,0xcf,0xcf,0xcf,0xcf,
0xcf,0xcf,0xcf,0xcf,0xcf,0xd2,0xd2,0xd2,0xcf,0xcf,0x39c,0xcf,0x39c,0xcf,0xcf,0xcf,
0xcf,0xcf,0xcf,0xcf,0xa5,0xcf,0xa5,0xa5,0xa5,0xa5,0xa5,0xa5,0xcf,0xcf,0xa5,0x36f,
0xa5,0xa5,0xa5,0x76e,0x76e,0x76e,0x76e,0x76e,0x76e,0x76e,0x76e,0x76e,0x981,0x981,0x981,0x981,
0x981,0x981,0x981,0x981,0x981,0x981,0x981,0x981,0xa5,0x76e,0xa5,0xa5,0xa5,0xa5,0xa5,0xa5,
0xde,0xd5,0xde,0xd5,0xa5,0xa5,0xa5,0xa5,0xa5,0xa5,0x36c,0xa5,0xa5,0xa5,0xa5,0xa5,
0xa5,0xa5,0x50a,0x50a,0xa5,0xa5,0xa5,0xa5,0xcf,0xcf,0xa5,0xa5,0xa5,0xa5,0xa5,0xa5,
0xa5,0x510,0x50d,0xa5,0xa5,0xa5,0xa5,0xa5,0xa5,0xa5,0xa5,0xa5,0xa5,0xa5,0xa5,0xa5,
0xa5,0xa5,0xa5,0xa5,0xa5,0xa5,0xa5,0xa5,0xa5,0xa5,0xa5,0xa5,0xa5,0xa5,0xa5,0xa5,
0xa5,0xa5,0xa5,0xa5,0xa5,0xa5,0xa5,0x76e,0x981,0x76e,0x76e,0x76e,0x36c,0x36c,0x36c,0x36c,
0x36c,0x36c,0x36c,0x36c,0x36c,0x36c,0x36c,0x36c,0xa5,0xa5,0xa5,0xa5,0x36c,0x36c,0x36c,0x36c,
0x36c,0x36c,0x36c,0x36c,0x36c,0x36c,0x36c,0x36c,0x36c,0x36c,0x36c,0x36c,0xa5,0xa5,0x36c,0x36c,
0x36c,0x36c,0x975,0x975,0x975,0x975,0x975,0x975,0x975,0x975,0x975,0x975,0x39c,0x39c,0xa5,0x36c,
0x36c,0x36c,0x36c,0x36c,0x36c,0x36c,0xa5,0xa5,0xa5,0xa5,0xcf,0xcf,0xcf,0xcf,0x39c,0x39c,
0xcf,0xcf,0x39c,0x39c,0xa5,0xa5,0xa5,0xa5,0x39c,0x39c,0xcf,0xcf,0x39c,0x39c,0xa5,0xa5,
0xa5,0xa5,0x39c,0x39c,0x36c,0xa5,0xcf,0x39c,0xa5,0xa5,0x36c,0x39c,0x39c,0x39c,0xcf,0xcf,
0xa5,0xa5,0xa5,0xa5,0xa5,0xa5,0xa5,0xa5,0xa5,0xa5,0xa5,0xa5,0xa5,0xa5,0x39c,0x36c,
0x39c,0x36c,0xa5,0xcf,0xcf,0xcf,0xcf,0xcf,0xcf,0xa5,0xa5,0x36c,0x76e,0x76e,0x76e,0x76e,
0x76e,0x76e,0x76e,0x76e,0x981,0x981,0x981,0x981,0x981,0x9e1,0x9e1,0x981,0xae,0xae,0xae,0xae,
0xa5,0x39c,0x39c,0xa5,0xa5,0x36c,0xa5,0xa5,0xa5,0xa5,0x36c,0x36c,0xa5,0xa5,0xa5,0xa5,
0xae0,0xae0,0x972,0x972,0xb28,0x76e,0xae,0xae,0x372,0xba,0x372,0xae,0xa5,0xa5,0xa5,0xa5,
0xa5,0xa5,0xa5,0xa5,0xa5,0xa5,0xa5,0xa5,0xa5,0xa5,0xa5,0xa5,0x507,0x507,0x507,0x507,
0x507,0x507,0x507,0x507,0xa5,0xae,0xae,0xae,0xa5,0xa5,0xa5,0xa5,0x39c,0xa5,0x39c,0xa5,
0xa5,0xa5,0xa5,0xa5,0x507,0x507,0x507,0x507,0x507,0x507,0x507,0x507,0x507,0x507,0x507,0x507,
0xa5,0xa5,0xa5,0xa5,0xa5,0xa5,0xa5,0xa5,0xa5,0xa5,0xa5,0xa5,0x39c,0x39c,0xcf,0x39c,
0x36c,0x36c,0xa5,0x36c,0x372,0x36c,0x36c,0xa5,0x36c,0x39c,0xcf,0x39c,0x76e,0x76e,0x975,0x975,
0x975,0x975,0x975,0x975,0x975,0x975,0x975,0x975,0x975,0x975,0xb25,0xc0c,0x129c,0xae,0xae,0xae,
0xae,0x1140,0xa5,0xa5,0xae,0xae,0x1146,0x1146,0xba,0xba,0xa5,0xa5,0xa5,0xa5,0xa5,0xa5,
0xa5,0xa5,0xa5,0xa5,0xa5,0xa5,0xa5,0xa5,0xa5,0xa5,0xa5,0xa5,0x1140,0xa5,0xa5,0xa5,
0xa5,0xa5,0xa5,0xa5,0xa5,0xa5,0xa5,0xa5,0xa5,0xa5,0xa5,0xa5,0xa5,0xa5,0xa5,0xa5,
0xa5,0x36f,0xa5,0xa5,0xa5,0xa5,0xa5,0xa5,0xa5,0xa5,0xa5,0xa5,0xa5,0xa5,0xa5,0xa5,
0x1140,0xa5,0x1140,0xa5,0xa5,0xa5,0xa5,0x1140,0x1140,0x1140,0xa5,0x1026,0xa5,0xa5,0xa5,0xb7,
0xb7,0xb7,0xb7,0x10c5,0x10c5,0xa5,0xab,0xab,0xae,0xa5,0xa5,0xa5,0x97b,0x978,0x97b,0x978,
0x97b,0x978,0x97b,0x978,0x97b,0x978,0x97b,0x978,0x97b,0x978,0x33c,0x33c,0x33c,0x33c,0x33c,0x33c,
0x33c,0x33c,0x33c,0x33c,0xa5,0xa5,0xa5,0xa5,0xa5,0xa5,0xa5,0xa5,0xa5,0xa5,0xa5,0xa5,
0xa5,0xa5,0xa5,0xa5,0x1140,0xa5,0xa5,0xa5,0xa5,0xa5,0xa5,0xa5,0xa5,0xa5,0xa5,0xa5,
0xa5,0xa5,0xa5,0x1140,0x39c,0xcf,0x39c,0x39c,0xd2,0xcf,0xcf,0x39c,0x39c,0xd2,0xcf,0x39c,
0xd2,0xcf,0xcf,0x39c,0xcf,0x39c,0xea,0xe1,0xcf,0x39c,0xcf,0xcf,0xcf,0xcf,0x39c,0xcf,
0xcf,0x39c,0x39c,0x39c,0x39c,0xcf,0xcf,0x39c,0xd2,0x39c,0xd2,0x39c,0x39c,0x39c,0x39c,0x39c,
0x3a8,0xe4,0x39c,0xe4,0xe4,0xcf,0xcf,0xcf,0x39c,0x39c,0x39c,0x39c,0xcf,0xcf,0xcf,0xcf,
0x39c,0x39c,0xcf,0xcf,0xcf,0xd2,0xcf,0xcf,0xd2,0xcf,0xcf,0xd2,0x39c,0xd2,0xcf,0xcf,
0x39c,0xcf,0xcf,0xcf,0xcf,0xcf,0x39c,0xcf,0xcf,0xcf,0xcf,0xcf,0xcf,0xcf,0xcf,0xcf,
0xcf,0xcf,0xcf,0xcf,0x39f,0x39c,0xd2,0xcf,0x39c,0x39c,0x39c,0x39c,0xcf,0xcf,0x39c,0x39c,
0xcf,0xd2,0x39f,0x39f,0xd2,0xd2,0xcf,0xcf,0xd2,0xd2,0xcf,0xcf,0xd2,0xd2,0xcf,0xcf,
0xcf,0xcf,0xcf,0xcf,0xd2,0xd2,0x39c,0x39c,0xd2,0xd2,0x39c,0x39c,0xd2,0xd2,0xcf,0xcf,
0xcf,0xcf,0xcf,0xcf,0xcf,0xcf,0xcf,0xcf,0xcf,0x39c,0xcf,0xcf,0xcf,0x39c,0xcf,0xcf,
0xcf,0xcf,0xcf,0xcf,0xcf,0x39c,0xcf,0xcf,0xcf,0xcf,0xcf,0xcf,0xd2,0xd2,0xd2,0xd2,
0xcf,0xcf,0xcf,0xcf,0xcf,0xcf,0xcf,0xcf,0xcf,0xcf,0xcf,0xcf,0xcf,0xcf,0xcf,0x39c,
0xcf,0xcf,0xcf,0xcf,0xcf,0xcf,0xcf,0xcf,0xcf,0xcf,0xcf,0xcf,0xcf,0xcf,0xcf,0xcf,
0xcf,0xcf,0xcf,0xcf,0xcf,0xcf,0xcf,0xcf,0xcf,0xcf,0xcf,0xcf,0xcf,0xcf,0xcf,0xcf,
0xd2,0xd2,0xd2,0xd2,0xcf,0xcf,0xcf,0xcf,0xcf,0xcf,0xd2,0xd2,0xd2,0xd2,0xcf,0xd8,
0xcf,0xcf,0x981,0x981,0x981,0x981,0x981,0x981,0x981,0x981,0x981,0x981,0x981,0x981,0x981,0x981,
0x132,0x132,0x132,0x132,0x132,0x132,0x132,0x132,0x132,0x132,0x132,0x132,0x132,0x132,0x132,0x132,
0x132,0x132,0x132,0x132,0x132,0x132,0x132,0x132,0x132,0x132,0x132,0x132,0x132,0x132,0x11d,0x11d,
0x11d,0x11d,0x11d,0x11d,0x12c,0x12c,0x12c,0x12c,0x12c,0x12c,0x12c,0x12c,0x12c,0x12c,0x12c,0x12c,
0x12c,0x12c,0x12c,0x12c,0x12c,0x12c,0x12c,0x12c,0x12c,0x12c,0x12c,0x12c,0x12c,0x12c,0x12c,0x12c,
0x93f,0x93f,0x93f,0x93f,0x93f,0x93f,0x93f,0x93f,0x93f,0x93f,0x93f,0x93f,0x93f,0x93f,0x93f,0x93f,
0x132,0x132,0x336,0x132,0x132,0x132,0x132,0x132,0x132,0x132,0x11d,0x11d,0x993,0xacb,0x186c,0x186c,
0x12f,0x135,0x132,0x12c,0x12f,0x135,0x132,0x12c,0x12f,0x135,0x132,0x12c,0x12f,0x135,0x132,0x12c,
0x12f,0x135,0x132,0x12c,0x12f,0x135,0x132,0x12c,0x12f,0x135,0x132,0x12c,0x12f,0x135,0x132,0x12c,
0x132,0x12c,0x132,0x12c,0x132,0x12c,0x132,0x12c,0x132,0x12c,0x132,0x12c,0x12f,0x135,0x132,0x12c,
0x12f,0x135,0x132,0x12c,0x12f,0x135,0x132,0x12c,0x12f,0x135,0x132,0x12c,0x132,0x12c,0x12f,0x135,
0x132,0x12c,0x132,0x12c,0x12f,0x135,0x132,0x12c,0x12f,0x135,0x132,0x12c,0x132,0x12c,0x10cb,0x10cb,
0x10cb,0x10cb,0x10cb,0x10cb,0x10cb,0x10cb,0x10cb,0x10cb,0x10cb,0x10cb,0x10cb,0x10cb,0x10cb,0x10cb,0x186c,0x1a61,
0x1a61,0x1a61,0x1a61,0x1a61,0x1a61,0x1a61,0x1a61,0x1a61,0x1a61,0x1a61,0x1a61,0x1a61,0x1a61,0x1a61,0x1a61,0x132,
0x12c,0x12f,0x135,0x132,0x12c,0x132,0x12c,0x132,0x12c,0x132,0x132,0x12c,0x132,0x12c,0x132,0x12c,
0x132,0x12c,0x12f,0x135,0x12f,0x135,0x132,0x12c,0x132,0x12c,0x132,0x12c,0x132,0x12c,0x132,0x12c,
0x132,0x12c,0x132,0x12c,0x12f,0x132,0x12c,0x12f,0x132,0x12c,0x12f,0x135,0x12c,0x12c,0x12c,0x12c,
0x12c,0x12c,0x12c,0x12c,0x12c,0x12c,0x12c,0x12c,0x12c,0x12c,0x12c,0x12c,0x12c,0x12c,0x12c,0x12c,
0x12c,0x12c,0x12c,0x12f,0x12f,0x12f,0x12f,0x12f,0x12f,0x12f,0x12f,0x12f,0x132,0x132,0x132,0x132,
0x132,0x132,0x132,0x132,0x132,0x132,0x132,0x132,0x132,0x132,0x132,0x132,0x132,0x12c,0x12c,0x12c,
0x12c,0x12c,0x12c,0x12c,0x12c,0x12c,0x12c,0x12c,0x12c,0x12c,0x12c,0x12c,0x12c,0x12f,0x12f,0x12f,
0x12f,0x12f,0x12f,0x12f,0x135,0x135,0x135,0x135,0x135,0x135,0x135,0x135,0x12c,0x132,0x30c,0x30f,
0x186c,0x186c,0x186c,0x186c,0x186c,0x186c,0x186c,0x186c,0x186c,0x186c,0x186c,0x186c,0x186c,0x186c,0x186c,0x186c,
0x12f,0x12c,0x12f,0x12f,0x12f,0x12f,0x12f,0x12f,0x12c,0x12f,0x12c,0x12c,0x12f,0x12f,0x12c,0x12c,
0x12f,0x12f,0x12c,0x12f,0x12c,0x12f,0x12c,0x12c,0x12f,0x12c,0x12c,0x12f,0x12c,0x12f,0x12c,0x12c,
0x12f,0x12c,0x12f,0x12f,0x12c,0x12c,0x12c,0x12f,0x12c,0x12c,0x12c,0x12c,0x12c,0x12f,0x12c,0x12c,
0x12c,0x12c,0x12c,0x12f,0x12c,0x12c,0x12f,0x12c,0x12f,0x12f,0x12f,0x12c,0x12f,0x12f,0x12f,0x12f,
0x1a61,0x1a61,0x12f,0x12f,0x12f,0x12f,0x12c,0x12c,0x12f,0x12c,0x12c,0x12c,0x12c,0x12f,0x12c,0x12c,
0x12c,0x12c,0x12c,0x12c,0x12c,0x12c,0x12c,0x12c,0x12c,0x12c,0x12c,0x12c,0x12c,0x12c,0x12c,0x12c,
0x12c,0x12c,0x12c,0x12c,0x12f,0x12f,0x12c,0x12c,0x12f,0x12c,0x12f,0x12c,0x12c,0x12c,0x12c,0x12c,
0x12c,0x12c,0x12c,0x12f,0x12f,0x12f,0x12c,0x12c,0x1a61,0x1a61,0x1a61,0x1a61,0x1a61,0x1a61,0x1a61,0x186c,
0x93f,0x93f,0x93f,0x93f,0x93f,0x93f,0x93f,0x93f,0x93f,0x93f,0x93f,0x93f,0x93f,0x93f,0x93f,0x93f,
0x132,0x132,0x12c,0x132,0x12c,0x132,0x12c,0x132,0x12c,0x132,0x12c,0x12f,0x135,0x132,0x12c,0x132,
0x12c,0x12f,0x135,0x132,0x12c,0x132,0x12c,0x12f,0x135,0x132,0x12c,0x12f,0x135,0x132,0x12c,0x12f,
0x135,0x132,0x12c,0x132,0x12c,0x132,0x12c,0x132,0x12c,0x132,0x12c,0x12f,0x135,0x132,0x12c,0x12f,
0x135,0x132,0x12c,0x12f,0x135,0x132,0x12c,0x12f,0x135,0x132,0x12c,0x12f,0x135,0x132,0x12c,0x12f,
0x135,0x132,0x12c,0x12f,0x135,0x132,0x12c,0x12f,0x135,0x132,0x12c,0x12f,0x12f,0x12f,0x12f,0x12f,
0x12f,0x12f,0x12f,0x12f,0x12f,0x12f,0x12f,0x12f,0x12f,0x12f,0x12f,0x12f,0x12f,0x12f,0x12f,0x12f,
0x12f,0x12f,0x12f,0x12f,0x12f,0x12f,0x12f,0x12f,0x12f,0x12f,0x12f,0x12f,0x12f,0x12f,0x12f,0x135,
0x132,0x132,0x132,0x132,0x132,0x132,0x132,0x132,0x132,0x132,0x132,0x132,0x132,0x132,0x132,0x132,
0x132,0x132,0x132,0x132,0x132,0x132,0x132,0x132,0x132,0x132,0x132,0x132,0x132,0x132,0x132,0x132,
0x135,0x135,0x135,0x135,0x135,0x135,0x135,0x135,0x135,0x135,0x135,0x135,0x135,0x135,0x135,0x135,
0x135,0x135,0x135,0x135,0x135,0x132,0x132,0x132,0x132,0x132,0x132,0x132,0x132,0x132,0x132,0x132,
0x1a1,0x1a1,0x5fa,0x5fa,0x300,0x303,0x31e,0x31e,0x31e,0x31e,0x31e,0x31e,0x31e,0x31e,0x31e,0x31e,
0x19b,0xd6b,0xd68,0x10da,0x10da,0x10da,0x10da,0x10da,0x13ec,0x103b,0x103b,0xce1,0xce1,0xc1b,0xce1,0xce1,
0x1053,0x600,0x600,0x19e,0xa56,0x1a7,0x1a7,0x1a7,0x1a7,0x1a7,0x1a7,0x1a7,0x1a1,0x1a7,0x1a7,0x1a7,
0x1a7,0x1a7,0x1a7,0x1a7,0x1a7,0x5be,0x5be,0x5be,0x5be,0x5be,0x5be,0x5be,0x5be,0x5be,0x5be,0x5be,
0x5be,0x5b8,0x5be,0x5be,0x5be,0x5be,0x5be,0x5be,0x5be,0x5c1,0x5be,0x5be,0x5b8,0x5be,0x5be,0x5be,
0x5be,0x5be,0x1164,0x10d7,0x603,0x1a1,0x19e,0x19e,0x19e,0x600,0x600,0x600,0x5fd,0x600,0x600,0x600,
0x600,0x19e,0x19e,0x19e,0x19e,0x6e1,0xf00,0x10d7,0x1a4,0x669,0x66c,0x5dc,0x5dc,0x1053,0x1164,0x1164,
0x5bb,0x5bb,0x5bb,0x5bb,0x5bb,0x5bb,0x5bb,0x5bb,0x1b0,0x1b0,0x1b0,0x1b0,0x1b0,0x1b0,0x1b0,0x1b0,
0x1b0,0x1b0,0x1b0,0x1b0,0x1b0,0x1b0,0x1b0,0x1b0,0x1b0,0x1aa,0x1aa,0x1aa,0x1aa,0x1aa,0x1aa,0x9a8,
0x9a8,0xb79,0xb79,0x306,0xb7c,0x11b2,0x11b2,0x11b2,0x1ad,0x1ad,0x1ad,0x1ad,0x1ad,0x1ad,0x1ad,0x1ad,
0x1ad,0x1ad,0x1ad,0x1ad,0x1ad,0x1ad,0x1ad,0x1ad,0x1ad,0x1ad,0x1ad,0x1ad,0x1ad,0x1ad,0x1ad,0x1ad,
0x1ad,0x1ad,0x1ad,0x1ad,0x1ad,0x1ad,0x1ad,0x1ad,0x1bf,0x1bf,0x1bf,0x1bf,0x1bf,0x1bf,0x1bf,0x1bf,
0x1c5,0x1c5,0x1c5,0x1c5,0x1c5,0x1c5,0x1c5,0x1c5,0x1bf,0x1bf,0x1bf,0x1bf,0x1bf,0x1bf,0x1bf,0x1bf,
0x1c5,0x1c5,0x1c5,0x1c5,0x1c5,0x1c5,0x1c5,0x1c5,0x204,0x204,0x204,0xf09,0xf09,0xf09,0xf09,0xf09,
0x201,0x201,0x201,0x201,0x201,0x201,0x201,0x201,0x201,0x201,0x201,0x201,0x201,0x201,0x201,0x201,
0x201,0x201,0x201,0x201,0x201,0x201,0x201,0x201,0x201,0x201,0x201,0x201,0x201,0x201,0x201,0x201,
0x201,0x201,0xf06,0xf06,0xf06,0xf06,0xf06,0xf06,0x207,0x204,0x204,0x204,0x204,0x204,0x204,0x204,
0x204,0x204,0x204,0x204,0x204,0x204,0x204,0x204,0x204,0x204,0x204,0x204,0x204,0x204,0x204,0x204,
0x204,0x204,0x204,0x204,0x204,0x204,0x204,0x204,0x204,0x204,0x204,0x204,0x25b,0x255,0x26d,0x267,
0x26d,0x267,0x26d,0x267,0x26d,0x267,0x26d,0x267,0x285,0x27f,0x26d,0x267,0x26d,0x267,0x285,0x27f,
0x26d,0x267,0x26d,0x267,0x25b,0x255,0x25b,0x255,0x26d,0x267,0x26d,0x267,0x285,0x27f,0x26d,0x267,
0x285,0x27f,0x26d,0x267,0x26d,0x267,0x25b,0x255,0x25b,0x255,0x26d,0x267,0x26d,0x267,0x26d,0x267,
0x26d,0x267,0x285,0x27f,0x26d,0x267,0x26d,0x267,0x285,0x27f,0x285,0x27f,0x26d,0x267,0x285,0x27f,
0x26d,0x267,0x26d,0x267,0x26d,0x267,0x26d,0x267,0x285,0x27f,0x26d,0x267,0x285,0x27f,0x25b,0x255,
0x25b,0x255,0x25b,0x255,0x26d,0x267,0x26d,0x267,0x26d,0x267,0x26d,0x267,0x26d,0x267,0x285,0x27f,
0x285,0x27f,0x285,0x27f,0x285,0x27f,0x285,0x27f,0x26d,0x267,0x26d,0x267,0x26d,0x267,0x26d,0x267,
0x26d,0x267,0x26d,0x267,0x26d,0x267,0x285,0x27f,0x26d,0x267,0x26d,0x267,0x26d,0x267,0x26d,0x267,
0x26d,0x267,0x26d,0x267,0x285,0x27f,0x26d,0x267,0x26d,0x267,0x285,0x27f,0x26d,0x267,0x267,0x267,
0x267,0x267,0x273,0x6f3,0xd80,0xd80,0xd98,0xd80,0x3d8,0x3d8,0x3d8,0x3d8,0x3d8,0x3d8,0x3d8,0x3d8,
0x3d8,0x3d8,0x3d8,0x3d8,0x279,0x279,0x279,0x279,0x3cf,0x3cf,0x3cf,0x3cf,0x3cf,0x3cf,0x3cf,0x3cf,
0x3cf,0x3cf,0x273,0x273,0x273,0x273,0x273,0x273,0x285,0x27f,0x285,0x27f,0x285,0x27f,0x285,0x27f,
0x285,0x27f,0x285,0x27f,0x285,0x27f,0x285,0x27f,0x285,0x27f,0x285,0x27f,0x285,0x27f,0x285,0x27f,
0x285,0x27f,0x285,0x27f,0x285,0x27f,0x285,0x27f,0x285,0x27f,0xd83,0xd80,0xd83,0xd80,0xd83,0xd80,
0x5c7,0x5c7,0x5c7,0x5c7,0x5c7,0x5c7,0x5c7,0x5c7,0x5c7,0x115b,0x5c7,0x5c7,0x5c7,0x5c7,0x5c7,0x5c7,
0x5c7,0x5c7,0x5c7,0x5c7,0x5c7,0x5c7,0x5c7,0x5c7,0x5c7,0x5c7,0x1158,0x164a,0x164a,0xda1,0x633,0x291,
0x50a,0x516,0x516,0x516,0x516,0x516,0x516,0x516,0x516,0x516,0x6db,0x6db,0x6db,0x6db,0x6d5,0x6d5,
0x579,0x58e,0x58e,0x58e,0x58e,0x58b,0x4c5,0x573,0x888,0x888,0x888,0x9e4,0xa02,0x9ff,0x8a0,0x309,
0x342,0x342,0x342,0x342,0x342,0x342,0x342,0x342,0x342,0x342,0x342,0x342,0x342,0x342,0x342,0x342,
0x342,0x342,0x342,0x342,0x33f,0x33f,0x33f,0x33f,0x33f,0x33f,0x33f,0x33f,0x33f,0x33f,0x33f,0x33f,
0x33f,0x33f,0x33f,0x33f,0x33f,0x33f,0x33f,0x33f,0x33f,0x33f,0x33f,0x33f,0x33f,0x33f,0x33f,0x33f,
0x33f,0x33f,0x33f,0x33f,0x33f,0x33f,0x357,0x357,0x357,0x357,0x357,0x357,0x357,0x357,0x357,0x357,
0x357,0x357,0x357,0x357,0x357,0x357,0x357,0x357,0x354,0x354,0x354,0x354,0x354,0x354,0x354,0x354,
0x354,0x354,0x354,0x354,0x354,0x354,0x354,0x354,0x36c,0x36c,0x36c,0x36c,0x36c,0x36c,0x36c,0x36c,
0x36c,0x36c,0x36c,0x36c,0x36c,0x36c,0x36c,0x36c,0x36c,0x36c,0x36c,0x36c,0x36c,0x36c,0x36c,0x36c,
0x36c,0x36c,0x36c,0x36c,0x36c,0x36c,0x36c,0x36c,0x3ed,0x3ed,0x3ed,0x3ed,0x3ed,0x3ed,0x3ed,0x3ed,
0x3ed,0x3ed,0x3ed,0x3ed,0x3ed,0x3ed,0x3ed,0x3ed,0x3ed,0x3ed,0x3ed,0x3ed,0x3ed,0x3ed,0x3ed,0x3ed,
0x3ed,0x3ed,0x3ed,0x3ed,0x3ed,0x3ed,0x3ed,0x3ed,0x9d2,0x41d,0x414,0x411,0x417,0x41a,0x40b,0x40e,
0x40e,0x40e,0x40e,0x40e,0x40e,0x40e,0x40e,0x40e,0x420,0x40b,0x40b,0x40b,0x40b,0x40b,0x40b,0x40b,
0x40b,0x40b,0x40b,0x40b,0x40b,0x40b,0x40b,0x40b,0x40b,0x40b,0x40b,0x40b,0x40b,0x40b,0x40b,0x40b,
0x40b,0x40b,0x40b,0x40b,0x40b,0x40b,0x40b,0x40b,0x40b,0x40b,0x6d2,0x6d2,0x426,0x465,0x465,0x465,
0x465,0x465,0x465,0x45f,0x45f,0x45f,0x45f,0x45f,0x45f,0x45f,0x45f,0x45f,0x45f,0x45f,0x45f,0x45f,
0x45f,0x45f,0x45f,0x45f,0x45f,0x45f,0x45f,0x429,0x447,0x423,0x44d,0x450,0x44a,0x462,0x462,0x462,
0x462,0x462,0x462,0x45c,0x45c,0x45c,0x45c,0x45c,0x45c,0x45c,0x45c,0x45c,0x45c,0x45c,0x45c,0x45c,
0x45c,0x45c,0x45c,0x45c,0x45c,0x45c,0x45c,0x429,0x447,0x423,0x447,0x9d5,0x432,0x56d,0x570,0x576,
0x4b9,0x51f,0x5a3,0x51c,0x5a9,0x5a6,0x5af,0x5ac,0x56a,0x567,0x56a,0x567,0x564,0x561,0x50a,0x576,
0x564,0x561,0x564,0x561,0x564,0x561,0x564,0x561,0x57c,0x582,0x585,0x57f,0x52b,0x52b,0x52b,0x52b,
0x52b,0x52b,0x52b,0x52b,0x52b,0x52b,0x52b,0x52b,0x52b,0x52b,0x52b,0x52b,0x52b,0x52b,0x52b,0x52b,
0x52b,0x52b,0x52b,0x52b,0x52b,0x52b,0x52b,0x52b,0xae6,0xae6,0xc15,0x4bc,0x5df,0x5dc,0x5df,0x5dc,
0xe82,0xe7f,0xe82,0x1404,0x1401,0x1404,0x1401,0x1404,0x1401,0x1404,0x150c,0x1509,0x4ce,0x4e0,0x4e0,0x4fe,
0x4fe,0x4d4,0x4c2,0x4d4,0x4c2,0x4d4,0x4c2,0x4d4,0x4c2,0x4d4,0x4c2,0x4d4,0x597,0x597,0x597,0x597,
0x597,0x597,0x597,0x597,0x597,0x597,0x597,0x597,0x597,0x597,0x597,0x597,0x597,0x4cb,0x4cb,0x4cb,
0x4cb,0x4cb,0x4cb,0xad7,0xad7,0xad7,0xad7,0x59d,0x59d,0x59d,0x59d,0x59d,0x4cb,0x4cb,0x4cb,0x4cb,
0x4cb,0x4cb,0x4cb,0x4cb,0x4cb,0x4cb,0x4cb,0x4cb,0x4cb,0x4cb,0x4cb,0x4cb,0x4cb,0x4cb,0x4cb,0x4cb,
0x4cb,0x4cb,0x4cb,0x4cb,0x4cb,0x4cb,0x4cb,0x4cb,0x4cb,0x4cb,0x4cb,0x4cb,0x4cb,0x4cb,0xad7,0xad7,
0x519,0x519,0x519,0x519,0x519,0x519,0x519,0x519,0x519,0x519,0x519,0x519,0x519,0x519,0x519,0x519,
0x519,0x519,0x519,0x519,0x519,0x519,0x519,0x519,0x519,0x519,0x519,0x519,0x519,0x519,0x519,0x519,
0x519,0x519,0x522,0x522,0x519,0x522,0x519,0x522,0x522,0x519,0x519,0x519,0x519,0x519,0x519,0x519,
0x519,0x519,0x519,0x522,0x519,0x522,0x519,0x522,0x522,0x519,0x519,0x522,0x522,0x522,0x519,0x519,
0x519,0x519,0x1224,0x1224,0x9e7,0x9e7,0x9e7,0x9e7,0x9e7,0x9e7,0x9e7,0x9e7,0x9e7,0x9e7,0x9e7,0x9e7,
0x9e7,0x9e7,0x9e7,0x9e7,0x525,0x525,0x525,0x525,0x525,0x525,0x525,0x525,0x525,0x525,0x525,0x525,
0x525,0x525,0x525,0x525,0x525,0x525,0x522,0x525,0x525,0x525,0x525,0x525,0x525,0x525,0x525,0x525,
0x525,0x525,0x525,0x525,0x525,0x522,0x525,0x525,0x525,0x525,0x525,0x525,0x525,0x525,0x525,0x525,
0x525,0x525,0x525,0x525,0x525,0x525,0x525,0x525,0x525,0x525,0x525,0x525,0x522,0x525,0x525,0x525,
0x525,0x525,0x525,0x525,0x525,0x525,0x525,0x525,0x525,0x525,0x525,0x525,0x525,0x522,0x525,0x525,
0x525,0x525,0x525,0x525,0x525,0x525,0x525,0x525,0x525,0x525,0x525,0x525,0x525,0x525,0x525,0x525,
0x525,0x525,0x525,0x525,0x525,0x525,0x522,0x525,0x525,0x525,0x525,0x525,0x525,0x525,0x525,0x525,
0x525,0x525,0x525,0x522,0x525,0x525,0x525,0x525,0x525,0x525,0x525,0x525,0x525,0x525,0x525,0x525,
0x525,0x525,0x525,0x525,0x525,0x525,0x525,0x525,0x525,0x525,0x525,0x525,0x522,0x525,0x525,0x525,
0x525,0x525,0x525,0x525,0x525,0x525,0x525,0x525,0x525,0x525,0x525,0x525,0x525,0x525,0x525,0x525,
0x525,0x525,0x525,0x522,0x525,0x525,0x525,0x525,0x525,0x525,0x525,0x525,0x525,0x525,0x525,0x525,
0x525,0x525,0x525,0x525,0x522,0x522,0x522,0x525,0x522,0x525,0x522,0x525,0x525,0x525,0x525,0x525,
0x525,0x525,0x525,0x522,0x525,0x525,0x525,0x525,0x525,0x525,0x525,0x525,0x525,0x525,0x525,0x525,
0x525,0x525,0x522,0x525,0x525,0x525,0x525,0x525,0x525,0x525,0x525,0x525,0x522,0x525,0x525,0x525,
0x525,0x525,0x525,0x525,0x525,0x522,0x525,0x525,0x525,0x522,0x525,0x522,0x525,0x525,0x525,0x525,
0x525,0x525,0x525,0x525,0x522,0x525,0x525,0x525,0x522,0x525,0x525,0x525,0x525,0x525,0x525,0x525,
0x525,0x525,0x525,0x525,0x525,0x525,0x525,0x525,0x525,0x525,0x525,0x525,0x525,0x525,0x525,0x525,
0x525,0x525,0x525,0x525,0x525,0x522,0x525,0x525,0x525,0x525,0x525,0x525,0x525,0x525,0x525,0x525,
0x525,0x525,0x525,0x525,0x522,0x525,0x522,0x525,0x525,0x525,0x525,0x525,0x525,0x525,0x525,0x525,
0x525,0x525,0x525,0x525,0x525,0x525,0x525,0x525,0x525,0x525,0x522,0x525,0x525,0x525,0x525,0x525,
0x525,0x525,0x525,0x525,0x525,0x525,0x525,0x525,0x525,0x525,0x525,0x525,0x525,0x525,0x525,0x525,
0x525,0x525,0x525,0x525,0x525,0x522,0x525,0x525,0x525,0x525,0x525,0x525,0x525,0x525,0x522,0x525,
0x522,0x525,0x525,0x525,0x522,0x525,0x525,0x525,0x525,0x525,0x525,0x525,0x525,0x525,0x525,0x525,
0x525,0x525,0x525,0x525,0x525,0x525,0x525,0x525,0x525,0x525,0x522,0x525,0x525,0x525,0x525,0x525,
0x525,0x525,0x525,0x525,0x525,0x525,0x525,0x525,0x525,0x525,0x525,0x525,0x525,0x525,0x525,0x525,
0x525,0x525,0x525,0x525,0x522,0x522,0x525,0x525,0x525,0x525,0x525,0x525,0x525,0x525,0x525,0x525,
0x525,0x525,0x525,0x525,0x525,0x525,0x525,0x525,0x525,0x525,0x525,0x525,0x522,0x525,0x525,0x525,
0x522,0x525,0x525,0x525,0x525,0x522,0x525,0x525,0x525,0x525,0x522,0x525,0x525,0x525,0x525,0x525,
0x525,0x525,0x525,0x525,0x525,0x525,0x525,0x525,0x525,0x525,0x522,0x525,0x525,0x525,0x525,0x525,
0x522,0x525,0x525,0x525,0x525,0x525,0x525,0x525,0x525,0x525,0x525,0x525,0x525,0x525,0x525,0x525,
0x525,0x525,0x525,0x525,0x525,0x525,0x525,0x525,0x525,0x525,0x525,0x525,0x525,0x525,0x525,0x525,
0x522,0x525,0x525,0x525,0x525,0x522,0x525,0x525,0x525,0x525,0x525,0x525,0x525,0x525,0x525,0x525,
0x525,0x525,0x525,0x525,0x525,0x525,0x525,0x522,0x525,0x525,0x525,0x522,0x525,0x525,0x525,0x525,
0x525,0x525,0x525,0x522,0x522,0x522,0x525,0x525,0x525,0x525,0x525,0x525,0x525,0x525,0x525,0x525,
0x525,0x525,0x525,0x525,0x525,0x525,0x525,0x525,0x525,0x525,0x525,0x525,0x525,0x522,0x525,0x525,
0x525,0x525,0x525,0x525,0x525,0x525,0x525,0x522,0x525,0x525,0x525,0x525,0x525,0x525,0x525,0x525,
0x525,0x525,0x525,0x525,0x525,0x525,0x525,0x525,0x525,0x525,0x525,0x525,0x522,0x525,0x525,0x525,
0x525,0x525,0x525,0x522,0x525,0x522,0x522,0x525,0x525,0x525,0x525,0x525,0x525,0x525,0x525,0x522,
0x525,0x525,0x525,0x525,0x525,0x525,0x525,0x525,0x522,0x525,0x525,0x522,0x525,0x525,0x525,0x525,
0x525,0x525,0x525,0x525,0x525,0x525,0x525,0x525,0x525,0x525,0x525,0x525,0x525,0x525,0x525,0x525,
0x525,0x525,0x525,0x525,0x525,0x525,0x525,0x522,0x525,0x525,0x525,0x525,0x525,0x525,0x522,0x525,
0x525,0x525,0x525,0x525,0x525,0x525,0x522,0x525,0x525,0x525,0x525,0x522,0x525,0x525,0x525,0x522,
0x525,0x525,0x525,0x525,0x522,0x525,0x525,0x525,0x525,0x525,0x525,0x525,0x522,0x525,0x525,0x525,
0x522,0x525,0x525,0x525,0x525,0x525,0x525,0x525,0x525,0x525,0x525,0x525,0x525,0x525,0x522,0x525,
0x525,0x525,0x525,0x525,0x525,0x525,0x525,0x525,0x525,0x525,0x522,0x525,0x525,0x525,0x525,0x522,
0x522,0x525,0x525,0x525,0x525,0x525,0x525,0x525,0x525,0x525,0x522,0x525,0x525,0x525,0x525,0x525,
0x525,0x525,0x525,0x525,0x525,0x525,0x525,0x525,0x525,0x525,0x525,0x525,0x525,0x522,0x525,0x522,
0x525,0x525,0x525,0x525,0x525,0x525,0x525,0x525,0x525,0x522,0x525,0x525,0x525,0x525,0x525,0x525,
0x525,0x525,0x525,0x525,0x522,0x525,0x522,0x525,0x525,0x525,0x525,0x525,0x525,0x525,0x522,0x525,
0x525,0x525,0x525,0x525,0x525,0x525,0x525,0x525,0x525,0x525,0x525,0x525,0x525,0x525,0x522,0x522,
0x525,0x525,0x525,0x525,0x525,0x525,0x525,0x525,0x525,0x525,0x525,0x522,0x525,0x525,0x525,0x525,
0x525,0x525,0x525,0x525,0x525,0x525,0x525,0x525,0x522,0x525,0x522,0x525,0x525,0x525,0x522,0x525,
0x525,0x525,0x525,0x525,0x525,0x525,0x525,0x525,0x525,0x525,0x525,0x525,0x525,0x525,0x522,0x525,
0x525,0x525,0x525,0x525,0x525,0x525,0x525,0x525,0x525,0x525,0x525,0x525,0x525,0x525,0x525,0x525,
0x525,0x522,0x525,0x525,0x525,0x525,0x525,0x525,0x525,0x525,0x522,0x525,0x525,0x525,0x525,0x525,
0x525,0x525,0x525,0x525,0x525,0x525,0x525,0x525,0x525,0x525,0x525,0x525,0x522,0x525,0x525,0x525,
0x522,0x525,0x525,0x525,0x522,0x525,0x522,0x525,0x525,0x522,0x525,0x525,0x522,0x525,0x525,0x525,
0x525,0x525,0x525,0x525,0x525,0x525,0x525,0x525,0x525,0x522,0x525,0x525,0x525,0x522,0x525,0x525,
0x525,0x525,0x525,0x525,0x525,0x525,0x522,0x525,0x525,0x525,0x525,0x525,0x525,0x525,0x525,0x525,
0x525,0x525,0x525,0x525,0x525,0x525,0x525,0x525,0x525,0x525,0x525,0x522,0x522,0x525,0x525,0x525,
0x525,0x525,0x525,0x525,0x525,0x525,0x525,0x525,0x525,0x525,0x525,0x525,0x525,0x525,0x525,0x525,
0x522,0x525,0x525,0x522,0x525,0x525,0x522,0x525,0x525,0x525,0x525,0x525,0x525,0x525,0x525,0x522,
0x525,0x522,0x525,0x525,0x525,0x525,0x525,0x525,0x525,0x525,0x522,0x525,0x525,0x522,0x522,0x525,
0x525,0x525,0x525,0x525,0x525,0x525,0x525,0x525,0x525,0x525,0x522,0x525,0x525,0x525,0x525,0x525,
0x525,0x525,0x525,0x525,0x525,0x525,0x525,0x525,0x525,0x525,0x525,0x525,0x525,0x525,0x525,0x525,
0x525,0x525,0x525,0x522,0x525,0x522,0x525,0x525,0x525,0x525,0x525,0x525,0x525,0x525,0x525,0x525,
0x525,0x525,0x522,0x525,0x525,0x522,0x525,0x525,0x525,0x525,0x525,0x525,0x525,0x525,0x525,0x525,
0x525,0x525,0x525,0x525,0x525,0x525,0x525,0x525,0x525,0x522,0x525,0x525,0x525,0x525,0x525,0x525,
0x525,0x525,0x522,0x522,0x525,0x525,0x525,0x522,0x525,0x525,0x525,0x525,0x525,0x525,0x525,0x525,
0x525,0x525,0x522,0x525,0x525,0x525,0x525,0x525,0x525,0x522,0x525,0x525,0x525,0x525,0x525,0x525,
0x525,0x525,0x525,0x522,0x525,0x525,0x525,0x525,0x525,0x525,0x525,0x525,0x525,0x525,0x525,0x525,
0x525,0x522,0x522,0x525,0x525,0x525,0x525,0x525,0x525,0x525,0x525,0x522,0x525,0x525,0x525,0x525,
0x525,0x525,0x525,0x525,0x525,0x525,0x525,0x525,0x525,0x525,0x525,0x525,0x525,0x525,0x525,0x525,
0x525,0x525,0x525,0x522,0x522,0x525,0x525,0x525,0x525,0x525,0x525,0x525,0x525,0x525,0x525,0x525,
0x525,0x525,0x525,0x525,0x525,0x525,0x525,0x525,0x525,0x525,0x525,0x525,0x525,0x525,0x522,0x525,
0x525,0x525,0x525,0x525,0x525,0x525,0x525,0x525,0x525,0x525,0x525,0x525,0x525,0x525,0x525,0x525,
0x525,0x525,0x525,0x525,0x525,0x525,0x525,0x525,0x525,0x525,0x525,0x525,0x525,0x522,0x525,0x525,
0x522,0x522,0x525,0x525,0x525,0x525,0x525,0x525,0x522,0x525,0x525,0x525,0x525,0x525,0x525,0x525,
0x525,0x525,0x525,0x525,0x525,0x525,0x525,0x525,0x525,0x525,0x525,0x525,0x525,0x525,0x525,0x525,
0x522,0x525,0x525,0x525,0x525,0x525,0x525,0x525,0x525,0x525,0x525,0x525,0x525,0x525,0x522,0x522,
0x525,0x525,0x525,0x525,0x525,0x525,0x525,0x525,0x525,0x525,0x525,0x525,0x525,0x525,0x525,0x525,
0x525,0x525,0x525,0x525,0x522,0x525,0x525,0x525,0x525,0x525,0x525,0x525,0x525,0x525,0x525,0x522,
0x525,0x525,0x525,0x525,0x525,0x525,0x525,0x525,0x525,0x525,0x525,0x522,0x525,0x525,0x525,0x525,
0x522,0x525,0x525,0x525,0x525,0x525,0x525,0x522,0x525,0x525,0x525,0x525,0x525,0x522,0x525,0x525,
0x525,0x525,0x522,0x525,0x525,0x525,0x525,0x525,0x525,0x525,0x525,0x522,0x525,0x522,0x525,0x525,
0x525,0x525,0x525,0x525,0x525,0x525,0x525,0x525,0x525,0x525,0x525,0x525,0x525,0x525,0x525,0x525,
0x525,0x522,0x525,0x525,0x525,0x525,0x525,0x525,0x525,0x522,0x525,0x525,0x525,0x525,0x525,0x525,
0x525,0x525,0x525,0x525,0x522,0x525,0x525,0x522,0x525,0x525,0x525,0x525,0x525,0x525,0x525,0x525,
0x525,0x525,0x522,0x525,0x525,0x525,0x525,0x525,0x525,0x525,0x522,0x525,0x525,0x525,0x525,0x525,
0x525,0x525,0x525,0x525,0x525,0x525,0x525,0x525,0x525,0x525,0x525,0x525,0x525,0x525,0x525,0x525,
0x525,0x525,0x525,0x525,0x525,0x525,0x522,0x525,0x525,0x525,0x525,0x525,0x525,0x525,0x525,0x525,
0x525,0x525,0x525,0x525,0x525,0x525,0x525,0x522,0x525,0x525,0x525,0x525,0x525,0x525,0x525,0x525,
0x525,0x522,0x525,0x525,0x525,0x525,0x525,0x525,0x525,0x525,0x522,0x525,0x525,0x525,0x525,0x525,
0x525,0x525,0x525,0x525,0x525,0x525,0x525,0x525,0x525,0x525,0x522,0x525,0x522,0x525,0x525,0x522,
0x522,0x525,0x525,0x525,0x525,0x525,0x525,0x525,0x525,0x522,0x525,0x525,0x525,0x525,0x525,0x525,
0x525,0x525,0x525,0x525,0x525,0x522,0x525,0x525,0x525,0x525,0x525,0x522,0x525,0x525,0x525,0x525,
0x525,0x525,0x525,0x525,0x525,0x522,0x525,0x525,0x522,0x525,0x525,0x525,0x525,0x525,0x525,0x525,
0x525,0x525,0x525,0x525,0x525,0x525,0x525,0x525,0x525,0x525,0x525,0x525,0x525,0x525,0x525,0x525,
0x525,0x522,0x525,0x525,0x525,0x525,0x525,0x522,0x525,0x525,0x525,0x525,0x522,0x525,0x525,0x525,
0x525,0x525,0x525,0x525,0x525,0x525,0x525,0x525,0x525,0x522,0x522,0x525,0x522,0x525,0x525,0x525,
0x525,0x525,0x525,0x525,0x525,0x525,0x525,0x522,0x525,0x525,0x525,0x525,0x525,0x525,0x525,0x525,
0x525,0x525,0x525,0x525,0x525,0x525,0x525,0x525,0x525,0x525,0x525,0x525,0x522,0x525,0x525,0x525,
0x525,0x525,0x525,0x525,0x525,0x522,0x525,0x525,0x525,0x525,0x525,0x522,0x525,0x525,0x525,0x525,
0x525,0x525,0x525,0x525,0x525,0x525,0x525,0x525,0x525,0x525,0x522,0x525,0x525,0x525,0x525,0x525,
0x525,0x525,0x525,0x525,0x522,0x525,0x525,0x525,0x525,0x525,0x525,0x525,0x525,0x525,0x525,0x525,
0x525,0x525,0x525,0x525,0x525,0x525,0x525,0x525,0x525,0x525,0x525,0x525,0x522,0x525,0x525,0x525,
0x525,0x525,0x522,0x525,0x525,0x525,0x525,0x525,0x525,0x525,0x525,0x525,0x522,0x525,0x525,0x525,
0x525,0x525,0x522,0x522,0x525,0x525,0x525,0x525,0x525,0x525,0x525,0x525,0x525,0x525,0x525,0x525,
0x525,0x525,0x525,0x522,0x525,0x525,0x525,0x525,0x525,0x525,0x525,0x525,0x525,0x525,0x522,0x525,
0x525,0x525,0x525,0x525,0x525,0x525,0x525,0x525,0x525,0x525,0x522,0x525,0x525,0x525,0x525,0x525,
0x525,0x525,0x525,0x525,0x522,0x525,0x525,0x522,0x522,0x525,0x525,0x525,0x525,0x525,0x525,0x525,
0x525,0x522,0x525,0x525,0x522,0x525,0x525,0x525,0x525,0x525,0x525,0x525,0x525,0x525,0x525,0x525,
0x525,0x525,0x525,0x525,0x525,0x522,0x525,0x525,0x525,0x525,0x522,0x525,0x525,0x525,0x525,0x525,
0x525,0x525,0x525,0x525,0x525,0x525,0x525,0x525,0x525,0x522,0x525,0x525,0x525,0x525,0x525,0x525,
0x525,0x525,0x525,0x525,0x525,0x522,0x525,0x525,0x525,0x522,0x525,0x525,0x522,0x525,0x525,0x525,
0x525,0x525,0x525,0x525,0x525,0x522,0x525,0x522,0x525,0x525,0x525,0x525,0x525,0x525,0x525,0x525,
0x525,0x525,0x525,0x525,0x525,0x525,0x525,0x522,0x525,0x525,0x525,0x525,0x525,0x525,0x525,0x525,
0x525,0x525,0x525,0x525,0x525,0x525,0x525,0x522,0x525,0x525,0x522,0x525,0x525,0x525,0x525,0x525,
0x525,0x525,0x525,0x525,0x525,0x525,0x525,0x525,0x525,0x525,0x525,0x525,0x525,0x525,0x525,0x525,
0x525,0x525,0x525,0x525,0x525,0x522,0x525,0x522,0x525,0x525,0x525,0x525,0x525,0x525,0x525,0x525,
0x525,0x525,0x525,0x525,0x525,0x525,0x525,0x525,0x525,0x525,0x525,0x525,0x525,0x525,0x525,0x522,
0x525,0x525,0x525,0x525,0x525,0x525,0x525,0x525,0x522,0x525,0x522,0x525,0x525,0x525,0x525,0x525,
0x522,0x525,0x525,0x525,0x522,0x525,0x525,0x525,0x525,0x525,0x525,0x525,0x525,0x525,0x525,0x525,
0x525,0x525,0x525,0x525,0x525,0x525,0x525,0x522,0x525,0x522,0x525,0x525,0x525,0x525,0x525,0x525,
0x525,0x525,0x525,0x525,0x525,0x525,0x525,0x525,0x525,0x525,0x525,0x522,0x525,0x525,0x525,0x525,
0x525,0x522,0x525,0x525,0x525,0x525,0x525,0x525,0x525,0x525,0x525,0x525,0x525,0x525,0x525,0x525,
0x525,0x525,0x525,0x525,0x525,0x525,0x522,0x525,0x525,0x525,0x525,0x525,0x525,0x525,0x525,0x522,
0x525,0x525,0x522,0x525,0x525,0x525,0x525,0x525,0x525,0x525,0x525,0x525,0x525,0x525,0x525,0x525,
0x522,0x522,0x525,0x525,0x525,0x525,0x525,0x525,0x525,0x525,0x525,0x525,0x525,0x525,0x525,0x522,
0x525,0x525,0x525,0x525,0x525,0x525,0x525,0x525,0x525,0x522,0x525,0x525,0x525,0x525,0x522,0x525,
0x525,0x525,0x525,0x525,0x525,0x525,0x525,0x525,0x525,0x522,0x525,0x525,0x525,0x525,0x525,0x525,
0x525,0x525,0x522,0x525,0x525,0x525,0x525,0x522,0x525,0x525,0x525,0x525,0x522,0x525,0x525,0x525,
0x525,0x525,0x525,0x525,0x525,0x525,0x525,0x525,0x522,0x525,0x525,0x525,0x525,0x525,0x525,0x525,
0x525,0x525,0x525,0x525,0x525,0x525,0x525,0x525,0x525,0x525,0x522,0x525,0x525,0x525,0x525,0x525,
0x522,0x525,0x525,0x525,0x525,0x525,0x525,0x525,0x525,0x525,0x525,0x525,0x525,0x525,0x525,0x525,
0x525,0x525,0x525,0x525,0x525,0x525,0x525,0x525,0x525,0x525,0x525,0x522,0x525,0x525,0x525,0x525,
0x525,0x525,0x525,0x522,0x525,0x525,0x522,0x525,0x525,0x522,0x525,0x525,0x525,0x525,0x525,0x525,
0x525,0x525,0x525,0x525,0x525,0x525,0x522,0x525,0x525,0x525,0x525,0x525,0x525,0x525,0x525,0x525,
0x525,0x522,0x525,0x525,0x525,0x525,0x525,0x525,0x525,0x525,0x525,0x525,0x525,0x525,0x525,0x525,
0x525,0x525,0x525,0x525,0x525,0x525,0x525,0x525,0x525,0x525,0x525,0x525,0x525,0x522,0x525,0x525,
0x525,0x525,0x525,0x525,0x525,0x522,0x525,0x525,0x525,0x525,0x525,0x525,0x525,0x525,0x525,0x525,
0x525,0x525,0x525,0x522,0x525,0x525,0x525,0x522,0x525,0x525,0x525,0x525,0x525,0x525,0x525,0x525,
0x525,0x525,0x525,0x522,0x525,0x525,0x525,0x525,0x525,0x525,0x525,0x525,0x525,0x525,0x525,0x525,
0x525,0x525,0x525,0x525,0x525,0x525,0x525,0x522,0x525,0x525,0x525,0x522,0x525,0x525,0x525,0x525,
0x525,0x525,0x525,0x525,0x525,0x525,0x525,0x525,0x525,0x525,0x525,0x525,0x525,0x525,0x522,0x525,
0x525,0x525,0x525,0x525,0x525,0x525,0x525,0x525,0x525,0x525,0x525,0x522,0x522,0x525,0x525,0x525,
0x525,0x525,0x525,0x522,0x525,0x525,0x525,0x525,0x525,0x525,0x525,0x522,0x525,0x525,0x525,0x525,
0x525,0x522,0x525,0x525,0x525,0x525,0x525,0x525,0x522,0x525,0x525,0x525,0x525,0x525,0x525,0x525,
0x525,0x525,0x525,0x525,0x525,0x525,0x525,0x525,0x525,0x525,0x525,0x522,0x525,0x525,0x522,0x525,
0x522,0x525,0x525,0x525,0x525,0x525,0x525,0x525,0x525,0x525,0x525,0x525,0x522,0x525,0x525,0x525,
0x525,0x525,0x525,0x525,0x525,0x522,0x525,0x525,0x525,0x525,0x525,0x525,0x525,0x525,0x525,0x525,
0x525,0x525,0x525,0x525,0x525,0x525,0x525,0x522,0x525,0x525,0x525,0x525,0x525,0x525,0x525,0x525,
0x525,0x525,0x525,0x525,0x525,0x522,0x525,0x525,0x525,0x525,0x525,0x525,0x525,0x525,0x525,0x525,
0x525,0x525,0x525,0x525,0x525,0x525,0x525,0x525,0x525,0x525,0x525,0x525,0x525,0x525,0x525,0x525,
0x525,0x525,0x525,0x522,0x525,0x522,0x525,0x525,0x525,0x525,0x525,0x522,0x522,0x525,0x525,0x525,
0x525,0x525,0x525,0x525,0x525,0x525,0x525,0x525,0x522,0x525,0x525,0x525,0x525,0x525,0x525,0x525,
0x525,0x525,0x525,0x525,0x525,0x525,0x525,0x525,0x525,0x525,0x522,0x525,0x525,0x525,0x525,0x525,
0x525,0x525,0x525,0x525,0x525,0x525,0x522,0x525,0x525,0x525,0x525,0x525,0x525,0x525,0x525,0x525,
0x525,0x525,0x525,0x522,0x525,0x525,0x525,0x525,0x525,0x525,0x522,0x525,0x525,0x525,0x525,0x525,
0x525,0x525,0x525,0x525,0x522,0x525,0x525,0x525,0x525,0x525,0x525,0x525,0x525,0x525,0x525,0x525,
0x525,0x525,0x525,0x525,0x522,0x525,0x525,0x525,0x525,0x525,0x525,0x522,0x525,0x525,0x525,0x525,
0x525,0x525,0x525,0x525,0x525,0x525,0x525,0x525,0x525,0x525,0x525,0x525,0x525,0x525,0x525,0x525,
0x525,0x525,0x525,0x525,0x525,0x525,0x525,0x525,0x525,0x522,0x525,0x525,0x525,0x525,0x525,0x525,
0x525,0x525,0x525,0x525,0x525,0x525,0x525,0x525,0x525,0x522,0x525,0x525,0x522,0x525,0x525,0x525,
0x525,0x525,0x525,0x525,0x525,0x525,0x525,0x525,0x525,0x525,0x525,0x525,0x525,0x525,0x525,0x525,
0x525,0x525,0x522,0x525,0x525,0x525,0x522,0x525,0x525,0x525,0x525,0x525,0x525,0x525,0x522,0x525,
0x525,0x525,0x525,0x525,0x525,0x522,0x525,0x525,0x525,0x525,0x525,0x525,0x525,0x525,0x525,0x525,
0x525,0x525,0x525,0x525,0x525,0x525,0x525,0x525,0x525,0x525,0x525,0x525,0x525,0x522,0x525,0x525,
0x525,0x525,0x522,0x525,0x525,0x525,0x525,0x522,0x525,0x525,0x525,0x525,0x525,0x525,0x525,0x525,
0x525,0x522,0x525,0x525,0x525,0x525,0x525,0x525,0x525,0x525,0x525,0x525,0x525,0x525,0x522,0x525,
0x525,0x525,0x525,0x525,0x525,0x525,0x525,0x525,0x525,0x525,0x525,0x525,0x525,0x525,0x525,0x525,
0x525,0x522,0x525,0x522,0x525,0x522,0x525,0x525,0x522,0x522,0x525,0x525,0x525,0x525,0x525,0x525,
0x522,0x525,0x525,0x525,0x525,0x525,0x525,0x525,0x525,0x525,0x525,0x525,0x525,0x525,0x525,0x525,
0x525,0x525,0x525,0x525,0x525,0x525,0x525,0x525,0x525,0x525,0x525,0x522,0x525,0x525,0x525,0x522,
0x525,0x525,0x525,0x525,0x525,0x525,0x522,0x525,0x525,0x525,0x525,0x525,0x525,0x525,0x525,0x525,
0x525,0x525,0x525,0x525,0x525,0x525,0x525,0x522,0x525,0x525,0x525,0x525,0x522,0x525,0x525,0x525,
0x525,0x525,0x525,0x525,0x525,0x525,0x525,0x525,0x525,0x525,0x525,0x525,0x522,0x525,0x525,0x522,
0x525,0x525,0x525,0x525,0x525,0x525,0x525,0x525,0x525,0x525,0x525,0x525,0x525,0x525,0x525,0x525,
0x525,0x525,0x525,0x525,0x525,0x522,0x525,0x525,0x525,0x522,0x525,0x525,0x525,0x525,0x525,0x525,
0x525,0x525,0x525,0x525,0x525,0x525,0x525,0x525,0x525,0x525,0x525,0x525,0x525,0x525,0x525,0x525,
0x525,0x525,0x525,0x525,0x525,0x525,0x525,0x525,0x525,0x525,0x522,0x525,0x525,0x525,0x525,0x525,
0x525,0x525,0x525,0x525,0x525,0x525,0x525,0x525,0x525,0x525,0x525,0x525,0x525,0x522,0x525,0x525,
0x525,0x525,0x525,0x522,0x525,0x525,0x525,0x525,0x525,0x525,0x525,0x525,0x525,0x525,0x525,0x522,
0x525,0x525,0x525,0x525,0x525,0x525,0x525,0x522,0x525,0x525,0x525,0x525,0x525,0x525,0x525,0x525,
0x525,0x525,0x525,0x525,0x525,0x525,0x525,0x525,0x525,0x525,0x525,0x525,0x525,0x525,0x525,0x525,
0x525,0x525,0x525,0x522,0x522,0x525,0x525,0x525,0x525,0x525,0x525,0x525,0x525,0x525,0x525,0x525,
0x525,0x522,0x525,0x525,0x525,0x525,0x525,0x525,0x525,0x525,0x525,0x525,0x525,0x525,0x525,0x525,
0x525,0x525,0x522,0x525,0x525,0x525,0x525,0x525,0x525,0x522,0x525,0x525,0x525,0x525,0x525,0x525,
0x525,0x525,0x525,0x525,0x525,0x525,0x525,0x522,0x525,0x525,0x525,0x525,0x525,0x525,0x522,0x525,
0x525,0x525,0x525,0x525,0x525,0x525,0x525,0x525,0x522,0x525,0x525,0x525,0x525,0x525,0x525,0x525,
0x525,0x525,0x525,0x525,0x525,0x522,0x525,0x525,0x525,0x525,0x525,0x525,0x525,0x525,0x525,0x525,
0x525,0x525,0x525,0x525,0x525,0x525,0x522,0x525,0x525,0x525,0x525,0x525,0x525,0x522,0x525,0x525,
0x525,0x522,0x525,0x525,0x525,0x525,0x525,0x525,0x525,0x525,0x522,0x525,0x525,0x525,0x525,0x525,
0x525,0x525,0x522,0x525,0x525,0x525,0x525,0x525,0x525,0x525,0x525,0x525,0x525,0x525,0x525,0x525,
0x525,0x525,0x525,0x525,0x525,0x525,0x525,0x522,0x522,0x525,0x522,0x525,0x525,0x525,0x525,0x525,
0x525,0x525,0x525,0x525,0x525,0x525,0x525,0x525,0x525,0x525,0x525,0x525,0x525,0x525,0x525,0x525,
0x525,0x525,0x522,0x525,0x525,0x525,0x525,0x522,0x525,0x525,0x525,0x525,0x525,0x525,0x525,0x525,
0x525,0x525,0x522,0x525,0x525,0x525,0x525,0x525,0x525,0x525,0x525,0x525,0x525,0x525,0x525,0x525,
0x525,0x525,0x522,0x525,0x525,0x525,0x525,0x525,0x525,0x525,0x525,0x525,0x522,0x522,0x525,0x525,
0x525,0x525,0x525,0x525,0x525,0x522,0x525,0x525,0x525,0x525,0x525,0x525,0x522,0x525,0x525,0x525,
0x522,0x525,0x525,0x525,0x525,0x525,0x525,0x525,0x522,0x525,0x525,0x525,0x525,0x525,0x522,0x525,
0x525,0x525,0x525,0x525,0x525,0x525,0x525,0x525,0x525,0x525,0x525,0x525,0x525,0x522,0x525,0x525,
0x525,0x525,0x522,0x525,0x525,0x525,0x525,0x525,0x525,0x525,0x525,0x525,0x525,0x525,0x525,0x525,
0x522,0x525,0x525,0x525,0x525,0x525,0x525,0x525,0x525,0x525,0x525,0x522,0x522,0x525,0x525,0x525,
0x525,0x525,0x525,0x525,0x525,0x525,0x525,0x525,0x522,0x525,0x525,0x525,0x525,0x522,0x525,0x525,
0x525,0x525,0x525,0x525,0x525,0x525,0x525,0x525,0x525,0x525,0x525,0x525,0x525,0x525,0x525,0x525,
0x522,0x525,0x525,0x522,0x525,0x525,0x525,0x525,0x525,0x525,0x525,0x525,0x525,0x525,0x525,0x525,
0x525,0x525,0x525,0x525,0x525,0x525,0x525,0x525,0x525,0x525,0x525,0x525,0x525,0x525,0x525,0x525,
0x525,0x525,0x522,0x525,0x525,0x525,0x525,0x525,0x525,0x525,0x525,0x525,0x522,0x525,0x522,0x525,
0x525,0x525,0x525,0x525,0x525,0x525,0x525,0x525,0x525,0x525,0x525,0x525,0x525,0x525,0x525,0x525,
0x522,0x525,0x525,0x522,0x525,0x525,0x525,0x522,0x525,0x525,0x525,0x525,0x525,0x525,0x525,0x522,
0x525,0x525,0x522,0x525,0x525,0x525,0x525,0x522,0x525,0x525,0x525,0x525,0x525,0x525,0x525,0x525,
0x525,0x525,0x525,0x525,0x525,0x525,0x525,0x525,0x525,0x522,0x525,0x525,0x525,0x525,0x525,0x525,
0x522,0x525,0x525,0x525,0x525,0x522,0x525,0x525,0x525,0x525,0x525,0x525,0x525,0x525,0x525,0x525,
0x525,0x525,0x525,0x525,0x525,0x525,0x525,0x525,0x525,0x525,0x525,0x525,0x522,0x525,0x525,0x525,
0x525,0x525,0x525,0x525,0x525,0x525,0x525,0x525,0x525,0x525,0x522,0x525,0x525,0x525,0x525,0x525,
0x525,0x525,0x525,0x525,0x525,0x525,0x525,0x525,0x525,0x525,0x525,0x525,0x525,0x525,0x525,0x525,
0x525,0x525,0x525,0x525,0x525,0x525,0x525,0x525,0x525,0x522,0x525,0x522,0x525,0x522,0x525,0x525,
0x525,0x525,0x525,0x525,0x525,0x525,0x525,0x525,0x525,0x525,0x525,0x525,0x525,0x525,0x525,0x525,
0x525,0x522,0x525,0x525,0x525,0x525,0x525,0x525,0x525,0x525,0x525,0x525,0x525,0x525,0x525,0x522,
0x525,0x525,0x525,0x525,0x525,0x525,0x525,0x525,0x522,0x525,0x525,0x525,0x525,0x525,0x525,0x525,
0x525,0x525,0x525,0x525,0x525,0x525,0x525,0x525,0x525,0x525,0x525,0x525,0x525,0x525,0x525,0x525,
0x525,0x525,0x525,0x525,0x522,0x525,0x522,0x525,0x525,0x525,0x522,0x525,0x525,0x525,0x525,0x525,
0x525,0x522,0x525,0x525,0x525,0x525,0x525,0x525,0x525,0x525,0x525,0x525,0x525,0x525,0x525,0x525,
0x525,0x525,0x525,0x525,0x522,0x525,0x525,0x525,0x525,0x525,0x525,0x525,0x525,0x525,0x525,0x522,
0x525,0x525,0x525,0x525,0x525,0x525,0x525,0x525,0x525,0x525,0x525,0x525,0x525,0x525,0x525,0x525,
0x525,0x525,0x525,0x525,0x525,0x522,0x525,0x525,0x525,0x525,0x525,0x525,0x525,0x525,0x522,0x525,
0x525,0x522,0x525,0x525,0x525,0x525,0x525,0x525,0x525,0x525,0x525,0x525,0x525,0x525,0x525,0x525,
0x525,0x525,0x525,0x525,0x525,0x525,0x525,0x525,0x525,0x525,0x525,0x525,0x525,0x525,0x525,0x525,
0x525,0x525,0x525,0x522,0x522,0x525,0x525,0x525,0x525,0x525,0x525,0x525,0x525,0x525,0x525,0x525,
0x525,0x525,0x525,0x525,0x525,0x522,0x522,0x525,0x525,0x522,0x522,0x522,0x525,0x525,0x525,0x525,
0x525,0x525,0x525,0x525,0x522,0x525,0x525,0x525,0x525,0x525,0x525,0x525,0x525,0x525,0x525,0x525,
0x525,0x525,0x525,0x525,0x525,0x525,0x525,0x522,0x525,0x525,0x525,0x525,0x525,0x525,0x525,0x525,
0x525,0x525,0x522,0x525,0x525,0x525,0x525,0x525,0x525,0x525,0x525,0x525,0x525,0x525,0x525,0x525,
0x525,0x525,0x525,0x525,0x522,0x525,0x525,0x525,0x525,0x525,0x525,0x525,0x525,0x525,0x525,0x525,
0x525,0x525,0x525,0x525,0x525,0x525,0x522,0x525,0x522,0x525,0x525,0x525,0x525,0x525,0x525,0x525,
0x525,0x525,0x525,0x525,0x525,0x525,0x525,0x525,0x525,0x525,0x522,0x525,0x525,0x525,0x522,0x525,
0x525,0x525,0x525,0x522,0x525,0x525,0x525,0x525,0x525,0x525,0x525,0x525,0x525,0x522,0x525,0x525,
0x525,0x522,0x525,0x525,0x525,0x525,0x525,0x525,0x525,0x525,0x525,0x525,0x525,0x525,0x525,0x525,
0x525,0x525,0x525,0x525,0x525,0x522,0x525,0x525,0x525,0x525,0x525,0x525,0x525,0x525,0x525,0x525,
0x525,0x525,0x522,0x525,0x522,0x525,0x525,0x525,0x522,0x525,0x525,0x525,0x525,0x522,0x525,0x525,
0x525,0x525,0x525,0x525,0x525,0x525,0x525,0x525,0x525,0x525,0x525,0x525,0x522,0x525,0x525,0x525,
0x525,0x525,0x525,0x525,0x525,0x525,0x525,0x525,0x525,0x525,0x525,0x525,0x525,0x525,0x525,0x525,
0x525,0x525,0x525,0x522,0x522,0x525,0x525,0x525,0x525,0x522,0x525,0x525,0x525,0x525,0x525,0x525,
0x525,0x525,0x525,0x525,0x522,0x525,0x525,0x525,0x522,0x525,0x522,0x525,0x525,0x522,0x525,0x525,
0x525,0x522,0x525,0x525,0x525,0x525,0x525,0x525,0x525,0x522,0x525,0x525,0x525,0x525,0x525,0x525,
0x525,0x525,0x525,0x525,0x525,0x522,0x525,0x525,0x525,0x525,0x525,0x525,0x525,0x522,0x525,0x525,
0x522,0x525,0x525,0x525,0x525,0x525,0x522,0x525,0x525,0x525,0x525,0x525,0x525,0x525,0x525,0x525,
0x525,0x525,0x525,0x525,0x525,0x522,0x525,0x525,0x525,0x525,0x525,0x525,0x525,0x525,0x525,0x525,
0x525,0x525,0x525,0x525,0x522,0x525,0x525,0x525,0x525,0x525,0x522,0x525,0x525,0x525,0x525,0x525,
0x525,0x525,0x525,0x525,0x525,0x525,0x525,0x525,0x525,0x525,0x525,0x525,0x525,0x525,0x525,0x525,
0x525,0x525,0x525,0x525,0x522,0x525,0x525,0x525,0x525,0x522,0x525,0x525,0x525,0x525,0x525,0x525,
0x525,0x525,0x525,0x525,0x525,0x525,0x525,0x525,0x525,0x525,0x525,0x525,0x525,0x525,0x522,0x525,
0x525,0x525,0x525,0x525,0x525,0x525,0x525,0x525,0x525,0x525,0x525,0x525,0x525,0x525,0x525,0x525,
0x522,0x522,0x525,0x525,0x525,0x525,0x522,0x525,0x525,0x525,0x525,0x525,0x525,0x525,0x525,0x525,
0x525,0x525,0x525,0x525,0x525,0x525,0x525,0x525,0x525,0x525,0x525,0x525,0x525,0x525,0x525,0x525,
0x525,0x525,0x525,0x525,0x525,0x525,0x522,0x522,0x525,0x522,0x522,0x525,0x525,0x525,0x522,0x525,
0x525,0x525,0x525,0x525,0x525,0x525,0x525,0x525,0x525,0x525,0x522,0x525,0x525,0x525,0x525,0x525,
0x522,0x525,0x525,0x525,0x525,0x525,0x525,0x525,0x525,0x525,0x525,0x525,0x525,0x525,0x525,0x525,
0x522,0x525,0x525,0x525,0x525,0x525,0x525,0x525,0x525,0x525,0x525,0x525,0x525,0x525,0x525,0x522,
0x522,0x522,0x525,0x525,0x525,0x525,0x525,0x525,0x525,0x525,0x525,0x525,0x525,0x525,0x525,0x522,
0x525,0x525,0x525,0x525,0x525,0x525,0x525,0x525,0x525,0x522,0x525,0x525,0x525,0x525,0x525,0x525,
0x525,0x525,0x525,0x525,0x525,0x525,0x522,0x525,0x525,0x525,0x525,0x525,0x522,0x525,0x522,0x525,
0x525,0x525,0x525,0x525,0x525,0x525,0x525,0x525,0x525,0x525,0x525,0x525,0x525,0x525,0x525,0x525,
0x525,0x525,0x525,0x525,0x525,0x525,0x525,0x525,0x522,0x525,0x522,0x525,0x525,0x525,0x525,0x522,
0x525,0x525,0x525,0x525,0x525,0x522,0x525,0x525,0x525,0x525,0x525,0x525,0x525,0x525,0x525,0x525,
0x522,0x525,0x525,0x522,0x525,0x525,0x525,0x525,0x525,0x525,0x525,0x525,0x525,0x525,0x525,0x525,
0x525,0x525,0x525,0x522,0x525,0x525,0x525,0x522,0x525,0x525,0x522,0x525,0x525,0x525,0x525,0x525,
0x525,0x525,0x525,0x525,0x525,0x525,0x525,0x525,0x525,0x525,0x525,0x525,0x525,0x525,0x522,0x522,
0x525,0x525,0x525,0x525,0x525,0x525,0x525,0x522,0x525,0x525,0x525,0x525,0x525,0x522,0x525,0x525,
0x525,0x525,0x525,0x525,0x525,0x525,0x525,0x525,0x525,0x522,0x525,0x525,0x525,0x525,0x525,0x525,
0x525,0x525,0x525,0x522,0x525,0x525,0x525,0x522,0x525,0x525,0x525,0x525,0x525,0x525,0x525,0x525,
0x525,0x525,0x522,0x525,0x525,0x525,0x525,0x525,0x525,0x525,0x522,0x525,0x525,0x525,0x522,0x525,
0x525,0x525,0x525,0x525,0x525,0x525,0x525,0x525,0x522,0x525,0x525,0x525,0x525,0x525,0x525,0x525,
0x525,0x525,0x525,0x525,0x525,0x525,0x525,0x522,0x522,0x525,0x525,0x525,0x525,0x525,0x525,0x525,
0x525,0x525,0x525,0x525,0x525,0x525,0x525,0x522,0x525,0x522,0x525,0x525,0x525,0x525,0x525,0x525,
0x525,0x525,0x525,0x525,0x525,0x525,0x525,0x525,0x525,0x525,0x525,0x525,0x525,0x525,0x525,0x522,
0x525,0x525,0x525,0x525,0x525,0x522,0x525,0x525,0x525,0x522,0x525,0x522,0x525,0x525,0x525,0x525,
0x525,0x525,0x525,0x525,0x522,0x525,0x525,0x525,0x522,0x522,0x525,0x525,0x525,0x525,0x525,0x525,
0x525,0x525,0x525,0x522,0x525,0x525,0x525,0x525,0x522,0x525,0x525,0x525,0x525,0x525,0x525,0x525,
0x525,0x525,0x525,0x525,0x525,0x522,0x525,0x525,0x525,0x525,0x525,0x525,0x525,0x525,0x522,0x525,
0x522,0x525,0x525,0x525,0x525,0x522,0x525,0x525,0x525,0x525,0x525,0x525,0x525,0x525,0x525,0x525,
0x525,0x525,0x525,0x522,0x525,0x525,0x525,0x525,0x525,0x525,0x525,0x525,0x525,0x525,0x525,0x525,
0x525,0x525,0x525,0x525,0x525,0x525,0x522,0x525,0x525,0x525,0x525,0x525,0x525,0x525,0x525,0x525,
0x525,0x525,0x525,0x525,0x522,0x525,0x525,0x525,0x525,0x525,0x525,0x525,0x525,0x525,0x525,0x525,
0x525,0x525,0x525,0x525,0x525,0x525,0x525,0x525,0x525,0x525,0x525,0x522,0x525,0x525,0x525,0x525,
0x525,0x525,0x525,0x522,0x525,0x525,0x525,0x525,0x525,0x525,0x525,0x525,0x525,0x525,0x525,0x525,
0x525,0x525,0x525,0x525,0x525,0x525,0x525,0x525,0x525,0x525,0x525,0x525,0x525,0x522,0x525,0x525,
0x525,0x525,0x522,0x525,0x525,0x525,0x525,0x525,0x525,0x525,0x525,0x522,0x525,0x522,0x525,0x525,
0x525,0x525,0x525,0x525,0x525,0x525,0x525,0x525,0x525,0x525,0x525,0x525,0x522,0x525,0x525,0x525,
0x525,0x525,0x525,0x525,0x525,0x525,0x525,0x525,0x525,0x525,0x525,0x525,0x525,0x525,0x522,0x525,
0x525,0x525,0x525,0x525,0x525,0x522,0x525,0x525,0x525,0x525,0x525,0x525,0x525,0x525,0x525,0x522,
0x525,0x522,0x525,0x525,0x522,0x525,0x525,0x525,0x525,0x525,0x525,0x525,0x525,0x525,0x525,0x525,
0x525,0x525,0x525,0x525,0x525,0x525,0x525,0x525,0x525,0x522,0x525,0x525,0x525,0x525,0x525,0x525,
0x525,0x525,0x525,0x525,0x525,0x525,0x525,0x525,0x525,0x525,0x522,0x525,0x525,0x522,0x525,0x525,
0x525,0x525,0x525,0x525,0x525,0x525,0x522,0x525,0x525,0x522,0x525,0x525,0x525,0x525,0x525,0x525,
0x525,0x525,0x525,0x525,0x525,0x525,0x525,0x525,0x525,0x522,0x525,0x525,0x525,0x525,0x525,0x525,
0x525,0x525,0x525,0x522,0x525,0x525,0x525,0x525,0x522,0x522,0x525,0x525,0x525,0x525,0x525,0x525,
0x525,0x525,0x525,0x525,0x525,0x522,0x525,0x525,0x525,0x522,0x525,0x525,0x525,0x525,0x525,0x525,
0x525,0x525,0x525,0x525,0x525,0x522,0x522,0x525,0x525,0x522,0x525,0x525,0x522,0x525,0x525,0x525,
0x525,0x525,0x525,0x525,0x525,0x525,0x525,0x522,0x525,0x525,0x522,0x525,0x525,0x525,0x525,0x525,
0x525,0x525,0x525,0x525,0x525,0x522,0x525,0x525,0x525,0x525,0x525,0x525,0x525,0x525,0x525,0x522,
0x525,0x525,0x525,0x525,0x525,0x525,0x525,0x525,0x525,0x525,0x525,0x525,0x525,0x522,0x525,0x525,
0x525,0x525,0x525,0x525,0x522,0x525,0x522,0x525,0x525,0x525,0x525,0x525,0x525,0x525,0x525,0x525,
0x525,0x525,0x522,0x525,0x525,0x525,0x525,0x525,0x525,0x525,0x525,0x525,0x525,0x525,0x525,0x525,
0x525,0x525,0x525,0x525,0x525,0x522,0x525,0x525,0x525,0x525,0x525,0x525,0x525,0x525,0x525,0x522,
0x525,0x525,0x525,0x525,0x525,0x525,0x525,0x525,0x525,0x525,0x525,0x525,0x525,0x525,0x525,0x525,
0x525,0x525,0x525,0x522,0x525,0x525,0x525,0x525,0x522,0x525,0x525,0x525,0x525,0x525,0x525,0x525,
0x525,0x525,0x525,0x525,0x525,0x525,0x525,0x525,0x525,0x525,0x525,0x525,0x525,0x525,0x525,0x525,
0x525,0x525,0x522,0x525,0x525,0x522,0x525,0x525,0x525,0x525,0x525,0x525,0x525,0x525,0x525,0x525,
0x525,0x525,0x525,0x525,0x525,0x525,0x522,0x525,0x525,0x525,0x525,0x525,0x525,0x525,0x525,0x525,
0x525,0x522,0x525,0x525,0x525,0x525,0x525,0x525,0x522,0x525,0x522,0x525,0x525,0x525,0x525,0x525,
0x525,0x525,0x525,0x525,0x525,0x525,0x525,0x525,0x522,0x522,0x525,0x525,0x525,0x525,0x525,0x525,
0x525,0x525,0x525,0x525,0x525,0x525,0x522,0x525,0x525,0x525,0x522,0x525,0x525,0x525,0x525,0x522,
0x525,0x525,0x525,0x525,0x525,0x525,0x525,0x525,0x525,0x525,0x525,0x525,0x525,0x525,0x525,0x525,
0x525,0x525,0x525,0x525,0x522,0x525,0x525,0x525,0x525,0x525,0x525,0x525,0x522,0x525,0x525,0x525,
0x525,0x525,0x525,0x525,0x522,0x525,0x525,0x525,0x525,0x522,0x525,0x525,0x525,0x525,0x525,0x525,
0x525,0x522,0x525,0x525,0x525,0x525,0x525,0x525,0x525,0x525,0x525,0x522,0x522,0x525,0x525,0x525,
0x525,0x525,0x525,0x525,0x525,0x525,0x525,0x525,0x525,0x525,0x525,0x525,0x525,0x525,0x522,0x525,
0x525,0x525,0x522,0x525,0x525,0x525,0x525,0x525,0x525,0x525,0x525,0x525,0x525,0x525,0x525,0x525,
0x522,0x525,0x522,0x525,0x525,0x525,0x525,0x525,0x525,0x522,0x522,0x525,0x525,0x525,0x525,0x525,
0x525,0x525,0x525,0x525,0x525,0x525,0x522,0x522,0x525,0x525,0x525,0x525,0x525,0x525,0x525,0x525,
0x525,0x525,0x525,0x525,0x525,0x525,0x525,0x525,0x525,0x525,0x525,0x525,0x525,0x525,0x522,0x525,
0x525,0x525,0x525,0x525,0x525,0x525,0x525,0x525,0x525,0x522,0x525,0x525,0x525,0x525,0x525,0x525,
0x525,0x525,0x525,0x525,0x525,0x525,0x525,0x525,0x525,0x525,0x525,0x525,0x522,0x525,0x525,0x525,
0x525,0x525,0x525,0x525,0x522,0x525,0x525,0x522,0x525,0x525,0x525,0x525,0x522,0x525,0x525,0x525,
0x525,0x525,0x525,0x525,0x522,0x525,0x525,0x522,0x525,0x525,0x525,0x525,0x525,0x525,0x525,0x525,
0x525,0x522,0x525,0x525,0x525,0x525,0x525,0x522,0x525,0x522,0x525,0x525,0x525,0x525,0x525,0x525,
0x525,0x525,0x525,0x525,0x525,0x525,0x525,0x525,0x525,0x525,0x525,0x525,0x525,0x525,0x525,0x525,
0x522,0x525,0x525,0x525,0x525,0x525,0x525,0x525,0x525,0x525,0x525,0x525,0x522,0x525,0x522,0x525,
0x525,0x525,0x525,0x525,0x522,0x525,0x525,0x525,0x525,0x525,0x522,0x525,0x525,0x525,0x525,0x522,
0x525,0x525,0x525,0x525,0x525,0x525,0x525,0x525,0x525,0x525,0x525,0x525,0x525,0x525,0x525,0x525,
0x525,0x525,0x522,0x525,0x525,0x525,0x525,0x525,0x525,0x525,0x525,0x525,0x525,0x525,0x525,0x525,
0x525,0x525,0x525,0x525,0x525,0x525,0x525,0x525,0x525,0x525,0x522,0x522,0x525,0x525,0x525,0x525,
0x525,0x525,0x525,0x525,0x525,0x525,0x525,0x525,0x525,0x525,0x525,0x525,0x525,0x525,0x525,0x525,
0x525,0x525,0x525,0x525,0x525,0x522,0x525,0x522,0x522,0x522,0x525,0x525,0x525,0x525,0x522,0x525,
0x525,0x525,0x522,0x525,0x525,0x525,0x525,0x525,0x525,0x525,0x525,0x525,0x525,0x525,0x525,0x525,
0x525,0x525,0x525,0x525,0x525,0x525,0x525,0x525,0x525,0x525,0x525,0x525,0x525,0x522,0x525,0x525,
0x525,0x525,0x525,0x525,0x525,0x525,0x525,0x525,0x525,0x522,0x525,0x525,0x525,0x525,0x525,0x525,
0x522,0x525,0x525,0x525,0x525,0x525,0x525,0x525,0x525,0x525,0x525,0x522,0x525,0x522,0x525,0x525,
0x525,0x525,0x525,0x525,0x525,0x525,0x525,0x525,0x525,0x525,0x525,0x525,0x525,0x525,0x525,0x525,
0x525,0x525,0x525,0x525,0x525,0x525,0x522,0x525,0x525,0x525,0x525,0x525,0x525,0x525,0x525,0x525,
0x525,0x525,0x525,0x525,0x525,0x525,0x525,0x522,0x525,0x525,0x525,0x525,0x525,0x525,0x525,0x525,
0x525,0x525,0x525,0x525,0x525,0x525,0x525,0x522,0x525,0x522,0x525,0x525,0x525,0x525,0x525,0x525,
0x525,0x525,0x525,0x525,0x522,0x525,0x522,0x525,0x525,0x525,0x525,0x525,0x525,0x525,0x525,0x525,
0x525,0x525,0x525,0x525,0x525,0x525,0x525,0x525,0x525,0x525,0x522,0x525,0x525,0x522,0x525,0x525,
0x525,0x525,0x525,0x525,0x525,0x522,0x525,0x525,0x525,0x525,0x525,0x525,0x525,0x525,0x525,0x522,
0x525,0x525,0x525,0x525,0x525,0x525,0x525,0x525,0x525,0x525,0x525,0x522,0x525,0x525,0x525,0x525,
0x525,0x525,0x522,0x525,0x525,0x525,0x525,0x525,0x525,0x525,0x525,0x525,0x525,0x525,0x525,0x525,
0x525,0x525,0x525,0x525,0x525,0x525,0x525,0x522,0x525,0x525,0x525,0x525,0x525,0x525,0x522,0x522,
0x525,0x525,0x525,0x525,0x525,0x522,0x525,0x522,0x525,0x522,0x522,0x525,0x525,0x525,0x525,0x525,
0x525,0x525,0x525,0x525,0x525,0x525,0x525,0x525,0x525,0x525,0x525,0x525,0x525,0x525,0x525,0x525,
0x522,0x525,0x525,0x522,0x525,0x525,0x525,0x522,0x525,0x525,0x525,0x525,0x525,0x525,0x522,0x525,
0x525,0x522,0x525,0x525,0x525,0x525,0x525,0x525,0x525,0x525,0x525,0x525,0x525,0x525,0x525,0x525,
0x525,0x525,0x525,0x525,0x522,0x525,0x525,0x525,0x525,0x522,0x525,0x525,0x525,0x525,0x525,0x525,
0x525,0x525,0x525,0x525,0x525,0x525,0x522,0x525,0x525,0x525,0x525,0x525,0x522,0x525,0x525,0x525,
0x525,0x525,0x525,0x525,0x525,0x525,0x525,0x525,0x525,0x525,0x525,0x525,0x525,0x525,0x525,0x525,
0x522,0x525,0x525,0x525,0x525,0x525,0x525,0x525,0x525,0x525,0x522,0x525,0x525,0x525,0x525,0x525,
0x525,0x525,0x525,0x525,0x525,0x525,0x525,0x525,0x525,0x525,0x525,0x525,0x525,0x522,0x525,0x525,
0x522,0x525,0x525,0x525,0x525,0x525,0x525,0x525,0x525,0x525,0x525,0x525,0x525,0x525,0x525,0x525,
0x525,0x522,0x525,0x525,0x525,0x525,0x525,0x522,0x525,0x525,0x525,0x525,0x525,0x525,0x525,0x525,
0x525,0x525,0x525,0x525,0x525,0x525,0x525,0x525,0x525,0x522,0x522,0x522,0x525,0x522,0x525,0x525,
0x525,0x525,0x522,0x525,0x525,0x525,0x525,0x525,0x525,0x525,0x525,0x525,0x525,0x525,0x525,0x525,
0x525,0x525,0x525,0x525,0x525,0x522,0x525,0x525,0x525,0x525,0x525,0x525,0x522,0x525,0x525,0x525,
0x525,0x525,0x525,0x525,0x525,0x525,0x525,0x525,0x522,0x525,0x525,0x525,0x525,0x525,0x525,0x522,
0x525,0x522,0x525,0x525,0x525,0x525,0x525,0x525,0x525,0x525,0x525,0x525,0x525,0x525,0x525,0x525,
0x525,0x525,0x525,0x525,0x525,0x525,0x525,0x525,0x525,0x525,0x522,0x525,0x525,0x525,0x525,0x525,
0x525,0x522,0x525,0x525,0x525,0x525,0x525,0x525,0x525,0x525,0x525,0x525,0x525,0x525,0x525,0x525,
0x525,0x525,0x525,0x522,0x525,0x525,0x525,0x525,0x525,0x525,0x525,0x525,0x525,0x525,0x525,0x525,
0x522,0x525,0x525,0x525,0x525,0x525,0x522,0x525,0x525,0x525,0x525,0x525,0x522,0x525,0x525,0x525,
0x525,0x525,0x525,0x525,0x525,0x525,0x525,0x525,0x525,0x525,0x522,0x522,0x522,0x525,0x525,0x525,
0x525,0x525,0x525,0x525,0x525,0x525,0x525,0x522,0x525,0x525,0x525,0x525,0x525,0x522,0x525,0x525,
0x525,0x525,0x525,0x525,0x525,0x525,0x525,0x522,0x522,0x525,0x525,0x525,0x525,0x525,0x525,0x525,
0x525,0x525,0x525,0x525,0x525,0x525,0x525,0x525,0x525,0x525,0x525,0x525,0x525,0x525,0x525,0x525,
0x525,0x525,0x525,0x525,0x522,0x525,0x525,0x525,0x525,0x525,0x525,0x525,0x525,0x525,0x525,0x525,
0x522,0x525,0x525,0x525,0x525,0x525,0x522,0x525,0x525,0x525,0x525,0x525,0x525,0x525,0x525,0x525,
0x522,0x525,0x525,0x525,0x525,0x525,0x525,0x525,0x525,0x525,0x525,0x522,0x522,0x525,0x525,0x525,
0x525,0x525,0x525,0x525,0x525,0x525,0x525,0x525,0x525,0x525,0x525,0x525,0x525,0x525,0x525,0x525,
0x525,0x525,0x525,0x525,0x522,0x525,0x522,0x522,0x525,0x525,0x525,0x525,0x525,0x525,0x525,0x522,
0x525,0x525,0x525,0x525,0x525,0x525,0x525,0x525,0x525,0x525,0x525,0x525,0x525,0x525,0x525,0x525,
0x525,0x522,0x525,0x525,0x525,0x525,0x525,0x525,0x525,0x525,0x525,0x525,0x522,0x525,0x525,0x525,
0x525,0x525,0x525,0x525,0x525,0x525,0x525,0x525,0x525,0x525,0x525,0x525,0x522,0x525,0x525,0x525,
0x522,0x525,0x525,0x525,0x525,0x525,0x525,0x525,0x525,0x525,0x525,0x525,0x525,0x525,0x525,0x525,
0x525,0x525,0x525,0x525,0x525,0x525,0x522,0x525,0x525,0x525,0x525,0x525,0x525,0x525,0x525,0x522,
0x525,0x525,0x525,0x525,0x525,0x525,0x525,0x525,0x525,0x525,0x525,0x525,0x525,0x525,0x522,0x525,
0x525,0x525,0x525,0x522,0x525,0x525,0x525,0x525,0x525,0x525,0x525,0x525,0x522,0x525,0x525,0x525,
0x525,0x525,0x525,0x522,0x525,0x525,0x525,0x525,0x525,0x525,0x525,0x525,0x525,0x522,0x522,0x525,
0x522,0x525,0x525,0x525,0x525,0x522,0x525,0x525,0x525,0x525,0x525,0x525,0x525,0x522,0x525,0x525,
0x522,0x525,0x525,0x525,0x525,0x525,0x525,0x522,0x525,0x525,0x525,0x525,0x525,0x525,0x525,0x525,
0x525,0x525,0x525,0x525,0x525,0x525,0x525,0x525,0x525,0x525,0x525,0x525,0x525,0x522,0x525,0x525,
0x525,0x525,0x525,0x525,0x525,0x525,0x525,0x525,0x525,0x525,0x522,0x525,0x525,0x525,0x525,0x525,
0x525,0x525,0x525,0x522,0x525,0x525,0x525,0x525,0x525,0x525,0x525,0x525,0x525,0x525,0x525,0x525,
0x525,0x525,0x525,0x525,0x522,0x525,0x525,0x525,0x522,0x525,0x525,0x522,0x525,0x525,0x525,0x525,
0x525,0x525,0x522,0x525,0x525,0x522,0x525,0x525,0x525,0x522,0x525,0x525,0x525,0x525,0x525,0x525,
0x525,0x525,0x525,0x525,0x525,0x525,0x525,0x525,0x525,0x525,0x525,0x525,0x525,0x522,0x525,0x525,
0x525,0x525,0x525,0x525,0x525,0x525,0x525,0x525,0x525,0x525,0x525,0x525,0x525,0x522,0x525,0x525,
0x525,0x525,0x525,0x525,0x525,0x522,0x525,0x525,0x525,0x525,0x525,0x525,0x525,0x525,0x525,0x525,
0x525,0x525,0x525,0x525,0x525,0x522,0x525,0x525,0x522,0x525,0x525,0x525,0x522,0x525,0x525,0x525,
0x525,0x522,0x525,0x525,0x525,0x525,0x525,0x525,0x525,0x525,0x525,0x525,0x525,0x525,0x525,0x525,
0x525,0x525,0x525,0x525,0x522,0x525,0x525,0x525,0x522,0x525,0x525,0x525,0x525,0x525,0x525,0x522,
0x522,0x525,0x525,0x525,0x525,0x525,0x525,0x525,0x525,0x525,0x525,0x525,0x525,0x525,0x525,0x525,
0x525,0x525,0x522,0x525,0x525,0x525,0x525,0x525,0x525,0x522,0x525,0x525,0x525,0x522,0x525,0x525,
0x525,0x522,0x525,0x525,0x525,0x525,0x525,0x525,0x525,0x522,0x522,0x525,0x525,0x525,0x525,0x525,
0x525,0x525,0x525,0x525,0x525,0x525,0x525,0x525,0x522,0x525,0x525,0x525,0x525,0x522,0x525,0x525,
0x525,0x525,0x525,0x525,0x522,0x522,0x525,0x525,0x525,0x525,0x525,0x525,0x525,0x525,0x525,0x522,
0x525,0x525,0x525,0x525,0x525,0x525,0x525,0x525,0x525,0x525,0x525,0x525,0x525,0x525,0x525,0x525,
0x525,0x522,0x525,0x525,0x525,0x525,0x525,0x525,0x522,0x525,0x525,0x525,0x525,0x525,0x525,0x525,
0x525,0x525,0x525,0x525,0x525,0x525,0x525,0x525,0x525,0x525,0x525,0x525,0x522,0x525,0x525,0x525,
0x525,0x522,0x525,0x525,0x525,0x525,0x525,0x525,0x525,0x525,0x525,0x525,0x525,0x522,0x525,0x525,
0x525,0x525,0x525,0x525,0x525,0x525,0x522,0x525,0x525,0x525,0x525,0x525,0x522,0x525,0x525,0x525,
0x525,0x525,0x525,0x522,0x525,0x522,0x522,0x525,0x525,0x525,0x525,0x525,0x525,0x522,0x525,0x525,
0x525,0x525,0x525,0x525,0x525,0x525,0x525,0x525,0x525,0x522,0x525,0x525,0x525,0x525,0x525,0x525,
0x522,0x525,0x525,0x525,0x525,0x522,0x525,0x525,0x525,0x525,0x525,0x522,0x525,0x525,0x525,0x525,
0x525,0x522,0x525,0x522,0x525,0x525,0x525,0x525,0x525,0x525,0x525,0x525,0x525,0x525,0x525,0x522,
0x525,0x525,0x525,0x525,0x522,0x525,0x525,0x525,0x522,0x525,0x525,0x525,0x525,0x525,0x525,0x525,
0x525,0x525,0x525,0x525,0x525,0x522,0x522,0x522,0x525,0x525,0x525,0x525,0x522,0x525,0x525,0x525,
0x525,0x525,0x525,0x525,0x525,0x525,0x525,0x522,0x525,0x525,0x525,0x522,0x525,0x525,0x525,0x522,
0x525,0x525,0x525,0x525,0x525,0x525,0x525,0x525,0x525,0x525,0x525,0x525,0x525,0x525,0x525,0x522,
0x525,0x525,0x525,0x525,0x525,0x525,0x525,0x525,0x525,0x525,0x522,0x525,0x522,0x525,0x525,0x525,
0x525,0x525,0x525,0x525,0x525,0x522,0x525,0x525,0x525,0x525,0x525,0x525,0x525,0x525,0x525,0x525,
0x525,0x525,0x525,0x525,0x525,0x522,0x522,0x525,0x525,0x525,0x525,0x525,0x525,0x525,0x525,0x525,
0x525,0x525,0x525,0x525,0x525,0x525,0x522,0x525,0x525,0x525,0x525,0x525,0x525,0x522,0x525,0x522,
0x525,0x522,0x525,0x525,0x525,0x525,0x525,0x525,0x525,0x525,0x522,0x525,0x525,0x525,0x525,0x525,
0x525,0x525,0x525,0x525,0x525,0x525,0x525,0x525,0x525,0x525,0x525,0x522,0x525,0x525,0x522,0x522,
0x525,0x525,0x525,0x525,0x525,0x525,0x525,0x525,0x522,0x525,0x525,0x525,0x525,0x525,0x525,0x525,
0x525,0x525,0x525,0x525,0x525,0x525,0x525,0x522,0x525,0x525,0x525,0x525,0x525,0x525,0x525,0x525,
0x525,0x525,0x525,0x525,0x525,0x525,0x525,0x522,0x525,0x525,0x525,0x525,0x525,0x525,0x522,0x525,
0x525,0x525,0x525,0x525,0x525,0x525,0x525,0x525,0x525,0x525,0x525,0x525,0x525,0x525,0x525,0x525,
0x525,0x525,0x525,0x525,0x525,0x525,0x522,0x525,0x522,0x525,0x525,0x525,0x525,0x525,0x525,0x525,
0x525,0x525,0x525,0x522,0x525,0x525,0x525,0x525,0x525,0x525,0x525,0x525,0x525,0x525,0x525,0x525,
0x525,0x525,0x525,0x525,0x525,0x525,0x525,0x525,0x525,0x525,0x525,0x525,0x525,0x525,0x525,0x525,
0x522,0x522,0x525,0x525,0x525,0x525,0x525,0x525,0x525,0x525,0x525,0x525,0x525,0x525,0x525,0x525,
0x525,0x525,0x525,0x525,0x525,0x525,0x525,0x525,0x525,0x522,0x525,0x525,0x522,0x525,0x525,0x525,
0x525,0x525,0x525,0x525,0x525,0x525,0x525,0x525,0x525,0x522,0x525,0x525,0x525,0x525,0x525,0x525,
0x525,0x525,0x525,0x525,0x525,0x525,0x525,0x525,0x525,0x525,0x525,0x525,0x525,0x525,0x525,0x522,
0x522,0x525,0x525,0x525,0x525,0x525,0x525,0x525,0x525,0x525,0x525,0x525,0x525,0x525,0x525,0x522,
0x525,0x525,0x525,0x525,0x525,0x525,0x525,0x525,0x525,0x525,0x525,0x525,0x525,0x525,0x525,0x525,
0x525,0x525,0x525,0x522,0x525,0x525,0x525,0x525,0x525,0x525,0x525,0x525,0x525,0x525,0x525,0x522,
0x525,0x525,0x525,0x525,0x525,0x525,0x525,0x525,0x525,0x522,0x522,0x525,0x525,0x525,0x525,0x525,
0x525,0x525,0x525,0x525,0x525,0x525,0x525,0x525,0x525,0x525,0x525,0x525,0x525,0x525,0x525,0x525,
0x525,0x522,0x525,0x525,0x522,0x525,0x525,0x525,0x525,0x525,0x525,0x525,0x525,0x525,0x525,0x525,
0x525,0x525,0x525,0x525,0x525,0x525,0x525,0x525,0x525,0x525,0x525,0x525,0x525,0x525,0x522,0x525,
0x525,0x525,0x525,0x525,0x525,0x525,0x525,0x525,0x525,0x525,0x525,0x525,0x525,0x525,0x525,0x525,
0x525,0x525,0x525,0x525,0x522,0x525,0x525,0x525,0x525,0x525,0x525,0x522,0x525,0x525,0x525,0x525,
0x525,0x525,0x522,0x525,0x525,0x525,0x525,0x525,0x522,0x525,0x525,0x522,0x525,0x525,0x525,0x522,
0x525,0x525,0x525,0x522,0x525,0x525,0x525,0x525,0x522,0x525,0x525,0x525,0x525,0x525,0x525,0x522,
0x525,0x522,0x525,0x525,0x525,0x525,0x525,0x525,0x525,0x525,0x525,0x522,0x525,0x525,0x525,0x525,
0x525,0x525,0x525,0x525,0x525,0x525,0x525,0x525,0x525,0x525,0x525,0x525,0x522,0x525,0x525,0x525,
0x525,0x525,0x525,0x525,0x525,0x525,0x525,0x522,0x525,0x525,0x525,0x525,0x525,0x525,0x525,0x525,
0x525,0x525,0x525,0x525,0x525,0x525,0x525,0x522,0x525,0x525,0x525,0x525,0x522,0x525,0x525,0x525,
0x525,0x525,0x525,0x525,0x525,0x525,0x525,0x525,0x525,0x525,0x525,0x525,0x525,0x525,0x525,0x522,
0x525,0x525,0x525,0x525,0x525,0x525,0x525,0x525,0x525,0x525,0x525,0x525,0x525,0x525,0x522,0x525,
0x525,0x525,0x525,0x525,0x525,0x525,0x525,0x525,0x525,0x525,0x525,0x525,0x525,0x525,0x525,0x525,
0x525,0x525,0x525,0x522,0x525,0x525,0x525,0x525,0x522,0x525,0x522,0x522,0x525,0x525,0x525,0x525,
0x525,0x525,0x525,0x525,0x525,0x525,0x525,0x525,0x522,0x525,0x525,0x525,0x525,0x525,0x525,0x525,
0x525,0x525,0x525,0x525,0x525,0x525,0x525,0x522,0x525,0x525,0x525,0x525,0x525,0x525,0x525,0x525,
0x525,0x525,0x525,0x525,0x525,0x525,0x525,0x525,0x525,0x525,0x525,0x525,0x525,0x525,0x525,0x525,
0x522,0x522,0x525,0x525,0x525,0x525,0x522,0x525,0x525,0x525,0x525,0x525,0x525,0x525,0x525,0x525,
0x525,0x525,0x525,0x525,0x525,0x525,0x525,0x525,0x525,0x525,0x525,0x522,0x522,0x525,0x525,0x525,
0x522,0x525,0x525,0x525,0x525,0x525,0x525,0x525,0x525,0x522,0x525,0x525,0x525,0x525,0x525,0x525,
0x525,0x525,0x525,0x525,0x525,0x525,0x525,0x525,0x525,0x525,0x525,0x525,0x525,0x525,0x525,0x525,
0x525,0x522,0x525,0x525,0x525,0x522,0x525,0x525,0x525,0x525,0x525,0x525,0x525,0x522,0x522,0x525,
0x525,0x522,0x525,0x525,0x525,0x525,0x525,0x525,0x525,0x525,0x525,0x525,0x525,0x525,0x525,0x525,
0x525,0x525,0x525,0x525,0x525,0x525,0x522,0x525,0x525,0x525,0x525,0x525,0x525,0x525,0x525,0x525,
0x525,0x525,0x525,0x525,0x525,0x525,0x525,0x525,0x525,0x525,0x525,0x525,0x525,0x525,0x525,0x525,
0x525,0x522,0x525,0x522,0x525,0x525,0x525,0x522,0x525,0x522,0x522,0x525,0x525,0x525,0x525,0x525,
0x525,0x525,0x525,0x525,0x522,0x525,0x525,0x525,0x525,0x525,0x525,0x525,0x525,0x525,0x522,0x525,
0x525,0x525,0x522,0x525,0x525,0x522,0x525,0x522,0x525,0x525,0x525,0x525,0x525,0x525,0x525,0x525,
0x525,0x525,0x525,0x522,0x525,0x525,0x525,0x522,0x525,0x525,0x525,0x525,0x525,0x522,0x525,0x525,
0x525,0x525,0x525,0x525,0x525,0x525,0x525,0x525,0x522,0x525,0x522,0x522,0x525,0x525,0x525,0x525,
0x525,0x525,0x525,0x525,0x525,0x525,0x525,0x525,0x525,0x525,0x525,0x525,0x525,0x525,0x525,0x525,
0x522,0x525,0x525,0x525,0x525,0x525,0x525,0x525,0x525,0x525,0x525,0x525,0x525,0x525,0x525,0x525,
0x525,0x525,0x525,0x525,0x525,0x525,0x525,0x525,0x522,0x525,0x525,0x522,0x525,0x525,0x522,0x522,
0x525,0x525,0x525,0x525,0x525,0x525,0x525,0x525,0x525,0x525,0x525,0x525,0x525,0x525,0x525,0x525,
0x525,0x525,0x525,0x522,0x522,0x525,0x525,0x522,0x525,0x525,0x525,0x525,0x525,0x525,0x525,0x525,
0x522,0x522,0x525,0x525,0x525,0x525,0x525,0x525,0x525,0x525,0x525,0x525,0x525,0x522,0x525,0x525,
0x525,0x525,0x525,0x525,0x525,0x525,0x525,0x522,0x525,0x525,0x525,0x525,0x525,0x525,0x525,0x525,
0x525,0x522,0x525,0x525,0x525,0x525,0x525,0x525,0x522,0x522,0x525,0x525,0x525,0x522,0x525,0x525,
0x525,0x525,0x525,0x525,0x525,0x525,0x522,0x525,0x522,0x525,0x525,0x525,0x525,0x525,0x525,0x525,
0x525,0x525,0x525,0x525,0x525,0x525,0x525,0x525,0x525,0x525,0x522,0x525,0x525,0x525,0x525,0x525,
0x525,0x525,0x525,0x525,0x525,0x525,0x525,0x525,0x525,0x522,0x525,0x525,0x525,0x525,0x522,0x525,
0x525,0x525,0x525,0x525,0x525,0x525,0x525,0x522,0x525,0x525,0x525,0x525,0x525,0x525,0x522,0x525,
0x525,0x525,0x522,0x525,0x525,0x525,0x525,0x522,0x525,0x525,0x525,0x525,0x525,0x525,0x525,0x525,
0x525,0x525,0x525,0x525,0x525,0x525,0x522,0x525,0x525,0x525,0x525,0x525,0x525,0x525,0x525,0x525,
0x525,0x525,0x522,0x525,0x522,0x525,0x525,0x525,0x525,0x525,0x525,0x525,0x525,0x525,0x525,0x525,
0x525,0x525,0x525,0x525,0x525,0x525,0x525,0x525,0x525,0x525,0x525,0x525,0x522,0x525,0x525,0x525,
0x525,0x525,0x525,0x525,0x522,0x525,0x525,0x525,0x525,0x522,0x525,0x525,0x525,0x525,0x525,0x525,
0x522,0x525,0x525,0x522,0x525,0x525,0x525,0x525,0x522,0x525,0x525,0x525,0x525,0x525,0x525,0x525,
0x525,0x525,0x525,0x525,0x525,0x525,0x525,0x525,0x525,0x525,0x525,0x525,0x525,0x525,0x522,0x525,
0x525,0x522,0x525,0x525,0x522,0x525,0x525,0x525,0x525,0x525,0x522,0x525,0x525,0x525,0x525,0x522,
0x525,0x525,0x525,0x525,0x525,0x525,0x525,0x525,0x525,0x522,0x525,0x525,0x525,0x525,0x525,0x525,
0x525,0x525,0x525,0x525,0x525,0x525,0x525,0x525,0x525,0x525,0x525,0x525,0x522,0x525,0x525,0x525,
0x525,0x525,0x525,0x522,0x522,0x525,0x525,0x525,0x525,0x525,0x525,0x525,0x525,0x525,0x525,0x525,
0x525,0x522,0x525,0x525,0x525,0x525,0x525,0x525,0x525,0x525,0x525,0x525,0x525,0x525,0x525,0x525,
0x525,0x525,0x525,0x525,0x525,0x522,0x525,0x525,0x522,0x525,0x525,0x525,0x522,0x525,0x525,0x525,
0x522,0x522,0x525,0x525,0x525,0x525,0x525,0x525,0x522,0x525,0x525,0x525,0x525,0x525,0x525,0x525,
0x525,0x525,0x525,0x525,0x525,0x525,0x525,0x525,0x522,0x525,0x522,0x525,0x525,0x525,0x525,0x525,
0x525,0x522,0x525,0x525,0x525,0x525,0x525,0x525,0x525,0x525,0x525,0x525,0x522,0x525,0x525,0x525,
0x525,0x525,0x525,0x522,0x525,0x525,0x525,0x525,0x522,0x522,0x525,0x522,0x525,0x525,0x525,0x525,
0x525,0x525,0x525,0x525,0x525,0x525,0x525,0x525,0x525,0x525,0x525,0x525,0x525,0x525,0x525,0x525,
0x525,0x525,0x525,0x525,0x525,0x525,0x525,0x525,0x525,0x525,0x522,0x525,0x525,0x525,0x525,0x525,
0x525,0x525,0x525,0x525,0x525,0x525,0x525,0x522,0x525,0x522,0x525,0x525,0x525,0x525,0x525,0x525,
0x525,0x525,0x525,0x525,0x525,0x525,0x525,0x525,0x525,0x522,0x525,0x525,0x522,0x525,0x525,0x525,
0x525,0x525,0x525,0x525,0x525,0x525,0x525,0x525,0x525,0x525,0x525,0x525,0x525,0x525,0x525,0x525,
0x525,0x525,0x525,0x522,0x525,0x525,0x525,0x525,0x525,0x525,0x525,0x525,0x525,0x525,0x525,0x525,
0x522,0x522,0x525,0x525,0x525,0x522,0x525,0x525,0x525,0x525,0x525,0x525,0x525,0x525,0x525,0x525,
0x525,0x525,0x525,0x525,0x525,0x525,0x525,0x522,0x525,0x525,0x525,0x525,0x525,0x525,0x525,0x525,
0x525,0x525,0x525,0x525,0x525,0x522,0x525,0x525,0x525,0x525,0x525,0x525,0x522,0x525,0x525,0x525,
0x525,0x525,0x525,0x525,0x525,0x525,0x525,0x525,0x525,0x525,0x525,0x525,0x525,0x525,0x522,0x525,
0x525,0x525,0x525,0x525,0x525,0x525,0x522,0x525,0x525,0x525,0x525,0x525,0x522,0x525,0x525,0x525,
0x525,0x525,0x525,0x525,0x525,0x525,0x525,0x525,0x525,0x525,0x525,0x525,0x525,0x525,0x525,0x522,
0x522,0x525,0x525,0x525,0x525,0x525,0x525,0x525,0x522,0x525,0x525,0x525,0x525,0x525,0x522,0x525,
0x525,0x525,0x525,0x525,0x525,0x525,0x525,0x522,0x522,0x525,0x525,0x525,0x525,0x522,0x525,0x525,
0x525,0x525,0x525,0x525,0x525,0x525,0x525,0x525,0x525,0x525,0x525,0x525,0x525,0x525,0x525,0x522,
0x525,0x525,0x525,0x525,0x525,0x525,0x525,0x525,0x525,0x525,0x525,0x525,0x525,0x522,0x525,0x525,
0x522,0x525,0x525,0x525,0x525,0x525,0x525,0x525,0x525,0x525,0x525,0x525,0x525,0x522,0x525,0x525,
0x525,0x525,0x525,0x525,0x525,0x525,0x525,0x525,0x525,0x525,0x525,0x522,0x525,0x525,0x525,0x525,
0x525,0x525,0x525,0x525,0x525,0x525,0x525,0x525,0x525,0x522,0x525,0x522,0x525,0x525,0xc12,0xc12,
0xc12,0xc12,0xc12,0xc12,0xc12,0xc12,0xc12,0xc12,0xc12,0xc12,0xc12,0xc12,0xc12,0xc12,0xc12,0xc12,
0xc12,0xc12,0xc12,0xc12,0xe5e,0xe5e,0xe5e,0xe5e,0x525,0x525,0x525,0x525,0x525,0x525,0x525,0x525,
0x525,0x525,0x525,0x525,0x525,0x525,0x525,0x525,0x525,0x525,0x525,0x525,0x525,0x525,0x525,0x525,
0x525,0x525,0x525,0x525,0x525,0x525,0x525,0x525,0x52e,0x52e,0x52e,0x52e,0x52e,0x52e,0x52e,0x52e,
0x52e,0x52e,0x52e,0x52e,0x52e,0x52e,0x52e,0x52e,0x52e,0x52e,0x52e,0x52e,0x52e,0x52e,0x52e,0x52e,
0x52e,0x52e,0x52e,0x52e,0x52e,0x52e,0x52e,0x52e,0x52e,0x52e,0x1032,0x1032,0x1032,0x1032,0x1032,0x537,
0x531,0x531,0x531,0x531,0x531,0x531,0x531,0x531,0x531,0x531,0x531,0x531,0x531,0x531,0x531,0x531,
0x531,0x531,0x531,0x531,0x531,0x531,0x531,0x531,0x531,0x531,0x531,0x531,0x531,0x531,0x531,0x531,
0x534,0x531,0x531,0x531,0x531,0x531,0x531,0x531,0x531,0x531,0x531,0x531,0x531,0x531,0x531,0x531,
0x531,0x531,0x531,0x531,0x531,0x531,0x531,0x531,0x531,0x531,0x531,0x531,0x53d,0x53a,0x53d,0x540,
0x53a,0x53d,0x53a,0x53d,0x53a,0x53d,0x53a,0x53a,0x53a,0x53a,0x53a,0x53a,0x53d,0x53d,0x53a,0x53d,
0x53d,0x53a,0x53d,0x53d,0x53a,0x53d,0x53d,0x53a,0x53d,0x53d,0x53a,0x53a,0x597,0x597,0x597,0x597,
0x597,0x597,0x597,0x597,0x597,0x597,0x597,0x597,0xad7,0xad7,0xad7,0xad7,0x549,0x549,0x549,0x549,
0x549,0x549,0x549,0x549,0x549,0x549,0x549,0x549,0x549,0x549,0x549,0x549,0x549,0x549,0x549,0x549,
0x549,0x549,0x549,0x549,0x549,0x549,0x549,0x549,0x549,0x549,0x549,0x17d0,0x54c,0x54c,0x54c,0x54c,
0x54c,0x54c,0x54c,0x54c,0x54c,0x54c,0x54c,0x54c,0x54c,0x54c,0x54c,0x54c,0x54c,0x54c,0x54c,0x54c,
0x54c,0x54c,0x54c,0x54c,0x54c,0x54c,0x54c,0x54c,0x54c,0x54c,0x54c,0x54c,0x597,0x597,0x597,0x597,
0x597,0x597,0x597,0x597,0x9fc,0x555,0x54f,0x555,0x54f,0x555,0x54f,0x555,0x54f,0x555,0x54f,0x54f,
0x552,0x54f,0x552,0x54f,0x552,0x54f,0x552,0x54f,0x552,0x54f,0x552,0x54f,0x552,0x54f,0x552,0x54f,
0x552,0x54f,0x552,0x54f,0x552,0x54f,0x552,0x555,0x54f,0x552,0x54f,0x552,0x54f,0x552,0x54f,0x54f,
0x54f,0x54f,0x54f,0x54f,0x552,0x552,0x54f,0x552,0x552,0x54f,0x552,0x552,0x54f,0x552,0x552,0x54f,
0x552,0x552,0x54f,0x54f,0x54f,0x54f,0x54f,0x555,0x54f,0x555,0x54f,0x555,0x54f,0x54f,0x54f,0x54f,
0x54f,0x54f,0x555,0x54f,0x54f,0x54f,0x54f,0x54f,0x552,0x555,0x555,0x552,0x552,0x552,0x552,0x55e,
0x591,0x558,0x55b,0x9f3,0x597,0x597,0x597,0x597,0x597,0x597,0x597,0x597,0x597,0x597,0x597,0x597,
0x597,0x597,0x597,0x597,0x597,0x597,0x597,0x597,0x597,0x597,0x597,0x597,0x597,0x597,0x597,0x597,
0x597,0x597,0x597,0x597,0x1038,0x1038,0x1038,0x1038,0x1002,0x1002,0x1002,0x1002,0x1002,0x1002,0x1002,0x1002,
0xad7,0x9de,0x9de,0x9de,0x9de,0x9de,0x9de,0x9de,0x9de,0x9de,0x9de,0x9de,0x9de,0x9de,0x9de,0x9de,
0x597,0x597,0x597,0x597,0x597,0x597,0x597,0x597,0x597,0x597,0x597,0x597,0x597,0x597,0x597,0x597,
0x597,0x597,0x597,0x597,0x597,0x597,0x597,0x597,0x597,0x597,0x597,0x597,0x597,0x597,0x597,0xad7,
0x59a,0x59a,0x59a,0x59a,0x59a,0x59a,0x59a,0x59a,0x59a,0x59a,0x59a,0x59a,0x59a,0x59a,0x59a,0x59a,
0x59a,0x59a,0x59a,0x59a,0x59a,0x59a,0x59a,0x59a,0x59a,0x59a,0x59a,0x59a,0x59a,0x59a,0x59a,0x59a,
0x59a,0x9de,0x9de,0x9de,0x9de,0x9de,0x9de,0x9de,0x9de,0x9de,0x9de,0x9de,0x9de,0x9de,0x9de,0x9de,
0x720,0x6fc,0x6fc,0x6fc,0x6fc,0x6f6,0x6fc,0x6fc,0x711,0x6fc,0x6fc,0x70b,0x708,0x70e,0x70e,0x70e,
0x70e,0x70e,0x711,0x6f6,0x702,0x6f6,0x6f6,0x6f6,0x747,0x747,0x6f6,0x6f6,0x6f6,0x6f6,0x6f6,0x6f6,
0x714,0x714,0x714,0x714,0x714,0x714,0x714,0x714,0x714,0x714,0x6f6,0x6f6,0x6f6,0x6f6,0x6f6,0x6f6,
0x6f6,0x6f6,0x6f6,0x6f6,0x6f9,0x747,0x6f6,0x747,0x6f6,0x74a,0x705,0x6ff,0x705,0x6ff,0x71a,0x71a,
0x729,0x729,0x729,0x729,0x729,0x729,0x729,0x729,0x729,0x729,0x729,0x729,0x729,0x729,0x729,0x729,
0x729,0x729,0x729,0x729,0x729,0x729,0x729,0x729,0x729,0x729,0x729,0x729,0x729,0x729,0x729,0x729,
0x72f,0x72f,0x72f,0x72f,0x72f,0x72f,0x72f,0x72f,0x72f,0x72f,0x72f,0x72f,0x72f,0x72f,0x72f,0x72f,
0x72f,0x72f,0x72f,0x72f,0x72f,0x72f,0x72f,0x72f,0x72f,0x72f,0x72f,0x72f,0x72f,0x72f,0x72c,0x72c,
0x72f,0x72f,0x72f,0x72f,0x72f,0x72f,0x72f,0x72f,0x72f,0x72f,0x72f,0x72f,0x72f,0x72f,0x72f,0x72f,
0x72f,0x72f,0x72f,0x72f,0x72f,0x72f,0x72f,0x72f,0x72f,0x72f,0x72f,0x72f,0x72f,0x72f,0x72f,0x72f,
0x732,0x735,0x735,0x735,0x735,0x735,0x735,0x735,0x735,0x735,0x735,0x735,0x735,0x735,0x735,0x735,
0x735,0x735,0x735,0x735,0x735,0x735,0x735,0x735,0x735,0x735,0x735,0x735,0x732,0x735,0x735,0x735,
0x735,0x735,0x735,0x735,0x735,0x735,0x735,0x735,0x735,0x735,0x735,0x735,0x735,0x735,0x735,0x735,
0x735,0x735,0x735,0x735,0x735,0x735,0x735,0x735,0x76e,0x76e,0x76e,0x76e,0x76e,0x76e,0x76e,0x76e,
0x76e,0x76e,0x76e,0x76e,0x76e,0x76e,0x76e,0x76e,0x76e,0x76e,0x76e,0x76e,0x76e,0x76e,0x76e,0x76e,
0x76e,0x76e,0x76e,0x981,0x981,0x981,0x981,0x981,0x783,0x783,0x783,0x783,0x783,0x783,0x783,0x783,
0x783,0x783,0x783,0x783,0x783,0x783,0x783,0x783,0x783,0x783,0x783,0x783,0x783,0x783,0x783,0x783,
0x783,0x783,0x783,0x783,0x783,0x783,0x783,0x783,0x7a1,0x7a1,0x7a1,0x7a1,0x7a1,0x7a1,0x7a1,0x7a1,
0x7a1,0x7a1,0x7a1,0x7a1,0x7a1,0x7a1,0x7a1,0xb73,0x7a1,0x7a1,0x7a1,0x7a1,0x7a1,0x7a1,0x7a1,0x7a1,
0x79e,0x79e,0x79e,0x79e,0x79e,0x79e,0x79e,0x79e,0x7a1,0x7a1,0x7a1,0x7a1,0x7a1,0x7a1,0x7a1,0xb70,
0x7a1,0x7a1,0x7a1,0x7a1,0x7a1,0x7a1,0x7a1,0x7a1,0x7a1,0x7a1,0x7a1,0x7a1,0x7a1,0x7a1,0x7a1,0x7a1,
0x7a1,0x7a1,0x7a1,0x7a1,0x7a1,0x7a1,0x7a1,0x7a1,0x7a1,0x7a1,0x7a1,0x7a1,0x7a1,0x7a1,0x7a1,0x7a1,
0x8a9,0x8a9,0x8a9,0x8ac,0x8ac,0x8a9,0x8a9,0x8a9,0x8a3,0x8a6,0x8a9,0x8a9,0x8a9,0x8a9,0x8a9,0x8a9,
0x8a9,0x8a9,0x8a9,0x8a9,0x8cd,0x8cd,0x7c2,0x8be,0x8be,0x8be,0x8be,0x8be,0x8be,0x8be,0x7c2,0x7c2,
0x801,0x801,0x801,0x801,0x801,0x801,0x801,0x801,0x801,0x801,0x801,0x801,0x801,0x801,0x801,0x801,
0x801,0x801,0x801,0x801,0x801,0x801,0x801,0x801,0x801,0x801,0x801,0x801,0x801,0x801,0x801,0x801,
0x801,0x801,0x801,0x804,0x801,0x801,0x801,0x801,0x801,0x801,0x801,0x801,0x801,0x801,0x801,0x801,
0x801,0x801,0x801,0x801,0x801,0x801,0x801,0x801,0x801,0x801,0x801,0x801,0x801,0x801,0x801,0x801,
0x801,0x8d3,0x8d3,0x801,0x801,0x801,0x801,0x801,0x801,0x801,0x801,0x801,0x801,0x801,0x801,0x801,
0x801,0x801,0x801,0x801,0x801,0x801,0x801,0x801,0x801,0x801,0x801,0x801,0x879,0x879,0x879,0x879,
0x879,0x879,0x879,0x879,0x879,0x879,0x816,0x816,0x80a,0x80a,0x80a,0x80a,0x8af,0x8af,0x8af,0x8af,
0x8af,0x8af,0x80d,0x80d,0x8d9,0x8d9,0xe67,0xe67,0xe67,0xe67,0xea0,0xea0,0x8b2,0x8b2,0xe67,0x8b2,
0x8b2,0x8b2,0x8b5,0x8b2,0xe67,0x8b2,0x8b2,0xdb3,0x810,0x8dc,0x8dc,0x8dc,0x8dc,0x813,0x8dc,0xea0,
0xea0,0xea0,0x8dc,0x8df,0x810,0x90f,0xea6,0xdb6,0xdb6,0xea0,0xea0,0xe67,0x825,0x825,0x825,0x825,
0x825,0x825,0x825,0x825,0x825,0x825,0x825,0x825,0x825,0x825,0x825,0x825,0x825,0x825,0x825,0x825,
0x825,0x825,0x825,0x825,0x825,0x825,0x825,0x825,0x825,0x825,0x825,0x825,0x85e,0x85e,0x85e,0x85e,
0x85e,0x85e,0x85e,0x85e,0x85e,0x85e,0x85e,0x85e,0x85e,0x85b,0x861,0x85e,0x85e,0x85e,0x85e,0x85e,
0x85e,0x85e,0x85e,0xf24,0xf24,0xf24,0xf24,0xf24,0xf24,0xf24,0xf24,0xf24,0xf21,0x85e,0x85e,0x85e,
0x85e,0x85e,0x85e,0x85e,0x85e,0x85e,0x85e,0x85e,0x85e,0x85e,0x85e,0x85e,0x85e,0x85e,0x85e,0x85e,
0x85e,0x85e,0x85e,0x85e,0x85e,0x85e,0x85e,0x85e,0x85e,0x85e,0x85e,0x85e,0x85e,0x85e,0x85e,0x85e,
0x867,0x864,0x864,0x864,0x864,0x864,0x864,0x864,0x864,0x864,0x864,0x864,0x864,0x864,0x864,0x864,
0x864,0x864,0x864,0x864,0x864,0x864,0x864,0x864,0x864,0x864,0x864,0x864,0x864,0x864,0x864,0x864,
0x864,0x864,0x864,0x864,0x87f,0x87f,0x87f,0x87f,0x87f,0x87f,0x87f,0x87f,0x87f,0x87f,0x87f,0x87f,
0x87f,0x87f,0x87f,0x87f,0x87f,0x87f,0x87f,0x87f,0x87f,0x87f,0x87f,0x87f,0x1149,0x1149,0x1149,0x1824,
0x1824,0x1824,0x1824,0x1824,0x882,0x882,0x882,0x882,0x882,0x882,0x882,0x882,0x882,0x882,0x882,0x882,
0x882,0x882,0x882,0x882,0x882,0x882,0x882,0x882,0x882,0x882,0x882,0x882,0x882,0x882,0x882,0x882,
0x882,0x882,0x882,0x882,0x885,0x885,0x885,0x885,0x885,0x885,0x885,0x885,0x885,0x885,0x885,0x885,
0x885,0x885,0x885,0x885,0x885,0x885,0x885,0x885,0x885,0x885,0x885,0x885,0x885,0x885,0x885,0x885,
0x885,0x885,0x885,0x885,0x88b,0x88b,0x88b,0x88b,0x88b,0x88b,0x88b,0x88b,0x88b,0x88b,0x88b,0x88b,
0x88b,0x88b,0x88b,0x88b,0x88b,0x88b,0x88b,0x88b,0x88b,0x88b,0x88b,0x88b,0x88b,0x88b,0x88b,0x88b,
0x88b,0x88b,0x88b,0x88b,0x88b,0x88b,0x88b,0x88e,0x88b,0x88b,0x88b,0x88b,0x88b,0x88b,0x88b,0x88b,
0x88b,0x88b,0x88b,0x88b,0x88b,0x88b,0x88b,0x88b,0x88b,0x88b,0x88b,0x88b,0x88b,0x88b,0x88b,0x88b,
0x88e,0x88b,0x88b,0x88b,0x88b,0x88b,0x88b,0x88b,0x88b,0x88b,0x88b,0x88b,0x88b,0x88b,0x88b,0x88b,
0x88b,0x88b,0x88b,0x88b,0x88b,0x88b,0x88b,0x88b,0x88b,0x88b,0x88b,0x88b,0x88b,0x88b,0x88b,0x88b,
0x88b,0x88b,0x88e,0x88b,0x88b,0x88e,0x88b,0x88b,0x88b,0x88b,0x88b,0x88b,0x88b,0x88b,0x88b,0x88b,
0x88b,0x88e,0x88b,0x88b,0x88b,0x88b,0x88b,0x88b,0x88b,0x88b,0x88b,0x88b,0x88b,0x88b,0x88b,0x88b,
0x88b,0x88b,0x88b,0x88e,0x88b,0x88b,0x88b,0x88b,0x88b,0x88b,0x88b,0x88b,0x88b,0x88b,0x88b,0x88b,
0x88b,0x88b,0x88e,0x88b,0x88b,0x88b,0x88b,0x88b,0x88b,0x88b,0x88b,0x88b,0x88b,0x88b,0x88b,0x88b,
0x88b,0x88b,0x88b,0x88b,0x88b,0x88b,0x88b,0x88e,0x88b,0x88b,0x88b,0x88b,0x88b,0x88b,0x88b,0x88b,
0x88b,0x88b,0x88e,0x88b,0x88b,0x88b,0x88b,0x88b,0x88b,0x88b,0x88b,0x88b,0x88b,0x88b,0x88b,0x88b,
0x88b,0x88b,0x88e,0x88b,0x88b,0x88b,0x88b,0x88b,0x88b,0x88b,0x88b,0x88b,0x88b,0x88b,0x88e,0x88b,
0x88b,0x88b,0x88b,0x88b,0x88e,0x88b,0x88b,0x88b,0x88b,0x88b,0x88b,0x88b,0x88b,0x88b,0x88b,0x88b,
0x88b,0x88b,0x88e,0x88b,0x88b,0x88b,0x88b,0x88b,0x88b,0x88b,0x88b,0x88b,0x88b,0x88b,0x88b,0x88b,
0x88b,0x88b,0x88b,0x88b,0x88b,0x88b,0x88b,0x88e,0x88e,0x88b,0x88b,0x88b,0x88b,0x88b,0x88b,0x88b,
0x88b,0x88b,0x88b,0x88e,0x88b,0x88b,0x88b,0x88e,0x88b,0x88b,0x88b,0x88b,0x88b,0x88b,0x88b,0x88b,
0x88b,0x88b,0x88b,0x88b,0x88b,0x88b,0x88b,0x88b,0x88b,0x88b,0x88b,0x88b,0x88b,0x88b,0x88b,0x88b,
0x88e,0x88b,0x88b,0x88b,0x88b,0x88b,0x88e,0x88b,0x88b,0x88b,0x88b,0x88b,0x88b,0x88b,0x88b,0x88b,
0x88b,0x88b,0x88b,0x88b,0x88b,0x88b,0x88b,0x88b,0x88b,0x88b,0x88e,0x88b,0x88b,0x88b,0x88b,0x88b,
0x88b,0x88b,0x88b,0x88b,0x88e,0x88b,0x88b,0x88b,0x88b,0x88b,0x88b,0x88b,0x88b,0x88b,0x88b,0x88e,
0x88b,0x88b,0x88b,0x88b,0x88b,0x88b,0x88b,0x88b,0x88b,0x88b,0x88b,0x88e,0x88b,0x88b,0x88b,0x88b,
0x88b,0x88b,0x88b,0x88b,0x88b,0x88b,0x88b,0x88b,0x88b,0x88b,0x88b,0x88b,0x88b,0x88b,0x88b,0x88b,
0x88b,0x88b,0x88b,0x88b,0x88b,0x88e,0x88b,0x88b,0x88b,0x88b,0x88b,0x88b,0x88b,0x88b,0x88b,0x88e,
0x88b,0x88b,0x88b,0x88b,0x88b,0x88b,0x88b,0x88b,0x88b,0x88b,0x88b,0x88b,0x88b,0x88b,0x88b,0x88b,
0x88b,0x88b,0x88b,0x88b,0x88b,0x88b,0x88b,0x88b,0x88b,0x88b,0x88b,0x88b,0x88b,0x88b,0x88e,0x88b,
0x88b,0x88b,0x88b,0x88b,0x88b,0x88b,0x88b,0x88b,0x88b,0x88e,0x88b,0x88b,0x88b,0x88b,0x88e,0x88b,
0x88b,0x88b,0x88b,0x88b,0x88b,0x88b,0x88b,0x88b,0x88b,0x88b,0x88b,0x88b,0x88b,0x88b,0x88b,0x88b,
0x88b,0x88b,0x88b,0x88b,0x88e,0x88b,0x88b,0x88b,0x88b,0x88e,0x88b,0x88b,0x88b,0x88b,0x88b,0x88b,
0x88b,0x88b,0x88b,0x88b,0x88b,0x88b,0x88b,0x88b,0x88b,0x88b,0x88b,0x88b,0x88b,0x88b,0x88b,0x88e,
0x88b,0x88b,0x88b,0x88b,0x88b,0x88b,0x88b,0x88b,0x88b,0x88e,0x88b,0x88b,0x88b,0x88b,0x88b,0x88b,
0x88b,0x88b,0x88b,0x88b,0x88b,0x88b,0x88e,0x88b,0x88b,0x88b,0x88b,0x88b,0x88b,0x88b,0x88b,0x88b,
0x88b,0x88b,0x88b,0x88b,0x88b,0x88b,0x88b,0x88b,0x88b,0x88b,0x88b,0x88b,0x88b,0x88b,0x88b,0x88b,
0x88b,0x88e,0x88b,0x88b,0x88b,0x88b,0x88b,0x88b,0x88b,0x88b,0x88b,0x88b,0x88b,0x88b,0x88b,0x88b,
0x88b,0x88b,0x88b,0x88b,0x88b,0x88b,0x88b,0x88b,0x88b,0x88b,0x88b,0x88b,0x88b,0x88b,0x88b,0x88b,
0x88b,0x88b,0x88b,0x88e,0x88b,0x88b,0x88b,0x88b,0x88b,0x88e,0x88b,0x88b,0x88b,0x88b,0x88b,0x88b,
0x88b,0x88b,0x88b,0x88b,0x88b,0x88b,0x88b,0x88b,0x88b,0x88b,0x88b,0x88b,0x88b,0x88b,0x88b,0x88b,
0x88b,0x88b,0x88b,0x88b,0x88b,0x88b,0x88b,0x88b,0x88e,0x88b,0x88b,0x88b,0x88b,0x88b,0x88e,0x88b,
0x88b,0x88b,0x88b,0x88b,0x88b,0x88b,0x88b,0x88b,0x88b,0x88b,0x88b,0x88b,0x88b,0x88b,0x88b,0x88b,
0x88b,0x88b,0x88b,0x88b,0x88b,0x88b,0x88b,0x88b,0x88b,0x88b,0x88b,0x88b,0x88b,0x88b,0x88e,0x88e,
0x88b,0x88e,0x88e,0x88b,0x88b,0x88b,0x88b,0x88b,0x88b,0x88b,0x88b,0x88b,0x88b,0x88b,0x88b,0x88b,
0x88b,0x88b,0x88b,0x88b,0x88b,0x88b,0x88b,0x88e,0x88b,0x88b,0x88b,0x88e,0x88b,0x88b,0x88b,0x88b,
0x88b,0x88b,0x88b,0x88b,0x88b,0x88b,0x88b,0x88b,0x88b,0x88b,0x88b,0x88b,0x88b,0x88b,0x88b,0x88b,
0x88b,0x88b,0x88e,0x88e,0x88b,0x88b,0x88b,0x88b,0x88b,0x88b,0x88b,0x88b,0x88b,0x88b,0x88b,0x88b,
0x88b,0x88b,0x88b,0x88b,0x88b,0x88b,0x88e,0x88b,0x88b,0x88b,0x88b,0x88b,0x88b,0x88b,0x88b,0x88b,
0x88b,0x88b,0x88b,0x88b,0x88b,0x88e,0x88b,0x88b,0x88b,0x88e,0x88b,0x88b,0x88b,0x88b,0x88b,0x88b,
0x88b,0x88b,0x88b,0x88b,0x88b,0x88b,0x88b,0x88b,0x88b,0x88b,0x88b,0x88b,0x88b,0x88b,0x88b,0x88b,
0x88b,0x88e,0x88e,0x88e,0x88e,0x88e,0x88e,0x88e,0x88b,0x88b,0x88b,0x88b,0x88b,0x88b,0x88b,0x88b,
0x88b,0x88b,0x88b,0x88b,0x88b,0x88b,0x88b,0x88b,0x88b,0x88b,0x88b,0x88b,0x88b,0x88b,0x88b,0x88b,
0x88b,0x88b,0x88b,0x88b,0x88b,0x88b,0x88b,0x88e,0x88e,0x88e,0x88e,0x88e,0x88e,0x88e,0x88b,0x88b,
0x88b,0x88b,0x88b,0x88b,0x88b,0x88b,0x88b,0x88b,0x88b,0x88b,0x88b,0x88b,0x88b,0x88b,0x88e,0x88b,
0x88b,0x88b,0x88b,0x88b,0x88b,0x88b,0x1827,0x1827,0x1827,0x1827,0x1827,0x1827,0x1827,0x1827,0x1827,0x1827,
0x891,0x891,0x9f6,0x9f6,0x891,0x891,0x891,0x891,0x891,0x891,0x891,0x891,0x891,0x891,0x891,0x891,
0x891,0x891,0x891,0x891,0x9f6,0x891,0x891,0x891,0x891,0x891,0x891,0x891,0x891,0x891,0x891,0x891,
0x894,0x894,0x894,0x894,0x894,0x894,0x894,0x894,0x894,0x894,0x894,0x894,0x894,0x894,0x894,0x894,
0x894,0x894,0x894,0x894,0x894,0x897,0x894,0x894,0x894,0x894,0x894,0x894,0x894,0x894,0x894,0x894,
0x894,0x894,0x894,0x894,0x894,0x894,0x894,0x894,0x894,0x894,0x894,0x894,0x894,0x894,0x894,0x894,
0x894,0x894,0x894,0x894,0x894,0x894,0x894,0x894,0x8a9,0x8a9,0x8a9,0x8a9,0x8a9,0x8a9,0x8a9,0x8a9,
0x8a9,0x8a9,0x8a9,0x8a9,0x8a9,0x8a9,0x8a9,0x8a9,0x8a9,0x8a9,0x8a9,0x8a9,0x8a9,0x8a9,0x8a9,0x8a9,
0x8a9,0x8a9,0x8a9,0x8a9,0x8a9,0x8a6,0x8a6,0x8a9,0x8b2,0x8b2,0x8b2,0x8b2,0x8b2,0x8b2,0x8b2,0x8b2,
0x8b2,0x8b2,0x8b2,0x8b2,0x8b2,0x8b2,0x8b2,0x8b2,0x8b2,0x8b2,0x8b2,0x8b2,0x8b2,0x8b2,0x8b2,0x8b2,
0x8b2,0x8b2,0x8b2,0x8b2,0x8b2,0x8b2,0x8b2,0x8b2,0x91b,0x91b,0x91b,0x91b,0x91b,0x94e,0x94e,0x954,
0x954,0x954,0x918,0x918,0x918,0x951,0x951,0x951,0x951,0x951,0x951,0x912,0x912,0x912,0x912,0x912,
0x912,0x912,0x912,0x954,0x954,0x954,0x954,0x954,0x918,0x918,0x918,0x918,0x918,0x918,0x918,0x918,
0x918,0x918,0x918,0x918,0x918,0x918,0x918,0x918,0x918,0x918,0x918,0x918,0x918,0x918,0x918,0x918,
0x918,0x918,0x918,0x918,0x918,0x918,0x918,0x918,0x918,0x918,0x918,0x1b36,0x1b36,0xd14,0x918,0x918,
0x918,0x918,0x918,0x918,0x918,0x918,0x918,0x918,0x918,0x918,0x918,0x918,0x918,0x918,0x918,0x918,
0x918,0x918,0x918,0x918,0x918,0x918,0x918,0x918,0x918,0x918,0x918,0x918,0x918,0x918,0x91b,0x91b,
0x954,0x954,0x954,0x918,0x918,0x954,0x954,0x954,0x954,0x954,0x954,0x954,0x918,0x918,0x918,0x918,
0x918,0x918,0x918,0x918,0x918,0x918,0x918,0x918,0x918,0x918,0x918,0x918,0x918,0x918,0x918,0x918,
0x918,0x918,0x954,0x954,0x954,0x954,0x918,0x918,0x918,0x918,0x918,0x918,0x918,0x918,0x918,0x918,
0x918,0x918,0x918,0x91b,0x91b,0x91b,0x91b,0x91b,0x91b,0x918,0x918,0x918,0x918,0x918,0x918,0x918,
0x918,0x918,0x918,0x918,0x918,0x918,0x918,0x918,0x918,0x918,0x918,0x918,0x918,0x918,0x918,0x918,
0x918,0x918,0x918,0x918,0x918,0x918,0x147f,0x147f,0x927,0x91e,0x924,0x924,0x924,0x924,0x924,0x924,
0x924,0x924,0x924,0x924,0x924,0x924,0x924,0x924,0x924,0x924,0x924,0x924,0x924,0x924,0x924,0x924,
0x924,0x924,0x924,0x91e,0x924,0x924,0x924,0x924,0x924,0x924,0x927,0x927,0x927,0x927,0x927,0x927,
0x927,0x927,0x927,0x927,0x927,0x927,0x927,0x927,0x927,0x927,0x927,0x927,0x927,0x927,0x927,0x927,
0x927,0x927,0x927,0x91e,0x924,0x924,0x924,0x924,0x924,0x924,0x924,0x924,0x924,0x924,0x924,0x924,
0x924,0x924,0x924,0x924,0x924,0x924,0x924,0x924,0x924,0x91e,0x924,0x924,0x924,0x924,0x924,0x924,
0x927,0x927,0x927,0x927,0x927,0x927,0x927,0x927,0x927,0x927,0x927,0x927,0x927,0x927,0x927,0x927,
0x927,0x927,0x927,0x927,0x927,0x91e,0x924,0x924,0x924,0x924,0x924,0x924,0x924,0x924,0x924,0x924,
0x924,0x924,0x924,0x924,0x924,0x924,0x924,0x924,0x924,0x924,0x924,0x924,0x921,0x921,0x921,0x921,
0x921,0x921,0x921,0x921,0x921,0x921,0x921,0x921,0x921,0x921,0x921,0x921,0x921,0x921,0x921,0x921,
0x921,0x921,0x921,0x921,0x921,0x921,0x921,0x921,0x921,0x921,0x921,0x921,0x927,0x927,0x927,0x927,
0x927,0x927,0x927,0x927,0x927,0x927,0x927,0x927,0x927,0x927,0x927,0x927,0x927,0x927,0x927,0x927,
0x927,0x927,0x927,0x927,0x927,0x927,0x924,0x924,0x924,0x924,0x924,0x924,0x924,0x924,0x924,0x924,
0x924,0x924,0x924,0x924,0x924,0x924,0x924,0x924,0x924,0x924,0x924,0x924,0x927,0x927,0x927,0x927,
0x927,0x927,0x927,0x927,0x927,0x927,0x927,0x927,0x927,0x927,0x927,0x927,0x927,0x927,0x927,0x927,
0x927,0x927,0x927,0x927,0x927,0x927,0x924,0x924,0x924,0x924,0x924,0x924,0x924,0x924,0x924,0x924,
0x924,0x924,0x924,0x924,0x924,0x924,0x924,0x924,0x924,0x924,0x924,0x924,0x924,0x924,0x924,0x924,
0x927,0x927,0x927,0x927,0x92d,0x92d,0x92d,0x92d,0x92d,0x92d,0xa53,0xa53,0x92a,0x92a,0x92a,0x92a,
0x92a,0x92a,0x92a,0x92a,0x92a,0x92a,0x92a,0x92a,0x92a,0x92a,0x92a,0x92a,0x92a,0x92a,0x92a,0x92a,
0x92a,0x92a,0x92a,0x92a,0x92a,0x92a,0xa50,0xa50,0xab0,0xab0,0xab0,0xab0,0xab0,0xab0,0xab0,0xab0,
0xab0,0xab0,0xab0,0xab0,0xab0,0xab0,0xab0,0xab0,0x92d,0x92d,0x92d,0x92d,0x92d,0x92d,0x92d,0x92d,
0x92d,0x92d,0x92d,0x92d,0x92d,0x92d,0x92d,0x92d,0x92d,0x92d,0x92d,0x92d,0x92d,0x92d,0x92d,0x92d,
0x92d,0x92d,0x92d,0x92d,0x92d,0x92d,0x92d,0x92d,0x93c,0x93c,0x93c,0x93c,0x93c,0x93c,0x93c,0x93c,
0x93c,0x93c,0x93c,0x93c,0x93c,0x93c,0x93c,0x93c,0x93c,0x93c,0x93c,0x93c,0x93c,0x93c,0x93c,0x93c,
0x93c,0x93c,0x93c,0x93c,0x93c,0x93c,0x93c,0x12db,0x942,0x942,0x942,0x942,0x942,0x942,0x942,0x942,
0x942,0x942,0x942,0x942,0x942,0x942,0x942,0x942,0x942,0x942,0x942,0x942,0x942,0x942,0x942,0x942,
0x942,0x942,0x942,0x942,0x942,0x942,0x942,0x942,0x945,0x945,0x945,0x945,0x945,0x945,0x945,0x945,
0x945,0x945,0x945,0x945,0x945,0x945,0x945,0x945,0x945,0x945,0x945,0x945,0x945,0x945,0x945,0x945,
0x945,0x945,0x945,0x945,0x945,0x945,0x945,0x945,0x945,0x945,0x948,0x945,0x945,0x945,0x945,0x945,
0x945,0x945,0x945,0x945,0x945,0x945,0x945,0x945,0x945,0x945,0x945,0x945,0x945,0x948,0x945,0x945,
0x945,0x945,0x945,0x945,0x945,0x945,0x945,0x945,0x945,0x945,0x945,0x945,0x945,0x945,0x945,0x945,
0x945,0x945,0x945,0x945,0x945,0x945,0x945,0x945,0x945,0x948,0x945,0x945,0x945,0x945,0x945,0x945,
0x945,0x945,0x945,0x945,0x945,0x945,0x945,0x945,0x945,0x945,0x945,0x945,0x945,0x945,0x945,0x948,
0x945,0x945,0x945,0x945,0x945,0x945,0x945,0x945,0x945,0x945,0x945,0x945,0x945,0x945,0x945,0x945,
0x945,0x945,0x945,0x945,0x945,0x945,0x945,0x945,0x948,0x945,0x945,0x945,0x945,0x945,0x945,0x945,
0x945,0x945,0x945,0x945,0x945,0x945,0x945,0x945,0x945,0x945,0x945,0x948,0x945,0x945,0x945,0x945,
0x945,0x948,0x945,0x945,0x945,0x945,0x945,0x945,0x945,0x945,0x945,0x945,0x945,0x945,0x945,0x945,
0x945,0x945,0x945,0x945,0x945,0x945,0x945,0x945,0x945,0x945,0x945,0x945,0x945,0x945,0x945,0x945,
0x948,0x945,0x945,0x948,0x945,0x945,0x945,0x945,0x945,0x945,0x945,0x945,0x945,0x945,0x945,0x945,
0x945,0x945,0x948,0x948,0x945,0x945,0x945,0x945,0x945,0x945,0x945,0x945,0x945,0x945,0x945,0x945,
0x945,0x945,0x945,0x945,0x945,0x945,0x945,0x945,0x945,0x945,0x945,0x948,0x945,0x945,0x945,0x945,
0x945,0x945,0x945,0x945,0x945,0x945,0x945,0x945,0x945,0x945,0x945,0x945,0x945,0x945,0x945,0x945,
0x945,0x945,0x945,0x945,0x945,0x945,0x945,0x945,0x945,0x948,0x945,0x945,0x945,0x945,0x948,0x945,
0x945,0x945,0x945,0x945,0x945,0x945,0x945,0x945,0x945,0x945,0x945,0x945,0x945,0x945,0x945,0x945,
0x945,0x945,0x945,0x945,0x945,0x945,0x945,0x945,0x945,0x945,0x945,0x945,0x945,0x948,0x948,0x945,
0x945,0x945,0x945,0x945,0x945,0x945,0x945,0x945,0x945,0x945,0x945,0x945,0x945,0x945,0x945,0x945,
0x948,0x945,0x945,0x945,0x945,0x945,0x945,0x945,0x945,0x945,0x945,0x945,0x945,0x945,0x945,0x945,
0x945,0x945,0x945,0x945,0x945,0x945,0x945,0x945,0x948,0x945,0x945,0x945,0x945,0x945,0x945,0x945,
0x948,0x945,0x945,0x945,0x945,0x945,0x945,0x945,0x945,0x945,0x945,0x945,0x945,0x945,0x948,0x945,
0x945,0x945,0x945,0x945,0x945,0x945,0x945,0x945,0x945,0x945,0x945,0x945,0x945,0x945,0x945,0x945,
0x945,0x945,0x945,0x945,0x945,0x945,0x945,0x945,0x945,0x945,0x945,0x945,0x948,0x945,0x945,0x945,
0x945,0x945,0x945,0x945,0x945,0x945,0x945,0x945,0x945,0x945,0x945,0x945,0x945,0x945,0x945,0x948,
0x945,0x945,0x945,0x945,0x945,0x948,0x948,0x945,0x945,0x945,0x945,0x948,0x945,0x945,0x945,0x945,
0x945,0x948,0x945,0x945,0x945,0x945,0x945,0x945,0x945,0x948,0x945,0x945,0x945,0x945,0x945,0x945,
0x945,0x945,0x945,0x945,0x945,0x945,0x945,0x945,0x945,0x945,0x945,0x945,0x945,0x945,0x945,0x945,
0x945,0x948,0x945,0x945,0x945,0x948,0x945,0x945,0x945,0x945,0x945,0x945,0x945,0x945,0x945,0x945,
0x945,0x945,0x945,0x945,0x945,0x945,0x945,0x945,0x945,0x945,0x948,0x945,0x945,0x945,0x945,0x945,
0x945,0x945,0x948,0x945,0x945,0x945,0x945,0x945,0x945,0x945,0x945,0x945,0x945,0x945,0x948,0x945,
0x945,0x948,0x945,0x945,0x945,0x945,0x948,0x945,0x945,0x945,0x945,0x945,0x945,0x945,0x945,0x945,
0x945,0x945,0x945,0x945,0x945,0x945,0x945,0x945,0x945,0x945,0x945,0x945,0x945,0x945,0x945,0x1827,
0x1827,0x1827,0x1827,0x1827,0x1827,0x1827,0x18db,0x18db,0x94b,0x94b,0x94b,0x94b,0x94b,0x94b,0x94b,0x94b,
0x94b,0x94b,0x94b,0x94b,0x94b,0x94b,0x94b,0x94b,0x94b,0x94b,0x94b,0x94b,0x94b,0x94b,0x94b,0x94b,
0x94b,0x94b,0x94b,0x94b,0x94b,0x94b,0x94b,0x94b,0x981,0x981,0x981,0x981,0x981,0x981,0x981,0x981,
0x981,0x981,0x981,0x981,0x981,0x981,0x981,0x981,0x981,0x981,0x981,0x981,0x981,0x981,0x975,0x981,
0x975,0x975,0x975,0x975,0x975,0x975,0x975,0x975,0x975,0x975,0x975,0x975,0x975,0x975,0x975,0xa35,
0xa3b,0xb25,0xb25,0xb25,0xb25,0xb25,0xb25,0xb25,0xb25,0xb25,0xb25,0xb25,0xc69,0xc69,0xc69,0xc69,
0x975,0x975,0x975,0x975,0x975,0x975,0x975,0x975,0x975,0x975,0xadd,0xadd,0xadd,0xadd,0xadd,0xadd,
0xa35,0xa35,0xb25,0xc09,0xb25,0xb25,0xb25,0xb25,0xb25,0xb25,0xb25,0xb25,0xb25,0xd1d,0x1017,0x1017,
0xb37,0xb37,0xb37,0xb37,0xb37,0xb3d,0xb3a,0xc69,0xc69,0xc69,0xc69,0x1194,0xd38,0x1194,0x10c8,0x10c8,
0x981,0x981,0x981,0x981,0x981,0x981,0x981,0x981,0x981,0x981,0x981,0x981,0x981,0x981,0x981,0x981,
0x981,0x981,0x9db,0x9d8,0x9db,0x9d8,0x9db,0x9d8,0xe52,0xe4f,0xd3e,0xd3b,0x981,0x981,0x981,0x981,
0x981,0x981,0x981,0x981,0x981,0x981,0x981,0x981,0x981,0x981,0x981,0x981,0x981,0x981,0x981,0x981,
0x981,0x981,0x981,0x981,0x981,0x981,0x981,0x981,0x981,0x981,0x981,0x981,0x981,0x981,0x981,0x987,
0x984,0x9db,0x9d8,0x987,0x984,0x987,0x984,0x987,0x984,0x987,0x984,0x987,0x984,0x987,0x984,0x987,
0x984,0x987,0x984,0x987,0x984,0x981,0x981,0x981,0x981,0x981,0x981,0x981,0x981,0x981,0x981,0x981,
0x981,0x981,0x981,0x981,0x981,0x981,0x981,0x981,0x981,0x981,0x981,0x981,0x981,0x981,0x981,0x981,
0x987,0x984,0x987,0x984,0x981,0x981,0x981,0x981,0x981,0x981,0x981,0x981,0x981,0x981,0x981,0x981,
0x981,0x981,0x981,0x981,0x981,0x981,0x981,0x981,0x981,0x981,0x981,0x981,0x981,0x981,0x981,0x981,
0x987,0x984,0x981,0x981,0x981,0x981,0x981,0x981,0x981,0x981,0x981,0x981,0x981,0x981,0x981,0x981,
0x98d,0x981,0x981,0x981,0x981,0x981,0x981,0x981,0x981,0x981,0x981,0x981,0x981,0x981,0x981,0x981,
0x981,0x981,0x981,0x981,0x981,0x981,0x981,0x981,0x98d,0x98d,0x98d,0x981,0x981,0x981,0x981,0x981,
0x981,0x981,0x981,0x981,0x981,0x981,0x981,0x981,0x981,0x981,0x981,0x981,0x981,0x981,0x981,0x981,
0x981,0x981,0x981,0x981,0x981,0x981,0x981,0x981,0x98a,0x981,0x981,0x981,0x9e7,0x9e7,0x9e7,0x9e7,
0x9e7,0x9e7,0x9e7,0x9e7,0x9e7,0x9e7,0x9e7,0x9e7,0x9e7,0x9e7,0x9e7,0x9e7,0x9e7,0x9e7,0x9e7,0x9e7,
0x9e7,0x9e7,0x9e7,0x9e7,0x9e7,0x9e7,0x9e7,0x9e7,0x9e7,0x9e7,0x9e7,0x9e7,0xa35,0xadd,0xb25,0xb25,
0xb25,0xb25,0xb25,0xb25,0xb25,0xb25,0xc09,0xc09,0xb25,0xb25,0xb25,0xb25,0xb25,0xb25,0xc66,0xd1d,
0xd1d,0xd1d,0xd1d,0xd1d,0xd1d,0xd1d,0xd1d,0xd1d,0xd1d,0x1029,0x1029,0x101a,0xa35,0xa35,0xa35,0xa35,
0xa35,0xa35,0xa35,0xa35,0xa35,0xa35,0xa35,0xa35,0xa35,0xa35,0xb25,0xb25,0xb25,0xb25,0xb25,0xb25,
0xc66,0xc66,0xc66,0xc66,0xc66,0xc66,0xc66,0xe58,0xe58,0xd1d,0xd1d,0xd1d,0xa7d,0xa7d,0xa7d,0xa7d,
0xa7d,0xa7d,0xa5f,0xa5f,0xa5f,0xa5f,0xa5f,0xa4d,0xa89,0xa89,0xa89,0xa83,0xa89,0xa89,0xa89,0xa89,
0xa89,0xa89,0xa89,0xa89,0xa89,0xa89,0xa89,0xa83,0xa89,0xa89,0xa89,0xa89,0xa68,0xa68,0xa86,0xa86,
0xa86,0xa86,0xa65,0xa65,0xa65,0xa65,0xa65,0xa7d,0xb94,0xb94,0xb94,0xb94,0xb94,0xb94,0xb94,0xb94,
0xb94,0xb94,0xb94,0xb94,0xb6a,0xb94,0xb94,0xb94,0xb94,0xb94,0xb94,0xb94,0xa89,0xa89,0xa89,0xa89,
0xa89,0xa89,0xa89,0xa89,0xa89,0xa89,0xa89,0xa89,0xa89,0xa89,0xa83,0xa89,0xa89,0xa89,0xa89,0xa89,
0xa89,0xa89,0xa89,0xa89,0xa89,0xa89,0xa89,0xa89,0xa89,0xa68,0xa68,0xa68,0xa7a,0xa7a,0xa7a,0xa7a,
0xa7a,0xa7a,0xa7a,0xa7a,0xa7a,0xa7a,0xa7a,0xa7a,0xa7a,0xa7a,0xa7a,0xa7a,0xa7a,0xa7a,0xa7a,0xa7a,
0xa7a,0xa7a,0xa7a,0xa7a,0xa7a,0xa7a,0xa7a,0xa7a,0xa7a,0xa7a,0xa7a,0xa7a,0xa7d,0xa7d,0xa7d,0xa7d,
0xa7d,0xa7d,0xa7d,0xa7d,0xa7d,0xa7d,0xa7d,0xa7d,0xa7d,0xa7d,0xa7d,0xa7d,0xa7d,0xa7d,0xa7d,0xa7d,
0xa7d,0xa7d,0xa7d,0xa7d,0xa7d,0xa7d,0xa7d,0xa7d,0xa7d,0xa7d,0xa7d,0xa7d,0xaa7,0xaa7,0xaa7,0xaa7,
0xaa7,0xaa7,0xaa7,0xaa7,0xaa7,0xaa7,0xaa7,0xaa7,0xaa7,0xaa7,0xaa7,0xaa7,0xaa7,0xaa7,0xaa7,0xaa7,
0xaa7,0xaa7,0xaa7,0xaa7,0xaa7,0xaa7,0xaa7,0xaa7,0xaa7,0xaa7,0xaa7,0xaa7,0xab0,0xab0,0xab0,0xab0,
0xab0,0xab0,0xab0,0xab0,0xab0,0xab0,0xab0,0xab0,0xab0,0xab0,0xab0,0xab0,0xab0,0xab0,0xab0,0xab0,
0xab0,0xab0,0xab0,0xab0,0xab0,0xab0,0xab0,0xab0,0xab0,0xab0,0xab0,0xab0,0xad1,0xad1,0xad1,0xad1,
0xad1,0xad1,0xad1,0xad1,0xad1,0xad1,0xad1,0xad1,0xad1,0xad1,0xad1,0xad1,0xad1,0xad1,0xad1,0xad1,
0xad1,0xad1,0xad1,0xad1,0xad1,0xad1,0xad1,0xad1,0xad1,0xad1,0xad1,0xad1,0xb13,0xb13,0xb13,0xb13,
0xb13,0xb13,0xb13,0xb13,0xb13,0xb13,0xb13,0xb13,0xb13,0xb13,0xb13,0xb13,0xb13,0xb13,0xb13,0xb13,
0xb13,0xb13,0xb13,0xb13,0xb13,0xb13,0xb13,0xb13,0xb13,0xb13,0xb13,0xb13,0xbeb,0xbeb,0xbeb,0xbeb,
0xbeb,0xbeb,0xbeb,0xbeb,0xb1f,0xb1f,0xb1f,0xb1f,0xb1f,0xb1f,0xb1f,0xb1f,0xb1f,0xb1f,0xb1f,0xb1f,
0xb1f,0xb1f,0xb1f,0xc63,0xc63,0xc63,0xc63,0xd1a,0xd1a,0xd1a,0xd1a,0xd1a,0xb34,0xb34,0xb34,0xb34,
0xb34,0xb34,0xb34,0xb34,0xb34,0xb34,0xb34,0xb34,0xb34,0xb34,0xb31,0xb31,0xb31,0xb31,0xb31,0xb31,
0xb31,0xb31,0xb2e,0xbe8,0xd29,0xd20,0xd35,0xd1d,0xb2b,0xb2b,0xd1d,0xd1d,0xb5b,0xb58,0xb5b,0xb58,
0xb5b,0xb58,0xb5b,0xb58,0xb5b,0xb58,0xb5b,0xb58,0xb5b,0xb58,0xb5b,0xb58,0xb5b,0xb58,0xb5b,0xb58,
0xb5b,0xb58,0xb5b,0xb58,0xb5b,0xb58,0xb5b,0xb58,0xb5b,0xb58,0xb5b,0xb58,0xb76,0xb76,0xb76,0xb76,
0xb76,0xb76,0xb76,0xb76,0xb76,0xb76,0xb76,0xb76,0xb76,0xb76,0xb76,0xb76,0xb76,0xb76,0xb76,0xb76,
0xb76,0xb76,0xb76,0xb76,0xb76,0xb76,0xb76,0xb76,0xb76,0xb76,0xb76,0xb76,0xb85,0xb85,0xb85,0xb85,
0xb85,0xb85,0xb85,0xb85,0xb85,0xb85,0xb85,0xb85,0xb85,0xb85,0xb85,0xb85,0xb85,0xb85,0xb85,0xb85,
0xb85,0xb7f,0xb7f,0xb7f,0xb7f,0xb7f,0xb7f,0xb7f,0xb7f,0xb7f,0xb7f,0xb7f,0xb82,0xb82,0xb82,0xb82,
0xb82,0xb82,0xb82,0xb82,0xb82,0xb82,0xb82,0xb82,0xb82,0xb82,0xb82,0xb82,0xb82,0xb82,0xb82,0xb82,
0xb82,0xb82,0xb82,0xb82,0xb82,0xb82,0xb82,0xb82,0xb82,0xb82,0xb82,0xb82,0xb85,0xb85,0xb85,0xb85,
0xb85,0xb85,0xb85,0xb85,0xb85,0xb85,0xb85,0xb85,0xb85,0xb85,0xb85,0xb85,0xb85,0xb85,0xb85,0xb85,
0xb85,0xb85,0xb85,0xb85,0xb85,0xb85,0xb85,0xb85,0xb85,0xb85,0xb85,0xb85,0xba0,0xba0,0xba0,0xba0,
0xba0,0xba0,0xba0,0xba0,0xba0,0xba0,0xba0,0xba0,0xba0,0xba0,0xba0,0xba0,0xba0,0xba0,0xba0,0xba0,
0xba0,0xba0,0xba0,0xba0,0xba0,0xba0,0xba0,0xba0,0xba0,0xba0,0xba0,0xb8e,0xb94,0xb94,0xb94,0xb94,
0xb94,0xb94,0xb94,0xb94,0xb94,0xb94,0xb94,0xb94,0xb94,0xb94,0xb94,0xb94,0xb94,0xb94,0xb94,0xb94,
0xb94,0xb94,0xb94,0xb94,0xb94,0xb94,0xb94,0xba0,0xba0,0xba0,0xba0,0xba0,0xbb5,0xbb5,0xbb5,0xbb5,
0xbb5,0xbb5,0xbb5,0xbb5,0xbb5,0xbb5,0xbb5,0xbb5,0xbb5,0xbb5,0xbb5,0x18ab,0xbb2,0xbb2,0xbb2,0xbb2,
0xbb2,0xbb2,0xbb2,0xbb2,0xbb2,0xbb2,0xbb2,0xbb2,0xbb2,0xbb2,0xbb2,0xbb2,0xbb2,0xbb2,0xbb2,0xbb2,
0xbb2,0xbb2,0xbb2,0xbb2,0xbb2,0xbb2,0xbb2,0xbb2,0xbb2,0xbb2,0xbb2,0x18a8,0xbb5,0xbb5,0xbb5,0xbb5,
0xbb5,0xbb5,0xbb5,0xbb5,0xbb5,0xbb5,0xbb5,0xbb5,0xbb5,0xbb5,0xbb5,0xbb5,0xbb5,0xbb5,0xbb5,0xbb5,
0xbb5,0xbb5,0xbb5,0xbb5,0xbb5,0xbb5,0xbb5,0xbb5,0xbb5,0xbb5,0xbb5,0xbb5,0xbc7,0xbc7,0xc42,0xbc7,
0xbc7,0xbc7,0xc45,0xbc7,0xbc7,0xbc7,0xbc7,0xc42,0xbc7,0xbc7,0xbc7,0xbc7,0xbc7,0xbc7,0xbc7,0xbc7,
0xbc7,0xbc7,0xbc7,0xbc7,0xbc7,0xbc7,0xbc7,0xbc7,0xbc7,0xbc7,0xbc7,0xbc7,0xbd0,0xbd0,0xbd0,0xbd0,
0xbd0,0xbd0,0xbd0,0xbd0,0xbd0,0xbd0,0xbd0,0xbd0,0xbd0,0xbd0,0xbd0,0xbd0,0xbd0,0xbd0,0xbd0,0xbd0,
0xbd0,0xbd0,0xbd0,0xbd0,0xbd0,0xbd0,0xbd0,0xbd0,0xbd0,0xbd0,0xbd0,0xbd0,0xbd6,0xbd6,0xbd6,0xbd6,
0xbd6,0xbd6,0xbd6,0xbd6,0xbd6,0xbd6,0xbd6,0xbd6,0xbd6,0xbd6,0xbd6,0xbd6,0xbd6,0xbd6,0xbd6,0xbd6,
0xbd6,0xbd6,0xbd6,0xbd6,0xbd6,0xbd6,0xbd6,0xbd6,0xbd6,0xbd6,0xbd6,0xbd6,0xbdf,0xbdf,0xbdf,0xbdf,
0xbdf,0xbdf,0xbdf,0xbdf,0xbdf,0xbdf,0xbdf,0xbdf,0xbdf,0xbdf,0xbdf,0xbdf,0xbdf,0xbdf,0xbdf,0xbdf,
0xbdf,0xbdf,0xbdf,0xbdf,0xbdf,0xbdf,0xbdf,0xbdf,0xbdf,0xbdf,0xbdf,0xbdf,0xc0f,0xc0f,0xc0f,0xc0f,
0xc0f,0xc0f,0xc0f,0xc0f,0xc0f,0xc0f,0xc0f,0xc0f,0xc0f,0xc0f,0xc0f,0xc0f,0xc0f,0xc0f,0xc0f,0xc0f,
0xc0f,0xc0f,0xc0f,0xc0f,0xc0f,0xc0f,0xc0f,0xc0f,0xc0f,0xc0f,0xc0f,0xc0f,0xc18,0xc18,0xc18,0xc18,
0xc18,0xc18,0xc18,0xc18,0xc18,0xc18,0xc18,0xc18,0xc18,0xc18,0xc18,0xc18,0xe61,0xe61,0xe61,0xe61,
0xe61,0xe61,0xe61,0xe61,0xe61,0xe61,0xe61,0xe61,0xe61,0xe61,0xe61,0xe61,0xc48,0xc48,0xc21,0xc21,
0xced,0xced,0xced,0xced,0xced,0xced,0xced,0xe7f,0xe7f,0xe82,0xe85,0xe7f,0xe76,0xe79,0xe79,0xe7c,
0xe7c,0xe7c,0xe7c,0xe7c,0xe7c,0xe7c,0xe7c,0xe7c,0xe7c,0xe7c,0xe7c,0xe7c,0xc5a,0xc5a,0xd89,0xd86,
0xd89,0xd86,0xd89,0xd86,0xd89,0xd86,0xd89,0xd86,0xd89,0xd86,0xd89,0xd86,0xd77,0xd77,0xd7d,0xd77,
0xd7d,0xd77,0xd7d,0xd77,0xd7d,0xd77,0xd7d,0xd77,0xd7d,0xd77,0xd7d,0xd77,0xc69,0xc69,0xc69,0xc66,
0xc66,0xc66,0xc66,0xc66,0xee8,0x1140,0x1140,0x1140,0x1140,0x10bf,0x10bf,0x10bf,0x1143,0x10c2,0x10c2,0x1143,
0x1296,0x1296,0x1296,0x1296,0x1296,0x1296,0x1296,0x152a,0x152a,0x152a,0x152a,0x15e1,0xc66,0xc66,0xc66,0xc66,
0xd1d,0xd1d,0xd1d,0xd1d,0xd1d,0xd1d,0xd1d,0xd1d,0xd1d,0xd1d,0xd1d,0xd1d,0xd38,0xd38,0xd38,0xd38,
0xd38,0xd38,0xd38,0xd38,0xd38,0xd38,0xd38,0xd38,0xd38,0xd38,0xd38,0xd38,0xc84,0xc81,0xc84,0xc84,
0xc84,0xc81,0xc81,0xc84,0xc87,0xc8a,0xc87,0xc8a,0xc87,0xd7d,0xd7d,0xd7d,0xf0c,0xd77,0xd7d,0xd77,
0xc7b,0xc7e,0xc7b,0xc81,0xd80,0xd80,0xd80,0xd80,0xd92,0xd95,0xf0c,0xf0c,0xc93,0xc96,0xc96,0xc96,
0xc96,0xc96,0xc96,0xc96,0xc96,0xc96,0xc96,0xcff,0xcff,0xcff,0xcff,0xcff,0xcff,0xcff,0xcff,0xcff,
0xc96,0xc96,0xc96,0xc96,0xc96,0xc96,0xc96,0xc96,0xc96,0x18ae,0x18ae,0x19a4,0xcf6,0xcf6,0xcf6,0xcf6,
0xc9f,0xca5,0xca8,0xca5,0xca8,0xca5,0xca8,0xce4,0xce7,0xca5,0xca8,0xca5,0xca5,0xca5,0xca8,0xce4,
0xce4,0xce4,0xce4,0xce4,0xce4,0xce4,0xce4,0xce4,0xce4,0xce4,0xce4,0xce4,0xce4,0xce4,0xce4,0xce4,
0xce4,0xce4,0xce4,0xce4,0xcfc,0xcf6,0xcf6,0xcf6,0xcf6,0xcf6,0xcf6,0xcf9,0xcf6,0xcf9,0xc9f,0xc9f,
0xcc9,0xcc9,0xcc9,0xcc9,0xcc9,0xcc9,0xcc9,0xcc9,0xcc9,0xcc9,0xcc9,0xcc9,0xcc9,0xcc9,0xcc9,0xcc9,
0xcc9,0xcc9,0xcc9,0xcc9,0xcc9,0xcc9,0xcc9,0xcc9,0xcc9,0xcc9,0xcc9,0xcc9,0xcc9,0xcc9,0xcc9,0xcc9,
0xcdb,0xcdb,0xcdb,0x1305,0x1305,0x1305,0x1305,0x1305,0x1305,0x1305,0x1305,0x1305,0x1305,0x1305,0x1305,0x1b00,
0xcd8,0xcd8,0xcd8,0xcd8,0x1302,0x1b00,0x1b00,0x1b00,0x1b00,0x1b00,0x1b00,0x1b00,0x1b00,0x1b00,0x1b00,0x1b00,
0xcdb,0xcdb,0xcdb,0xcdb,0xcdb,0xcdb,0xcdb,0xcdb,0xcdb,0xcdb,0xcdb,0xcdb,0xcdb,0xcdb,0xcdb,0xcdb,
0xcdb,0xcdb,0xcdb,0xcdb,0xcdb,0xcdb,0xcdb,0xcdb,0xcdb,0xcdb,0xcdb,0xcdb,0xcdb,0xcdb,0xcdb,0xcdb,
0xcdb,0xcdb,0xcdb,0x1305,0x1305,0x1305,0x1305,0x1305,0x1305,0x1305,0x1305,0x1305,0x1305,0x1305,0x1305,0x1305,
0x1305,0x1305,0x1305,0x1305,0xe7c,0xe7c,0xe7c,0xe7c,0xe7c,0xe7c,0xe7c,0x13fb,0x13fb,0x13fb,0x13fb,0x13fb,
0x13fb,0x13fb,0x13fb,0x13fb,0x13fb,0x13fb,0x13fb,0x13fb,0x13fb,0x1401,0x163b,0x163b,0x1665,0x163b,0x190e,0x15ab,
0x115e,0x104a,0xced,0xced,0xd0e,0xd0e,0xd0e,0xd0e,0xe55,0xd0e,0xd0e,0xd0e,0xd0e,0xd0e,0xd0e,0xd0e,
0xd0e,0xd0e,0xd0e,0xd0e,0xd0e,0xd0e,0xd0e,0xd0e,0xd0e,0xd0e,0xd0e,0xd0e,0xd0e,0xd0e,0xd0e,0xd0e,
0xd0e,0xd0e,0xd0e,0xd0e,0xd0e,0xd0e,0xd0e,0xd0e,0xd0e,0xd0e,0xd0e,0xd0e,0xd7d,0xd77,0xd7d,0xd77,
0xd7d,0xd77,0xd7d,0xd77,0xd1a,0xd17,0xd17,0xd8f,0xd8c,0x10ec,0x10e6,0x1497,0x10e3,0x10e0,0x11c1,0x11be,
0x12c6,0x12c6,0x12cc,0x12c6,0x12cc,0x12c6,0x12cc,0x12c6,0x12cc,0x12c6,0x12cc,0x12c6,0xd38,0xd38,0xd38,0xd38,
0xd38,0xd1d,0xd1d,0xd38,0xd38,0xd38,0xd38,0xd38,0xd38,0x1296,0x1296,0x1296,0xe58,0xd1d,0xd1d,0xd1d,
0xd1d,0x1026,0x1017,0x1017,0x1017,0x1017,0x1296,0x1296,0x1296,0x1296,0x1296,0x1296,0xd2f,0xd2f,0xd2c,0xd23,
0xd2c,0xd23,0xd2c,0xd23,0xd2c,0xd23,0xd32,0xd32,0xd32,0xd32,0xd44,0xd41,0xe49,0xfed,0x118e,0x118b,
0x118b,0x118e,0x1188,0x1188,0x1188,0x118e,0x1191,0x1191,0x13d7,0x1299,0x1299,0x1296,0xd26,0xd26,0xd26,0xd26,
0x1029,0x1029,0x101a,0x101a,0x101a,0x1017,0x1017,0x1017,0x1017,0x101a,0x1140,0x101a,0x101a,0x101a,0x1017,0x101a,
0x1029,0x1017,0x1017,0x1017,0x101a,0x101a,0x1017,0x1017,0x101a,0x1017,0x1017,0x101a,0x10d4,0x10d1,0xd62,0xd5c,
0xd62,0xd5c,0xd62,0xd5c,0xd62,0xd5c,0xd62,0xd5c,0xd62,0xd5c,0xd5f,0xed6,0xe8e,0xe8e,0xe8e,0xd59,
0x123f,0x123f,0x123f,0x123f,0x123f,0x123f,0x123f,0x123f,0xe94,0xe94,0xd56,0xd65,0xd62,0xd5c,0xd62,0xd5c,
0xd62,0xd5c,0xd62,0xd5c,0xd62,0xd5c,0xd62,0xd5c,0xd62,0xd5c,0xd62,0xd5c,0xd62,0xd5c,0xd62,0xd5c,
0xd62,0xd5c,0xd62,0xd5c,0xd62,0xd5c,0xd62,0xd5c,0xd62,0xd5c,0xd62,0xd5c,0x12b7,0x12b4,0x12b7,0x12b4,
0x12ba,0x12ba,0x1506,0x123f,0xd7d,0xd77,0xd7d,0xd77,0xd7d,0xd77,0xd7d,0xd77,0xd7d,0xd77,0xd7d,0xd77,
0xd7d,0xd77,0xd7d,0xd77,0xd7d,0xd77,0xd7d,0xd77,0xd7d,0xd77,0xd7d,0xd77,0xd7d,0xd77,0xd7d,0xd77,
0xd7d,0xd77,0xd7d,0xd77,0xd95,0xd77,0xd77,0xd77,0xd77,0xd77,0xd77,0xd77,0xd77,0xd7d,0xd77,0xd7d,
0xd77,0xd7d,0xd7d,0xd77,0xe67,0xe67,0xea0,0xdb3,0xdb6,0xea0,0xea0,0xdbc,0xdbc,0xdbc,0xdbc,0xdb9,
0xdb9,0xea3,0xe64,0xdbc,0xdad,0xdad,0xdad,0xdad,0xdad,0xdad,0xdad,0xdad,0xdad,0xdad,0xf15,0xf15,
0xf12,0x1059,0xdaa,0xdaa,0xea0,0xe67,0xdb3,0xdbc,0xdbc,0xe64,0xe64,0xdb0,0xdb0,0xdb9,0xdb9,0xdb9,
0xdb9,0xdb9,0xe64,0xe64,0xe64,0xe9d,0xe9d,0xe9d,0xe9d,0xe67,0xe67,0xe67,0xe67,0xe67,0xe67,0xe67,
0xe67,0xe67,0xe67,0xe67,0xde0,0xde0,0xde0,0xde0,0xde0,0xde0,0xde0,0xde0,0xde0,0xde0,0xde0,0xde0,
0xde0,0xde0,0xde0,0xde0,0xde0,0xde0,0xde0,0xde0,0xde0,0xde0,0xde0,0xde0,0xde0,0xde0,0xde0,0xde0,
0xde0,0xde0,0xde0,0xde0,0xde6,0xde6,0xde6,0xde6,0xde6,0xde6,0xde6,0xde6,0xde6,0xde6,0xde9,0xde9,
0xde9,0xde9,0xde9,0xde9,0xde9,0xde9,0xde9,0xde9,0xde9,0xde9,0xde9,0xde9,0xde9,0xde9,0xde9,0xde9,
0xde9,0xde9,0xde9,0xde9,0xde9,0xde9,0xeb2,0xeb2,0xeb2,0xeb2,0xeb2,0xeb5,0xeb5,0xeb5,0xe4c,0xdec,
0xe34,0xe34,0xe34,0xe34,0xe34,0xe34,0xe34,0xe34,0xe34,0xe34,0xe34,0xe34,0xe34,0xe34,0xe34,0xe34,
0xdf8,0xdf8,0xdf8,0xdf8,0xdf8,0xdf8,0xdf8,0xdf8,0xdf8,0xdf8,0xdf8,0xdf8,0xdf8,0xdf8,0xdf8,0xdf8,
0xdf8,0xdf8,0xdf8,0xdf8,0xdf8,0xdf8,0xdf8,0xdf8,0xdf8,0xdf8,0xdf8,0xdf8,0xdf8,0xdf8,0xdf8,0xdf8,
0xe04,0xe04,0xe04,0xe04,0xe04,0xe04,0xe04,0xe04,0xe04,0xe04,0xe04,0xe04,0xe0a,0xdfe,0xe10,0xe0d,
0xe07,0xe07,0xe07,0xe04,0xe04,0xe04,0xe04,0xe04,0xe04,0xe04,0xe04,0xe04,0xe04,0xe04,0xe04,0xe04,
0xe04,0xe04,0xe04,0xe04,0xe04,0xe04,0xe04,0xe04,0xe04,0xe04,0xe04,0xe04,0xe04,0xe04,0xe04,0xe04,
0xe04,0xe04,0xe04,0xe04,0xe13,0xe13,0xe13,0xe13,0xe13,0xe13,0xe13,0xe13,0xe13,0xe13,0xe13,0xe13,
0xe13,0xe13,0xe13,0xe13,0xe13,0xe13,0xe13,0xe13,0xe13,0xe13,0xe13,0xe13,0xe13,0xe13,0xe13,0xe13,
0xe13,0xe13,0xe13,0xe13,0xe22,0xe22,0xe22,0xe22,0xe22,0xe22,0xe22,0xe22,0xe22,0xe22,0xe22,0xe22,
0xe22,0xe22,0xe22,0xe22,0xe22,0xe22,0xe22,0xe22,0xe22,0xe22,0xe22,0xe22,0xe25,0xe25,0xe25,0xe28,
0xe25,0xe25,0xe2b,0xe2b,0xe3a,0xe3a,0xe3d,0xe3d,0xe3d,0xe3d,0xe3d,0xe3d,0xe3d,0xe3d,0xe3d,0xe3d,
0xe3d,0xe3d,0xe3d,0xe3d,0xe3d,0xe3d,0xe3d,0xe3d,0xe3d,0xe3d,0xe3d,0xe3d,0xe3d,0xe3d,0xe3d,0xe3d,
0xe3d,0xe3d,0xe3d,0xe3d,0xe3a,0xe3a,0xe3a,0xe3a,0xe3a,0xe3a,0xe3a,0xe3a,0xe3a,0xe3a,0xe3a,0xe3a,
0xe6d,0xe46,0xeca,0xeca,0xeca,0xeca,0xe46,0xe46,0xeca,0xeca,0xecd,0x1266,0x1245,0x1245,0xe70,0xe70,
0xe43,0xe43,0xe43,0xe43,0xe43,0xe43,0xe43,0xe43,0xe43,0xe43,0x11dc,0x122a,0x122a,0x122a,0x11dc,0x11dc,
0xeca,0xeca,0xe46,0xe6d,0xe6d,0xe6d,0xe6d,0xe6d,0xe6d,0xe6d,0xe6d,0xe6d,0xe6d,0xe6d,0xe6d,0xe6d,
0xe6d,0xe6d,0xe6d,0xe6d,0xe6d,0xe6d,0xe6d,0xe6d,0xe6d,0xe6d,0xe6d,0xe6d,0xe6d,0xe6d,0xe6d,0xe6d,
0xe5e,0xe5e,0xe5e,0xe5e,0x102f,0x102f,0x102f,0x102f,0x102f,0x102f,0x102f,0x102f,0x1227,0x14fa,0x14fa,0x14fa,
0x14fa,0x14fa,0x14fa,0x14fa,0x14fa,0x14fa,0x1629,0x1629,0x1629,0x1629,0x1629,0x1629,0x1629,0x1629,0x1629,0x1629,
0xe91,0xe91,0xe91,0xe91,0xe91,0xe91,0xe91,0xe91,0xe91,0xe91,0xe91,0xe91,0xe91,0xe91,0xe91,0xe91,
0xe91,0xe91,0xe91,0xe91,0xe91,0xe91,0xe91,0xe91,0xe91,0xe91,0xe91,0xe91,0xe91,0xe91,0xe91,0xe91,
0x1005,0x1005,0x1005,0x1005,0x1005,0x1005,0x1005,0x1005,0x1005,0x1005,0x1005,0x1008,0x1008,0x1008,0xee5,0x1671,
0x112e,0x1014,0x112e,0x112e,0x112e,0x112e,0x112e,0x112e,0x112e,0x112e,0x112e,0x112e,0x112e,0x1014,0x112e,0x1014,
0x1056,0x1056,0x1056,0x1056,0x1056,0x1056,0x1056,0x1056,0x1056,0x1056,0x1056,0x1056,0x1056,0x1056,0x1056,0x1056,
0x1056,0x10aa,0xf03,0xfff,0xf03,0xf03,0xf03,0xf03,0xefd,0xefd,0xefd,0xf03,0x148e,0x1491,0x1686,0x1716,
0x103e,0x103e,0x103e,0x103e,0x103e,0x103e,0x103e,0x103e,0x103e,0x103e,0x103e,0x103e,0x103e,0x103e,0x103e,0x103e,
0xf1e,0x103e,0x103e,0x103e,0xf1b,0xf1b,0xf1b,0xf0f,0xf0f,0xf0f,0x103e,0xf18,0x1413,0x12d5,0x13f2,0x13f2,
0xf24,0xf24,0xf24,0xf24,0xf24,0xf24,0xf24,0xf24,0xf24,0xf24,0xf24,0xf24,0xf24,0xf24,0xf24,0xf24,
0xf24,0xf24,0xf24,0xf24,0xf24,0xf24,0xf24,0xf24,0xf24,0xf24,0xf24,0xf24,0xf24,0xf24,0xf24,0xf24,
0xf2d,0xf2d,0xf2d,0xf2d,0xf2d,0xf2d,0xf2d,0xf2d,0xf2d,0xf2d,0xf2d,0xf2d,0xf2d,0xf2d,0xf2d,0xf2d,
0xf2d,0xf2d,0xf2d,0xf2d,0xf2d,0xf2d,0xf2d,0xf2d,0xf2d,0xf2d,0xf2d,0xf2d,0xf2d,0xf2d,0xf2d,0xf2d,
0xf33,0xf33,0xf33,0xf30,0xf30,0xf30,0xf2d,0xf2d,0xf2d,0xf2d,0xf30,0xf2d,0xf2d,0xf2d,0xf33,0xf30,
0xf33,0xf30,0xf2d,0xf2d,0xf2d,0xf2d,0xf2d,0xf2d,0xf2d,0xf2d,0xf2d,0xf2d,0xf2d,0xf2d,0xf2d,0xf2d,
0xf2d,0xf2d,0xf2d,0xf2d,0xf2d,0xf2d,0xf2d,0xf2d,0xf2d,0xf2d,0xf2d,0xf2d,0xf2d,0xf33,0xf30,0xf30,
0xf2d,0xf2d,0xf2d,0xf2d,0xf2d,0xf2d,0xf2d,0xf2d,0xf2d,0xf2d,0xf2d,0xf2d,0xf2d,0xf2d,0xf2d,0x1932,
0x176a,0x176a,0x176a,0x176a,0x176a,0x176a,0x176a,0x176d,0x1767,0x1929,0x1929,0x1929,0x192c,0x1926,0x192c,0x1926,
0x105c,0x105c,0x105c,0xf3f,0xf42,0xf42,0xf42,0xf42,0xf42,0x1041,0x1041,0x1041,0xf42,0xf42,0xf42,0x1041,
0x1041,0x1041,0x1041,0x1041,0x1041,0x1041,0x1041,0x1041,0x1041,0x1041,0x1041,0x1041,0x1041,0x1041,0x1041,0x1041,
0x1041,0x1041,0x1041,0x105f,0xf3f,0xf3f,0x105c,0x105c,0x105c,0x105c,0xf3f,0xf3f,0x105c,0x105c,0xf3f,0xf3f,
0xf48,0xf48,0xf48,0xf48,0xf48,0xf48,0xf48,0xf48,0xf48,0xf48,0xf48,0xf48,0xf48,0xf48,0xf48,0xf48,
0xf48,0xf48,0xf48,0xf48,0xf48,0xf48,0xf48,0xf48,0xf48,0xf48,0xf48,0xf48,0xf48,0xf48,0xf48,0xf48,
0x1047,0x1047,0x1047,0x1047,0x1047,0x1047,0x1047,0x1047,0x1047,0x1047,0x1047,0x1047,0x1047,0x1047,0x1047,0x1047,
0x1047,0x1047,0x1047,0x1047,0x1047,0x1047,0x1047,0x1047,0x1047,0x1047,0x1047,0xf69,0xf69,0xf69,0xf69,0xf69,
0xf7e,0xf7e,0xf7e,0xf7e,0xf7e,0xf7e,0xf7e,0xf7e,0xf7e,0xf7e,0xf7e,0xf7e,0xf7e,0xf7e,0xf7e,0xf7e,
0xf7e,0xf7e,0xf7e,0xf7e,0xf7e,0xf7e,0xf7e,0xf7e,0xf7e,0xf7e,0xf7e,0xf7e,0xf7e,0xf7e,0xf7e,0xf7e,
0xf87,0xf87,0xf87,0xf87,0xf87,0xf87,0xf87,0xf87,0xf87,0xf87,0xf87,0xf8a,0xf87,0xf87,0xf87,0xf87,
0xf84,0xf84,0xf84,0x1071,0x1071,0x1071,0x1071,0xf84,0xf84,0x1077,0x1074,0xf81,0xf81,0xf90,0xf8d,0xf8d,
0x1071,0x1071,0xf84,0xf87,0xf87,0xf87,0xf87,0xf87,0xf87,0xf87,0xf87,0xf87,0xf87,0xf87,0xf87,0xf87,
0xf87,0xf87,0xf87,0xf87,0xf87,0xf87,0xf87,0xf87,0xf87,0xf87,0xf8a,0xf87,0xf8a,0xf87,0xf87,0xf87,
0xfa5,0xfa5,0xfa5,0xfa5,0xfa5,0xfa5,0xfa5,0xfa5,0xfa5,0xfa5,0xfa5,0xfa5,0xfa5,0xfa5,0xfa5,0xfa5,
0xfa5,0xfa5,0xfa5,0xfa5,0xfa5,0xfa5,0x107d,0x107d,0x1080,0x1080,0xfa5,0x107d,0x107d,0x107d,0x107d,0x107d,
0xfb1,0xfb1,0xfb1,0xfb1,0xfb1,0xfb1,0xfb1,0xfb1,0xfb1,0xfb1,0xfb1,0xfb1,0xfb1,0xfb1,0xfb1,0xfb1,
0xfb1,0xfb1,0xfb1,0xfb1,0xfb1,0xfb1,0xfb1,0xfb1,0xfb1,0xfb1,0xfb1,0xfb1,0xfb1,0xfb1,0xfb1,0xfb1,
0x1083,0xfb1,0x1083,0x1083,0x1083,0xfba,0xfba,0x1083,0x1083,0xfba,0xfb1,0xfba,0xfba,0xfb1,0x1083,0x1086,
0xfc3,0xfc3,0xfc3,0xfc3,0xfc3,0xfc3,0xfc3,0xfc3,0xfc3,0xfc3,0xfc3,0xfc3,0xfc3,0xfc3,0xfc3,0xfc3,
0xfc3,0xfc3,0xfc3,0xfc3,0xfc3,0xfc3,0xfc3,0xfc3,0xfc3,0xfc3,0xfc3,0xfc3,0xfc3,0xfc3,0xfc3,0xfc3,
0xfcc,0xfcc,0xfcc,0xfcc,0xfcc,0xfcc,0xfcc,0xfcc,0xfcc,0xfcc,0xfcc,0xfcc,0xfcc,0xfcc,0xfcc,0xfcc,
0xfcc,0xfcc,0xfcc,0xfcc,0xfcc,0xfcc,0xfcc,0xfcc,0xfcc,0xfcc,0xfcc,0xfcc,0xfcc,0xfcc,0xfc9,0xfcf,
0xfd5,0xfd5,0xfd5,0xfd5,0xfd5,0xfd5,0xfd5,0xfd5,0xfd5,0xfd5,0xfd5,0xfd5,0xfd5,0xfd5,0xfd5,0xfd5,
0xfd5,0xfd5,0xfd5,0xfd5,0xfd5,0xfd5,0xfd5,0xfd5,0xfd5,0xfd5,0xfd5,0xfd5,0xfd5,0xfd2,0xfd2,0xfd2,
0x112b,0x112b,0x112b,0x112b,0x112b,0x112b,0x112b,0x112b,0x112b,0x112b,0x1002,0x1002,0x1002,0x1002,0x1131,0x1125,
0x100e,0x1131,0x1131,0x1131,0x1131,0x1131,0x1131,0x1131,0x1131,0x1131,0x1131,0x1599,0x1599,0x1599,0x1599,0x1599,
0x1005,0x1005,0x1005,0x1005,0x1005,0x1005,0x1005,0x1005,0x1005,0x1005,0x1005,0x127b,0x127b,0x17d3,0x17d3,0x17d3,
0x1005,0x1005,0x1005,0x1005,0x1005,0x1005,0x1005,0x1005,0x1005,0x1005,0x1005,0x1005,0x1005,0x1005,0x1005,0x1005,
0x112e,0x112e,0x1014,0x112e,0x112e,0x112e,0x1014,0x112e,0x112e,0x112e,0x100e,0x100e,0x100e,0x100e,0x100e,0x1128,
0x112b,0x112b,0x112b,0x112b,0x112b,0x112b,0x112b,0x1011,0x112b,0x112b,0x112b,0x112b,0x112b,0x112b,0x112b,0x1011,
0x112b,0x112b,0x112b,0x112b,0x112b,0x112b,0x112b,0x112b,0x112b,0x112b,0x1185,0x1185,0x1740,0x17d3,0x17d3,0x17d3,
0x112b,0x112b,0x112b,0x112b,0x112b,0x112b,0x112b,0x112b,0x112b,0x1011,0x112b,0x1011,0x1011,0x112b,0x112b,0x1011,
0x101a,0x101a,0x10bf,0x1017,0x10bf,0x10bf,0x10bf,0x10bf,0x1017,0x1017,0x1029,0x1017,0x1017,0x1017,0x1017,0x1017,
0x1017,0x101a,0x1029,0x1029,0x101a,0x1029,0x1017,0x101a,0x101a,0x101d,0x1029,0x1017,0x1017,0x1029,0x101a,0x101a,
0x102f,0x102f,0x102f,0x102f,0x102f,0x102f,0x102f,0x102f,0x102f,0x102f,0x102f,0x102f,0x102f,0x102f,0x102f,0x102f,
0x102f,0x102f,0x102f,0x102f,0x102f,0x102f,0x102f,0x102f,0x102f,0x102f,0x102f,0x102f,0x102f,0x102f,0x102f,0x102f,
0x102f,0x18db,0x18db,0x18db,0x18db,0x1953,0x1aa0,0x1aa0,0x1aa0,0x1aa0,0x1aa0,0x1aa0,0x1044,0x1044,0x1044,0x1044,
0x1044,0x1044,0x1044,0x1044,0x1044,0x1044,0x1044,0x1044,0x1044,0x1044,0x1044,0x1044,0x1044,0x1044,0x1044,0x1044,
0x1044,0x1044,0x1044,0x1044,0x1044,0x1044,0x1044,0x1044,0x1044,0x1044,0x1044,0x1044,0x10b3,0x10b3,0x10b3,0x10b3,
0x10b3,0x10b3,0x10b3,0x10b3,0x10b3,0x10b3,0x10b3,0x10b3,0x10b3,0x10b3,0x10b3,0x10b3,0x10b3,0x10b3,0x10b3,0x10b3,
0x10b3,0x10b3,0x10b3,0x10b3,0x10b3,0x10b3,0x10b3,0x10b3,0x10b3,0x10b3,0x10b3,0x10b3,0x1914,0x1914,0x1914,0x1a4f,
0x1a4f,0x1a4f,0x1a4f,0x1914,0x1914,0x1914,0x1914,0x1914,0x10e3,0x10e0,0x10e3,0x10e0,0x10e3,0x10e0,0x10e3,0x10e0,
0x10e3,0x10e0,0x11c4,0x12cc,0x12cc,0x12cc,0x1542,0x1695,0x12cc,0x12cc,0x149a,0x149a,0x149a,0x1494,0x149a,0x1494,
0x169b,0x1698,0x1752,0x174f,0x1752,0x174f,0x1752,0x174f,0x1104,0x1104,0x1104,0x1104,0x1104,0x1104,0x1104,0x1104,
0x1104,0x1104,0x1104,0x1104,0x1104,0x1104,0x1104,0x1104,0x1104,0x1104,0x1104,0x1104,0x1104,0x1104,0x1104,0x1104,
0x1104,0x1104,0x1104,0x1104,0x1104,0x1104,0x1104,0x1104,0x1110,0x1179,0x1110,0x1116,0x1116,0x1113,0x1113,0x1113,
0x1113,0x1113,0x1113,0x1113,0x1113,0x1113,0x1113,0x1113,0x1113,0x1113,0x1113,0x1113,0x1113,0x1113,0x1113,0x1113,
0x1113,0x1113,0x1113,0x1113,0x1113,0x1113,0x1113,0x1113,0x1179,0x1179,0x1179,0x1179,0x1179,0x1179,0x1179,0x1179,
0x1122,0x1122,0x1122,0x1122,0x1122,0x1122,0x1122,0x1122,0x1122,0x1122,0x1122,0x1122,0x1122,0x1122,0x1122,0x1122,
0x1122,0x1122,0x1122,0x1122,0x1122,0x1122,0x1122,0x1122,0x1122,0x1122,0x1122,0x1122,0x1122,0x1122,0x1122,0x1122,
0x1137,0x1137,0x1137,0x1137,0x1137,0x1137,0x1137,0x1137,0x1137,0x1137,0x1137,0x1137,0x1137,0x1137,0x1137,0x1137,
0x1137,0x1137,0x1137,0x1137,0x1137,0x1134,0x1134,0x1137,0x1137,0x1137,0x1137,0x1137,0x1134,0x1137,0x1137,0x1137,
0x1134,0x1137,0x1134,0x1137,0x1134,0x1137,0x1137,0x1137,0x1137,0x1137,0x113a,0x1137,0x1137,0x1137,0x1137,0x1134,
0x1137,0x1134,0x1134,0x1137,0x1137,0x1137,0x1137,0x1137,0x1137,0x1137,0x1137,0x1137,0x1137,0x1137,0x1137,0x1137,
0x1134,0x1134,0x1134,0x1134,0x1134,0x1134,0x1134,0x1137,0x1137,0x1137,0x1137,0x1137,0x1137,0x1137,0x1137,0x1137,
0x1137,0x1137,0x1137,0x1137,0x1137,0x1137,0x1137,0x1134,0x1134,0x1134,0x1134,0x1134,0x1134,0x1134,0x1134,0x1134,
0x1134,0x1137,0x1137,0x1137,0x1137,0x1137,0x1137,0x1137,0x1137,0x1137,0x1137,0x1137,0x1137,0x1137,0x1134,0x1134,
0x1134,0x1134,0x1134,0x1134,0x1134,0x1134,0x1134,0x1134,0x1134,0x1134,0x127e,0x127e,0x1137,0x1137,0x1137,0x1137,
0x1137,0x1137,0x1137,0x1137,0x1137,0x1137,0x1137,0x1137,0x1137,0x1137,0x1137,0x1137,0x1137,0x1137,0x1137,0x1137,
0x1137,0x1137,0x1137,0x1137,0x1137,0x1137,0x1137,0x1137,0x1137,0x1137,0x1137,0x1137,0x1137,0x1281,0x1281,0x1281,
0x1281,0x1281,0x1281,0x1281,0x1281,0x1281,0x1281,0x1281,0x1281,0x14f4,0x14f4,0x14f4,0x1137,0x1137,0x1137,0x1137,
0x1137,0x1137,0x1281,0x1137,0x1137,0x1137,0x1137,0x1137,0x1137,0x1137,0x1137,0x1137,0x1137,0x1137,0x1137,0x1137,
0x1137,0x1137,0x1137,0x1137,0x1137,0x1137,0x1137,0x1137,0x1137,0x1137,0x1137,0x1137,0x1137,0x1137,0x1137,0x1137,
0x1137,0x1281,0x14f4,0x14f4,0x1137,0x1137,0x1137,0x1137,0x1137,0x113a,0x1137,0x1137,0x1137,0x1137,0x1137,0x1137,
0x1137,0x1137,0x1137,0x1137,0x1137,0x1137,0x1137,0x1137,0x1281,0x1281,0x1281,0x1281,0x1281,0x1281,0x1281,0x1281,
0x127e,0x127e,0x1281,0x1281,0x1137,0x1137,0x113a,0x113a,0x113a,0x13e6,0x1137,0x113a,0x1137,0x1137,0x113a,0x1290,
0x1290,0x1281,0x1281,0x14f4,0x14f4,0x14f4,0x14f4,0x14f4,0x1281,0x1281,0x1281,0x1281,0x1281,0x1281,0x1281,0x1281,
0x1281,0x1281,0x1281,0x1281,0x1137,0x1137,0x1137,0x1137,0x1137,0x1137,0x1137,0x1137,0x1137,0x1137,0x1137,0x1137,
0x1137,0x1137,0x1137,0x1137,0x1137,0x1281,0x1281,0x1281,0x13e6,0x1281,0x1281,0x1281,0x14f4,0x14f4,0x14f4,0x1524,
0x1524,0x1524,0x1524,0x1524,0x1137,0x1137,0x1137,0x1137,0x1137,0x1137,0x1137,0x1137,0x1137,0x1137,0x1137,0x1137,
0x1137,0x1137,0x1137,0x1137,0x1137,0x1137,0x1137,0x1137,0x1137,0x1137,0x1137,0x1137,0x1137,0x1137,0x1137,0x1137,
0x1137,0x1137,0x1137,0x1281,0x1137,0x1281,0x113a,0x113a,0x1137,0x1137,0x113a,0x113a,0x113a,0x113a,0x113a,0x113a,
0x113a,0x113a,0x113a,0x113a,0x113a,0x1137,0x1137,0x1137,0x1137,0x1137,0x1137,0x1137,0x1137,0x1137,0x1137,0x1137,
0x1137,0x1137,0x1137,0x1137,0x1137,0x1137,0x113a,0x113a,0x113a,0x113a,0x113a,0x113a,0x113a,0x113a,0x113a,0x113a,
0x113a,0x113a,0x113a,0x113a,0x113a,0x113a,0x113a,0x113a,0x113a,0x1137,0x1137,0x1137,0x113a,0x1137,0x1137,0x1137,
0x1137,0x113a,0x113a,0x113a,0x1137,0x113a,0x113a,0x113a,0x1137,0x1137,0x1137,0x1137,0x1137,0x1137,0x1137,0x113a,
0x1137,0x113a,0x1137,0x1137,0x1137,0x1137,0x1137,0x1137,0x1137,0x1137,0x1137,0x1137,0x1137,0x1137,0x1137,0x1137,
0x1137,0x1137,0x1137,0x1137,0x1137,0x1137,0x1137,0x1137,0x1137,0x1137,0x1137,0x1137,0x13e6,0x1137,0x1137,0x1137,
0x1137,0x1281,0x1281,0x14f4,0x1182,0x1182,0x1182,0x1182,0x127e,0x127e,0x127e,0x127e,0x127e,0x127e,0x1281,0x14f4,
0x14f4,0x14f4,0x14f4,0x147c,0x1137,0x1137,0x1137,0x1137,0x1137,0x1137,0x1137,0x1137,0x1137,0x1137,0x1137,0x1137,
0x1137,0x1137,0x1137,0x1137,0x1281,0x1281,0x1281,0x1281,0x1281,0x1281,0x1281,0x1281,0x1281,0x1281,0x1281,0x1281,
0x1290,0x1290,0x1281,0x1281,0x1281,0x1281,0x159f,0x1281,0x1281,0x1281,0x1281,0x1281,0x1281,0x1281,0x1281,0x1281,
0x1281,0x1281,0x1281,0x1281,0x1281,0x1281,0x1281,0x1281,0x1281,0x1281,0x1281,0x1281,0x127e,0x127e,0x127e,0x127e,
0x127e,0x127e,0x1281,0x1137,0x1137,0x1137,0x1137,0x1137,0x1221,0x1137,0x1137,0x1137,0x1137,0x1137,0x1137,0x1137,
0x1137,0x1137,0x1137,0x1137,0x1137,0x1137,0x1137,0x1137,0x1137,0x1221,0x1137,0x1137,0x1137,0x1221,0x1137,0x1221,
0x1137,0x1221,0x1137,0x1221,0x1137,0x1137,0x1137,0x1221,0x1137,0x1137,0x1137,0x1137,0x1137,0x1137,0x1221,0x1221,
0x1137,0x1137,0x1137,0x1137,0x1221,0x1137,0x1221,0x1221,0x1137,0x1137,0x1137,0x1137,0x1221,0x1137,0x1137,0x1137,
0x1137,0x1137,0x1137,0x1137,0x1137,0x1137,0x1137,0x1137,0x1137,0x13e6,0x13e6,0x14f4,0x14f4,0x113a,0x113a,0x113a,
0x1137,0x1137,0x1137,0x113a,0x113a,0x113a,0x113a,0x113a,0x127e,0x127e,0x127e,0x127e,0x127e,0x127e,0x127e,0x127e,
0x127e,0x127e,0x127e,0x127e,0x127e,0x127e,0x127e,0x127e,0x1137,0x1137,0x1137,0x113a,0x1137,0x1137,0x1137,0x1137,
0x1137,0x1137,0x1137,0x1137,0x1137,0x1137,0x1137,0x1137,0x1137,0x1137,0x1137,0x1137,0x113a,0x113a,0x113a,0x1137,
0x1137,0x1137,0x1137,0x1137,0x1137,0x1137,0x1137,0x1137,0x114c,0x114c,0x114c,0x114c,0x114c,0x114c,0x114c,0x114c,
0x114c,0x114c,0x114c,0x114c,0x114c,0x114c,0x114c,0x114c,0x114c,0x114c,0x114c,0x114c,0x114c,0x114c,0x114c,0x114c,
0x114c,0x114c,0x114c,0x114c,0x114c,0x114c,0x114c,0x114c,0x1152,0x114f,0x162c,0x162c,0x162c,0x162c,0x162c,0x162c,
0x162c,0x162c,0x162c,0x162c,0x162c,0x162c,0x162c,0x162c,0x162c,0x162c,0x162c,0x162c,0x162c,0x162c,0x162c,0x162c,
0x162c,0x162c,0x162c,0x162c,0x162c,0x162c,0x162c,0x162c,0x119d,0x12ab,0x119d,0x119d,0x119d,0x119d,0x119d,0x119d,
0x119d,0x119d,0x119a,0x119a,0x119a,0x12a8,0x12a8,0x12a8,0x12a8,0x12a8,0x12ab,0x1485,0x1485,0x186f,0x1533,0x1533,
0x1533,0x1533,0x1533,0x1536,0x1536,0x1536,0x17e2,0x17e2,0x11cd,0x11cd,0x11cd,0x11cd,0x11cd,0x11cd,0x11cd,0x11cd,
0x11cd,0x11cd,0x11cd,0x11cd,0x11cd,0x11cd,0x11cd,0x11cd,0x11cd,0x11cd,0x11cd,0x11cd,0x11cd,0x11cd,0x11cd,0x11cd,
0x11cd,0x11cd,0x11cd,0x11cd,0x11cd,0x11cd,0x11cd,0x11cd,0x11d0,0x11d0,0x11d0,0x11d0,0x11d0,0x11d0,0x11d0,0x11d0,
0x11d0,0x11d0,0x11d0,0x11d0,0x11d0,0x11d0,0x11d0,0x11d0,0x11d0,0x11d0,0x11d0,0x11d0,0x11d0,0x11d0,0x11d0,0x11d0,
0x11d0,0x11d0,0x11d0,0x11d0,0x11d0,0x11d0,0x11d0,0x1770,0x11d3,0x11d3,0x11d3,0x11d3,0x11d3,0x11d3,0x11d3,0x11d3,
0x11d3,0x11d3,0x11d3,0x11d3,0x11d3,0x11d3,0x11d3,0x11d3,0x11d3,0x11d3,0x11d3,0x11d3,0x11d3,0x11d3,0x11d3,0x11d3,
0x11d3,0x11d3,0x11d3,0x11d3,0x11d3,0x11d3,0x11d3,0x11d3,0x1257,0x1206,0x1209,0x1209,0x1206,0x120c,0x120c,0x11fa,
0x11fd,0x1515,0x1518,0x1518,0x1518,0x137d,0x17f7,0x1842,0x1200,0x1200,0x1200,0x1200,0x1200,0x1200,0x1200,0x1200,
0x1200,0x1200,0x137a,0x14be,0x14c1,0x14bb,0x14c4,0x14c4,0x1254,0x1254,0x1203,0x1206,0x1206,0x1206,0x1206,0x1206,
0x1206,0x1206,0x1206,0x1206,0x1206,0x1206,0x1206,0x1206,0x1206,0x1206,0x1206,0x1206,0x1206,0x1206,0x1206,0x1206,
0x1206,0x1206,0x1206,0x1206,0x1206,0x1206,0x1206,0x1206,0x1206,0x1206,0x1206,0x1203,0x1203,0x1203,0x1254,0x1254,
0x1254,0x1254,0x1254,0x1254,0x1254,0x1254,0x1254,0x1203,0x121b,0x121b,0x121b,0x121b,0x121b,0x121b,0x121b,0x121b,
0x121b,0x121b,0x121b,0x121b,0x121b,0x121b,0x121b,0x121b,0x121b,0x121b,0x121b,0x121b,0x121b,0x121b,0x121b,0x121b,
0x121b,0x121b,0x121b,0x121b,0x121b,0x121b,0x121b,0x121b,0x124b,0x124b,0x124b,0x1230,0x1230,0x1230,0x1230,0x1230,
0x1230,0x1230,0x1230,0x1230,0x1230,0x1230,0x1230,0x1230,0x1230,0x1230,0x1230,0x1230,0x1230,0x1230,0x1230,0x1230,
0x1230,0x1230,0x1230,0x1230,0x1230,0x1230,0x1230,0x1230,0x15ae,0x15ae,0x1530,0x1503,0x1239,0x1239,0x1239,0x1239,
0x1239,0x1239,0x1233,0x1233,0x1233,0x1233,0x1233,0x1233,0x1236,0x1236,0x1236,0x1236,0x1239,0x1239,0x1239,0x1239,
0x123c,0x1239,0x1239,0x123c,0x1239,0x1239,0x1239,0x1407,0x1281,0x1281,0x1281,0x1281,0x1281,0x1281,0x1281,0x1281,
0x1281,0x1281,0x1281,0x1281,0x1281,0x1281,0x1281,0x1281,0x1281,0x1281,0x1281,0x1281,0x127e,0x127e,0x127e,0x127e,
0x127e,0x127e,0x127e,0x127e,0x1281,0x1281,0x1281,0x1281,0x127e,0x127e,0x127e,0x127e,0x127e,0x127e,0x127e,0x127e,
0x127e,0x127e,0x127e,0x127e,0x127e,0x127e,0x127e,0x127e,0x127e,0x127e,0x127e,0x127e,0x127e,0x127e,0x128d,0x128d,
0x128d,0x1284,0x1284,0x1284,0x127e,0x127e,0x127e,0x127e,0x127e,0x127e,0x127e,0x127e,0x127e,0x127e,0x127e,0x127e,
0x127e,0x127e,0x127e,0x127e,0x127e,0x127e,0x127e,0x127e,0x127e,0x127e,0x127e,0x127e,0x127e,0x127e,0x127e,0x127e,
0x127e,0x127e,0x127e,0x127e,0x1281,0x1281,0x1281,0x1281,0x1281,0x1281,0x1281,0x1281,0x1281,0x1281,0x1281,0x1281,
0x1281,0x1281,0x1281,0x1281,0x1290,0x1281,0x1281,0x1281,0x1281,0x13e9,0x13e9,0x1281,0x1281,0x1281,0x1281,0x1281,
0x1281,0x1281,0x1281,0x1281,0x159c,0x1281,0x1281,0x1281,0x1281,0x1281,0x1281,0x1281,0x1281,0x1281,0x1281,0x1281,
0x1281,0x1281,0x1281,0x1281,0x1281,0x1281,0x1281,0x1281,0x1281,0x1281,0x1281,0x1281,0x1281,0x1281,0x1281,0x1281,
0x12c6,0x12c6,0x12c6,0x12c6,0x12c6,0x12c6,0x12c6,0x12c6,0x12c6,0x12c6,0x12c6,0x12c6,0x12c6,0x12c6,0x12c6,0x12c6,
0x12c6,0x12c6,0x12c6,0x12c6,0x12c6,0x12c6,0x12c6,0x12c6,0x12c6,0x12c6,0x12c6,0x1293,0x12cf,0x12cf,0x12cf,0x12cf,
0x1296,0x1296,0x1296,0x1296,0x1296,0x1296,0x1296,0x1296,0x1296,0x1296,0x1296,0x1296,0x1296,0x1296,0x1296,0x1296,
0x1296,0x1296,0x1296,0x1296,0x1296,0x1296,0x1a58,0x17dc,0x1296,0x1296,0x1296,0x1296,0x1296,0x1296,0x1296,0x1296,
0x1296,0x1296,0x1296,0x1296,0x1296,0x1296,0x1296,0x1296,0x1296,0x1296,0x1296,0x1296,0x1296,0x1296,0x1296,0x1296,
0x1296,0x1296,0x167a,0x167a,0x167a,0x1296,0x1296,0x1296,0x1296,0x1296,0x1296,0x1296,0x1296,0x1296,0x1296,0x1296,
0x1296,0x1743,0x1296,0x1296,0x1296,0x1296,0x1296,0x1296,0x1296,0x1296,0x15e1,0x167a,0x167a,0x167a,0x167a,0x167a,
0x167a,0x167a,0x167a,0x167a,0x167a,0x167a,0x167a,0x167a,0x12f3,0x12f3,0x12f3,0x12f3,0x12f3,0x12f3,0x12f3,0x12f3,
0x12f3,0x12f3,0x12f3,0x12f3,0x12f3,0x12f3,0x12f3,0x12f3,0x141c,0x141c,0x141c,0x141c,0x141c,0x141c,0x141c,0x12f9,
0x12f9,0x12ed,0x12ea,0x12ea,0x12ea,0x12ea,0x12ea,0x12ea,0x12f3,0x12f3,0x12f3,0x12f3,0x12f3,0x12f3,0x12f3,0x12f3,
0x12f3,0x12f3,0x12f3,0x12f3,0x12f3,0x12f3,0x12f3,0x12f3,0x12f3,0x12f3,0x12f3,0x12f3,0x12f3,0x12f3,0x12f3,0x12f3,
0x12f3,0x12f3,0x12f3,0x12f3,0x12f3,0x12f3,0x12f3,0x12f3,0x12fc,0x12fc,0x12fc,0x12fc,0x12fc,0x12fc,0x12fc,0x12fc,
0x12fc,0x12fc,0x12fc,0x12fc,0x12fc,0x12fc,0x12fc,0x12fc,0x12fc,0x12fc,0x12fc,0x12fc,0x12fc,0x12fc,0x12fc,0x12fc,
0x12fc,0x12fc,0x12fc,0x12fc,0x12fc,0x12fc,0x12fc,0x12fc,0x1311,0x1311,0x1311,0x1311,0x1311,0x1311,0x1311,0x1311,
0x1308,0x1311,0x1311,0x1311,0x1311,0x1311,0x1311,0x1311,0x1311,0x1311,0x1311,0x1311,0x1311,0x1311,0x1311,0x1311,
0x1311,0x1311,0x1311,0x1311,0x1311,0x1311,0x1311,0x1311,0x1326,0x1326,0x1326,0x1326,0x1326,0x1326,0x1326,0x1326,
0x1326,0x1326,0x1326,0x1326,0x1326,0x1326,0x1326,0x1326,0x1326,0x1326,0x1326,0x1326,0x1326,0x1326,0x1326,0x1326,
0x1326,0x1326,0x1326,0x1326,0x1326,0x1326,0x1326,0x1326,0x132c,0x132c,0x132c,0x132c,0x132c,0x132c,0x132c,0x132c,
0x132c,0x132c,0x132c,0x132c,0x132c,0x132c,0x132c,0x132c,0x132c,0x132c,0x132c,0x132c,0x132c,0x132c,0x132c,0x132c,
0x132c,0x132c,0x132c,0x132c,0x132c,0x132c,0x132c,0x132c,0x1344,0x1344,0x1344,0x1344,0x1344,0x1344,0x1344,0x1344,
0x1344,0x1344,0x1344,0x1344,0x1344,0x1344,0x1344,0x1344,0x1344,0x1344,0x1344,0x1344,0x1344,0x1344,0x1344,0x1344,
0x1344,0x1344,0x1344,0x1344,0x1344,0x1344,0x1344,0x1344,0x134a,0x134a,0x134a,0x134a,0x134a,0x134a,0x134a,0x134a,
0x134a,0x134a,0x134a,0x134a,0x134a,0x134a,0x134a,0x134a,0x134a,0x134a,0x134a,0x134a,0x134a,0x134a,0x134a,0x134a,
0x134a,0x134a,0x134a,0x134a,0x134a,0x1347,0x1347,0x1347,0x1356,0x1356,0x1356,0x1356,0x1356,0x1356,0x1356,0x1356,
0x1356,0x1356,0x1356,0x1356,0x1356,0x1356,0x1356,0x1356,0x1356,0x1356,0x1356,0x1356,0x1356,0x1356,0x1356,0x1353,
0x1353,0x1353,0x1353,0x1353,0x1353,0x1353,0x1353,0x1353,0x135f,0x135f,0x135f,0x135f,0x135f,0x135f,0x135f,0x135f,
0x135f,0x135f,0x135f,0x135f,0x135f,0x135f,0x135f,0x135f,0x135f,0x135f,0x135f,0x135f,0x135f,0x135f,0x135f,0x135f,
0x135f,0x135f,0x135f,0x135f,0x135f,0x135f,0x135f,0x143a,0x1368,0x1368,0x1368,0x1368,0x1368,0x1368,0x1368,0x1368,
0x1368,0x1368,0x1368,0x1368,0x1368,0x1368,0x1368,0x1368,0x1368,0x1368,0x1368,0x1368,0x1368,0x1368,0x1368,0x1368,
0x1368,0x1368,0x1368,0x1368,0x1368,0x1368,0x1368,0x1368,0x136e,0x136e,0x136e,0x136e,0x136e,0x136e,0x136e,0x136e,
0x136e,0x136e,0x136e,0x136e,0x136e,0x136e,0x136e,0x136e,0x136e,0x136e,0x136e,0x136e,0x136e,0x136e,0x136e,0x136e,
0x136e,0x136e,0x136e,0x136e,0x136e,0x136e,0x136e,0x136e,0x1389,0x1389,0x1389,0x1389,0x1389,0x1389,0x1389,0x1389,
0x1389,0x1389,0x1389,0x1389,0x1386,0x1386,0x1386,0x1443,0x1443,0x1443,0x1386,0x1386,0x1443,0x144c,0x1446,0x1449,
0x138c,0x138c,0x1383,0x138c,0x138c,0x1380,0x15ba,0x1935,0x139b,0x139b,0x139b,0x139b,0x139b,0x139b,0x139b,0x139b,
0x139b,0x139b,0x139b,0x139b,0x139b,0x139b,0x139b,0x139b,0x144f,0x1395,0x1395,0x144f,0x144f,0x144f,0x144f,0x144f,
0x144f,0x1395,0x144f,0x1398,0x1398,0x144f,0x1398,0x144f,0x139b,0x139b,0x139b,0x139b,0x139b,0x139b,0x139b,0x139b,
0x139b,0x139b,0x139b,0x139b,0x139b,0x139b,0x139b,0x139b,0x139b,0x139b,0x139b,0x139b,0x139b,0x139b,0x139b,0x139b,
0x139b,0x139b,0x139b,0x139b,0x139b,0x139b,0x139b,0x139b,0x13a1,0x13a1,0x13a1,0x13a1,0x13a1,0x13a1,0x13a1,0x13a1,
0x13a1,0x13a1,0x13a1,0x13a1,0x13a1,0x13a1,0x13a1,0x13a1,0x13a1,0x13a1,0x13a1,0x13a1,0x13a1,0x13a1,0x13a1,0x13a1,
0x13a1,0x13a1,0x13a1,0x13a1,0x13a1,0x13a1,0x13a1,0x13a1,0x13b6,0x13b6,0x13b6,0x13b6,0x13b6,0x13b6,0x13b6,0x13b6,
0x13b6,0x13b6,0x13b6,0x13b6,0x13b6,0x13b6,0x13b6,0x13b6,0x13b3,0x13b3,0x13b3,0x145b,0x145b,0x145b,0x145b,0x145b,
0x145b,0x145b,0x145b,0x13b3,0x13b3,0x145b,0x13b3,0x145e,0x13b6,0x13b6,0x13b6,0x13b6,0x13b6,0x13b6,0x13b6,0x13b6,
0x13b6,0x13b6,0x13b6,0x13b6,0x13b6,0x13b6,0x13b6,0x13b6,0x13b6,0x13b6,0x13b6,0x13b6,0x13b6,0x13b6,0x13b6,0x13b6,
0x13b6,0x13b6,0x13b6,0x13b6,0x13b6,0x13b6,0x13b6,0x13b6,0x13bc,0x13bc,0x13bc,0x13bc,0x13bc,0x13bc,0x13bc,0x13bc,
0x13bc,0x13bc,0x13bc,0x13bc,0x13bc,0x13bc,0x13bc,0x13bc,0x13bc,0x13bc,0x13bc,0x13bc,0x13bc,0x13bc,0x13bc,0x13bc,
0x13bc,0x13bc,0x13bc,0x13bc,0x13bc,0x13bc,0x13bc,0x13bc,0x13ce,0x13ce,0x13ce,0x13ce,0x13ce,0x13ce,0x13ce,0x13ce,
0x13ce,0x13ce,0x13ce,0x13ce,0x13ce,0x13ce,0x13ce,0x13ce,0x13ce,0x13ce,0x13ce,0x13ce,0x13ce,0x13ce,0x13ce,0x13ce,
0x13ce,0x13ce,0x13ce,0x13ce,0x13ce,0x13ce,0x13ce,0x13ce,0x147f,0x147f,0x147f,0x147f,0x147f,0x147f,0x147f,0x147f,
0x147f,0x185d,0x185d,0x1abe,0x1abe,0x1abe,0x1abe,0x1abe,0x1abe,0x1abe,0x1abe,0x1abe,0x1abe,0x1abe,0x1abe,0x1abe,
0x1abe,0x1abe,0x1abe,0x1abe,0x1abe,0x1abe,0x1abe,0x1abe,0x167a,0x167a,0x167a,0x167a,0x167a,0x167a,0x167a,0x167a,
0x167a,0x167a,0x167a,0x167a,0x1482,0x1482,0x1482,0x1482,0x167a,0x167a,0x167a,0x167a,0x167a,0x167a,0x167a,0x167a,
0x167a,0x167a,0x167a,0x167a,0x167a,0x167a,0x167a,0x1743,0x1488,0x1488,0x1488,0x1488,0x1488,0x1488,0x1488,0x1488,
0x1488,0x1488,0x1488,0x1488,0x1488,0x1488,0x1488,0x1488,0x1488,0x1488,0x1488,0x1488,0x1488,0x1488,0x1488,0x1488,
0x1488,0x1488,0x1488,0x1488,0x1488,0x1488,0x1488,0x1488,0x14a3,0x14a3,0x14a3,0x14a3,0x14a3,0x14a3,0x14a3,0x14a3,
0x14a3,0x14a3,0x14a3,0x14a3,0x14a3,0x14a3,0x14a3,0x14a3,0x14a3,0x14a3,0x14a3,0x14a3,0x14a3,0x14a3,0x14a3,0x14a3,
0x14a3,0x14a3,0x14a3,0x14a3,0x14a3,0x14a3,0x14a3,0x14a3,0x14a6,0x14a6,0x14a6,0x14a6,0x14a6,0x14a6,0x14a6,0x14a6,
0x14a6,0x14a6,0x14a6,0x14a6,0x14a6,0x14a6,0x14a6,0x14a6,0x14a6,0x14a6,0x14a6,0x14a6,0x14a6,0x14a6,0x14a6,0x14a6,
0x14a6,0x14a6,0x14a6,0x14a6,0x14a6,0x14a6,0x14a6,0x14a6,0x14a9,0x14a9,0x14a9,0x14a9,0x14a9,0x14a9,0x14a9,0x14a9,
0x14a9,0x14a9,0x14a9,0x14a9,0x14a9,0x14a9,0x14a9,0x14a9,0x14a9,0x14a9,0x14a9,0x14a9,0x14a9,0x14a9,0x14a9,0x14a9,
0x14a9,0x14a9,0x14a9,0x14a9,0x14a9,0x14a9,0x14a9,0x14a9,0x14ac,0x14ac,0x14ac,0x14ac,0x14ac,0x14ac,0x14ac,0x14ac,
0x14ac,0x14ac,0x14ac,0x14ac,0x14ac,0x14ac,0x14ac,0x14ac,0x14ac,0x14ac,0x14ac,0x14ac,0x14ac,0x14ac,0x14ac,0x14ac,
0x14ac,0x14ac,0x14ac,0x14ac,0x14ac,0x14ac,0x14ac,0x14ac,0x150f,0x150f,0x150f,0x150f,0x150f,0x150f,0x150f,0x150f,
0x150f,0x150f,0x150f,0x150f,0x150f,0x150f,0x150f,0x150f,0x150f,0x150f,0x150f,0x150f,0x150f,0x150f,0x150f,0x14ac,
0x14ac,0x14ac,0x14ac,0x150f,0x150f,0x150f,0x150f,0x150f,0x150f,0x150f,0x150f,0x150f,0x150f,0x150f,0x150f,0x150f,
0x150f,0x14ac,0x14ac,0x14ac,0x14ac,0x14ac,0x14ac,0x14ac,0x14ac,0x150f,0x14ac,0x14ac,0x14ac,0x14ac,0x14ac,0x14ac,
0x14ac,0x14ac,0x14ac,0x14ac,0x14b8,0x14b8,0x14b8,0x14b8,0x14b8,0x14b8,0x14b8,0x14b8,0x14b8,0x14b8,0x14b8,0x14b8,
0x14b8,0x14b8,0x14b8,0x14b8,0x14b8,0x14b8,0x14b8,0x14b8,0x14b8,0x14b8,0x14b8,0x14b8,0x14b8,0x14b8,0x14b8,0x14b8,
0x14b8,0x14b8,0x14b8,0x14b8,0x14c7,0x14c7,0x14c7,0x14c7,0x14c7,0x14c7,0x14c7,0x14c7,0x14c7,0x14c7,0x14c7,0x14c7,
0x14c7,0x14c7,0x14c7,0x14c7,0x14c7,0x14c7,0x14c7,0x14c7,0x14c7,0x14c7,0x14c7,0x14c7,0x14c7,0x14c7,0x14c7,0x14c7,
0x14c7,0x14c7,0x14c7,0x14c7,0x14c7,0x14c7,0x14cd,0x14ca,0x14c7,0x14c7,0x14c7,0x14c7,0x14c7,0x14c7,0x14c7,0x14c7,
0x14c7,0x14c7,0x14c7,0x14c7,0x14c7,0x14c7,0x14c7,0x14c7,0x15d8,0x15d8,0x15d8,0x15d8,0x15d8,0x15d8,0x15d8,0x15d8,
0x15d8,0x15d8,0x15d8,0x15d8,0x1821,0x17a9,0x17a9,0x17ac,0x14f4,0x14f4,0x14f4,0x14f4,0x14f4,0x14f4,0x14f4,0x14f4,
0x14f7,0x159f,0x159f,0x159f,0x159f,0x159f,0x159f,0x1623,0x14f4,0x14f4,0x14f4,0x14f4,0x14f4,0x159c,0x159c,0x159c,
0x159c,0x159c,0x159c,0x159c,0x159c,0x159c,0x159c,0x159c,0x159c,0x159c,0x1620,0x1620,0x1620,0x1620,0x1620,0x1620,
0x16fb,0x16fb,0x16fb,0x16fb,0x16fb,0x16fb,0x16fb,0x16fb,0x14f4,0x16fb,0x16fb,0x17a9,0x17a9,0x17a9,0x17a9,0x17a9,
0x17a9,0x17a9,0x17a9,0x181e,0x18d5,0x17ac,0x17ac,0x17ac,0x1620,0x1623,0x1623,0x1623,0x1623,0x1623,0x1623,0x1623,
0x1623,0x1623,0x1623,0x1623,0x1623,0x1623,0x1620,0x1620,0x14fa,0x14fa,0x14fa,0x14fa,0x14fa,0x14fa,0x14fa,0x14fa,
0x14fa,0x14fa,0x14fa,0x14fa,0x14fa,0x14fa,0x14fa,0x14fa,0x14fa,0x14fa,0x14fa,0x14fa,0x14fa,0x14fa,0x14fa,0x14fa,
0x14fa,0x14fa,0x14fa,0x14fa,0x14fa,0x14fa,0x14fa,0x14fa,0x150f,0x150f,0x150f,0x150f,0x150f,0x150f,0x150f,0x150f,
0x150f,0x150f,0x150f,0x150f,0x150f,0x150f,0x150f,0x150f,0x150f,0x150f,0x150f,0x150f,0x150f,0x150f,0x150f,0x150f,
0x150f,0x150f,0x150f,0x150f,0x150f,0x150f,0x150f,0x150f,0x159c,0x159c,0x159c,0x159c,0x159c,0x159c,0x159f,0x159c,
0x1620,0x1620,0x1620,0x1620,0x1620,0x1620,0x1620,0x1620,0x159f,0x1623,0x1623,0x159f,0x159f,0x159f,0x159f,0x159f,
0x159f,0x159f,0x159c,0x1527,0x159f,0x159f,0x159f,0x17a9,0x159c,0x159c,0x159c,0x159c,0x159c,0x159c,0x1527,0x159c,
0x159c,0x159c,0x159c,0x159c,0x1620,0x16fb,0x16fb,0x16fb,0x159c,0x159c,0x159c,0x159c,0x159c,0x159c,0x159c,0x159c,
0x159c,0x159c,0x159c,0x159c,0x159c,0x159c,0x159c,0x1620,0x1557,0x1557,0x1554,0x1554,0x1554,0x1554,0x1554,0x1554,
0x1554,0x1554,0x1554,0x1554,0x1554,0x1554,0x1554,0x1554,0x1554,0x1554,0x1554,0x1554,0x1554,0x1554,0x1554,0x1554,
0x1554,0x1554,0x1554,0x1554,0x1554,0x1554,0x1554,0x1554,0x1557,0x1557,0x1557,0x1557,0x1557,0x1557,0x1557,0x1557,
0x1557,0x1557,0x1557,0x1557,0x1557,0x1557,0x1557,0x1557,0x1557,0x1557,0x1557,0x1557,0x1557,0x1557,0x1557,0x1557,
0x1557,0x1557,0x1557,0x1557,0x1557,0x1557,0x1557,0x1557,0x158a,0x158a,0x158a,0x158a,0x158a,0x158a,0x158a,0x158a,
0x158a,0x158a,0x158a,0x158a,0x158a,0x158a,0x158a,0x158a,0x158a,0x158a,0x158a,0x158a,0x158a,0x1587,0x1587,0x1587,
0x15cf,0x15cf,0x15cf,0x15cf,0x15cf,0x15cf,0x15cf,0x15cf,0x158a,0x158a,0x158a,0x158a,0x158a,0x158a,0x158a,0x158a,
0x158a,0x158a,0x158a,0x158a,0x158a,0x158a,0x158a,0x158a,0x158a,0x158a,0x158a,0x158a,0x158a,0x158a,0x158a,0x158a,
0x158a,0x158a,0x158a,0x158a,0x158a,0x158a,0x158a,0x158a,0x15a5,0x15a5,0x15a5,0x15a5,0x15a5,0x15a5,0x15a5,0x15a5,
0x15a5,0x15a5,0x15a5,0x15a5,0x15a5,0x15a5,0x15a5,0x15a5,0x15a5,0x15a5,0x15a5,0x15a5,0x15a5,0x15a5,0x15a5,0x15a5,
0x15a5,0x15a5,0x15a5,0x15a5,0x15a5,0x15a5,0x15a5,0x15a5,0x15a5,0x1707,0x1707,0x1707,0x1707,0x1707,0x17bb,0x17bb,
0x17bb,0x17bb,0x17bb,0x17bb,0x1aa3,0x1aa3,0x1aa3,0x1aa3,0x1aa3,0x1aa3,0x1aa3,0x1aa3,0x15a5,0x15a5,0x15a5,0x15a5,
0x15a5,0x15a5,0x15a5,0x15a5,0x15a5,0x15a5,0x15a5,0x15a5,0x15a5,0x15a5,0x15a5,0x15a5,0x15a5,0x15a5,0x15a5,0x182a,
0x182a,0x182a,0x182a,0x182a,0x182a,0x182a,0x182a,0x182a,0x182a,0x182a,0x182a,0x182a,0x17e2,0x17e2,0x17e2,0x17df,
0x17df,0x17df,0x17df,0x17e2,0x1875,0x1878,0x18f3,0x18f3,0x18f3,0x18f3,0x18f3,0x18f3,0x18f3,0x18f3,0x18f3,0x1710,
0x15b1,0x15b1,0x15b1,0x15b1,0x15b1,0x15b1,0x15b1,0x15b1,0x15b1,0x15b1,0x15b1,0x15b1,0x1635,0x1635,0x1635,0x1635,
0x177f,0x177f,0x1608,0x1608,0x1608,0x1608,0x1656,0x1656,0x1656,0x1656,0x1656,0x1656,0x1656,0x1656,0x1656,0x1656,
0x1656,0x1656,0x1656,0x1605,0x1659,0x1668,0x15fc,0x160b,0x160b,0x16b0,0x15ff,0x15ff,0x1638,0x1638,0x1638,0x1638,
0x1638,0x1638,0x1638,0x1638,0x1638,0x1638,0x1638,0x1638,0x1638,0x1638,0x1638,0x1638,0x1638,0x1638,0x1638,0x165c,
0x1662,0x165f,0x165f,0x165f,0x165f,0x1617,0x166e,0x165f,0x165f,0x165f,0x165f,0x1614,0x1620,0x1620,0x1620,0x1620,
0x1620,0x1620,0x1620,0x1620,0x1620,0x1620,0x1620,0x1620,0x16fb,0x16fb,0x16fb,0x16fb,0x16fb,0x17a9,0x181e,0x16fb,
0x16fb,0x16fb,0x16fb,0x1821,0x181e,0x18d5,0x16fb,0x17a9,0x16fb,0x16fb,0x16fb,0x16fb,0x1620,0x1620,0x1620,0x1620,
0x1620,0x1620,0x1620,0x16fb,0x16fb,0x16fb,0x16fb,0x16fb,0x16fb,0x16fb,0x16fb,0x16fb,0x16fb,0x16fb,0x16fb,0x16fb,
0x16fb,0x16fb,0x16fb,0x16fb,0x16fb,0x16fb,0x16fb,0x16fb,0x16fb,0x16fb,0x16fb,0x16fb,0x1629,0x1629,0x1629,0x1629,
0x1629,0x1629,0x1629,0x1629,0x1629,0x1629,0x1629,0x1704,0x1704,0x1704,0x1704,0x1704,0x1827,0x1827,0x1827,0x1827,
0x1827,0x1827,0x1827,0x1827,0x1827,0x1827,0x1827,0x1827,0x1827,0x18db,0x18db,0x18db,0x1629,0x1629,0x1629,0x1629,
0x1629,0x1629,0x1629,0x1629,0x1629,0x1629,0x1629,0x1629,0x1629,0x1629,0x1629,0x1629,0x1629,0x1629,0x1629,0x1629,
0x1629,0x1629,0x1629,0x1629,0x1629,0x1629,0x1629,0x1629,0x1629,0x1629,0x1629,0x1629,0x162c,0x162c,0x162c,0x162c,
0x162c,0x162c,0x162c,0x162c,0x162c,0x162c,0x162c,0x162c,0x162c,0x162c,0x162c,0x162c,0x162c,0x162c,0x162c,0x162c,
0x162c,0x162c,0x162c,0x162c,0x162c,0x162c,0x162c,0x162c,0x162c,0x162c,0x162c,0x162c,0x162c,0x162c,0x162c,0x18de,
0x162f,0x162f,0x162f,0x162f,0x162f,0x162f,0x162f,0x162f,0x162f,0x162f,0x162f,0x162f,0x162f,0x162f,0x162f,0x162f,
0x162f,0x162f,0x162f,0x162f,0x162f,0x162f,0x162f,0x162f,0x162f,0x162f,0x162f,0x162f,0x162f,0x162f,0x162f,0x162f,
0x1635,0x1635,0x1635,0x1635,0x1635,0x1635,0x1635,0x1635,0x1635,0x1635,0x1635,0x1635,0x1635,0x1635,0x1635,0x1635,
0x1635,0x1635,0x1635,0x1635,0x1635,0x1635,0x1635,0x1635,0x1635,0x1635,0x1635,0x1635,0x1635,0x1635,0x1635,0x1635,
0x1638,0x165f,0x165f,0x165f,0x165f,0x165f,0x165f,0x165f,0x165f,0x165f,0x165f,0x1638,0x1638,0x1638,0x1638,0x1638,
0x1638,0x1638,0x1638,0x1638,0x1638,0x1638,0x1638,0x1638,0x1638,0x1638,0x1638,0x1638,0x1638,0x1638,0x1638,0x1638,
0x1671,0x1671,0x1671,0x1671,0x1671,0x1671,0x1671,0x1671,0x1671,0x1671,0x1671,0x1671,0x1671,0x1671,0x1671,0x1671,
0x1671,0x1671,0x1671,0x1671,0x1671,0x1671,0x1671,0x1671,0x1671,0x1671,0x1671,0x1671,0x1671,0x1671,0x1671,0x1671,
0x16b9,0x16b9,0x16b9,0x16b9,0x16b9,0x16b9,0x16b9,0x16b9,0x16b9,0x16b9,0x16b9,0x16b9,0x16b9,0x16b9,0x16b9,0x16b9,
0x16b9,0x16b9,0x16b9,0x16b9,0x16b9,0x16b9,0x16b9,0x16b9,0x16b9,0x16b9,0x16b9,0x16b9,0x16b9,0x16b9,0x16b9,0x16b9,
0x16d7,0x16d7,0x16d7,0x16d7,0x16d7,0x16d7,0x16d7,0x16d7,0x16d7,0x16d7,0x16d7,0x16d7,0x16d7,0x16d7,0x16d7,0x16d7,
0x16d7,0x16d7,0x16d7,0x16d7,0x16d7,0x16d7,0x16d7,0x16d7,0x16d7,0x16d7,0x16d7,0x16d7,0x16d7,0x16d7,0x16d7,0x16d7,
0x16da,0x16da,0x16da,0x16da,0x16da,0x16da,0x16da,0x16da,0x16da,0x16da,0x16da,0x16da,0x16da,0x16da,0x16da,0x16da,
0x16da,0x16da,0x16da,0x16da,0x16da,0x16da,0x16da,0x16da,0x16da,0x16da,0x16da,0x16da,0x16da,0x16da,0x16da,0x16da,
0x16e3,0x16e3,0x16e3,0x16e3,0x16e3,0x16e3,0x16e3,0x16e3,0x16e3,0x16e3,0x16e3,0x16e3,0x16e3,0x16e3,0x16e3,0x16e3,
0x16e3,0x16e3,0x16e3,0x16e3,0x16e3,0x16e3,0x16e3,0x16e3,0x16e3,0x16e3,0x16e3,0x16e3,0x16e3,0x16e3,0x16e3,0x16e3,
0x16f5,0x16f5,0x16f5,0x16f5,0x16f5,0x16f5,0x16f5,0x16f5,0x16f5,0x16f5,0x16f5,0x16f5,0x16f5,0x16f5,0x16f5,0x16f5,
0x16f5,0x16f5,0x16f5,0x16f5,0x16f5,0x16f5,0x16f5,0x16f5,0x16f5,0x16f5,0x16f5,0x16f5,0x16f5,0x16f2,0x16f2,0x16f2,
0x16fb,0x16fb,0x16fb,0x181e,0x181e,0x17a9,0x17a9,0x17a9,0x17a9,0x17a9,0x17a9,0x181e,0x181e,0x181e,0x17a9,0x17a9,
0x16fb,0x16fb,0x16fb,0x16fb,0x16fb,0x16fe,0x16fe,0x16fb,0x16fe,0x16fe,0x17a9,0x17ac,0x17a9,0x17a9,0x17a9,0x17a9,
0x173d,0x173d,0x173d,0x173d,0x173d,0x173d,0x173d,0x173d,0x173d,0x173d,0x173d,0x173d,0x173d,0x173d,0x173d,0x173d,
0x173d,0x173d,0x173d,0x173d,0x173d,0x173d,0x173d,0x173d,0x173d,0x173d,0x173d,0x173d,0x173d,0x173d,0x173d,0x173d,
0x175b,0x175b,0x175b,0x175b,0x175b,0x175b,0x175b,0x175b,0x175b,0x175b,0x175b,0x175b,0x175b,0x175b,0x175b,0x175b,
0x17a6,0x17a6,0x175b,0x17a6,0x175b,0x175b,0x175b,0x175b,0x175b,0x175b,0x175b,0x175b,0x175b,0x1761,0x1761,0x1761,
0x178b,0x178b,0x178b,0x178b,0x178b,0x178b,0x178b,0x178b,0x178b,0x178b,0x178b,0x178b,0x178b,0x178b,0x178b,0x178b,
0x178b,0x178b,0x178b,0x178b,0x178b,0x178b,0x178b,0x178b,0x178b,0x178b,0x178b,0x178b,0x178b,0x178b,0x178b,0x178b,
0x17a0,0x17a0,0x17a0,0x17a0,0x17a0,0x17a0,0x17a0,0x17a0,0x17a0,0x17a0,0x17a0,0x17a0,0x17a0,0x17a0,0x17a0,0x17a0,
0x17a0,0x17a0,0x17a0,0x17a0,0x17a0,0x17a0,0x17a0,0x17a0,0x17a0,0x17a0,0x17a0,0x17a0,0x17a0,0x17a0,0x17a0,0x17a0,
0x17a9,0x17a9,0x17a9,0x181e,0x181e,0x181e,0x181e,0x194d,0x194d,0x1a0a,0x1a97,0x1b09,0x1b09,0x1b09,0x1a97,0x1a0a,
0x17a9,0x17a9,0x17a9,0x17a9,0x17a9,0x17a9,0x181e,0x181e,0x181e,0x181e,0x181e,0x181e,0x181e,0x181e,0x181e,0x181e,
0x17d3,0x17d3,0x17d3,0x17d3,0x17d3,0x17d3,0x17d3,0x17d3,0x17d3,0x17d3,0x17d3,0x17d3,0x17d3,0x17d3,0x17d3,0x17d3,
0x17d3,0x17d3,0x17d3,0x17d3,0x17d3,0x17d3,0x17d3,0x17d3,0x17d3,0x17d3,0x17d3,0x17d3,0x17d3,0x17d3,0x17d3,0x17d3,
0x17d3,0x17d3,0x17d3,0x1986,0x1986,0x1986,0x1986,0x1986,0x1986,0x1986,0x1986,0x1986,0x1986,0x1986,0x1986,0x1986,
0x1986,0x1986,0x1986,0x1986,0x1986,0x1986,0x1986,0x1986,0x181b,0x181b,0x181b,0x181b,0x181b,0x181b,0x181b,0x181b,
0x181b,0x181b,0x181b,0x181b,0x181b,0x181b,0x181b,0x181b,0x181b,0x181b,0x181b,0x181b,0x181b,0x181b,0x181b,0x181b,
0x181b,0x181b,0x181b,0x181b,0x181b,0x181b,0x181b,0x181b,0x181e,0x181e,0x181e,0x181e,0x181e,0x181e,0x181e,0x181e,
0x181e,0x18d5,0x18d5,0x18d5,0x18d5,0x194d,0x194d,0x194d,0x181e,0x181e,0x181e,0x181e,0x181e,0x181e,0x181e,0x18d5,
0x18d5,0x18d5,0x18d5,0x194d,0x194d,0x194d,0x1a0a,0x194d,0x1827,0x1827,0x1827,0x1827,0x1827,0x1827,0x1827,0x1827,
0x1827,0x1827,0x1827,0x1827,0x1827,0x1827,0x1827,0x1827,0x1827,0x1827,0x1827,0x1827,0x1827,0x1827,0x1827,0x1827,
0x1827,0x1827,0x1827,0x1827,0x1827,0x1827,0x1827,0x1827,0x182a,0x182a,0x182a,0x182a,0x182a,0x182a,0x182a,0x182a,
0x182a,0x1aa3,0x1aa3,0x1aa3,0x1aa3,0x1aa3,0x1aa3,0x1aa3,0x1aa3,0x1aa3,0x1aa3,0x1aa3,0x1aa3,0x1aa3,0x1aa3,0x1aa3,
0x1aa3,0x1aa3,0x1aa3,0x1aa3,0x1aa3,0x1aa3,0x1aa3,0x1b21,0x182d,0x182d,0x182d,0x182d,0x182d,0x182d,0x182d,0x182d,
0x182d,0x182d,0x182d,0x182d,0x182d,0x182d,0x182d,0x182d,0x182d,0x182d,0x182d,0x182d,0x182d,0x182d,0x182d,0x182d,
0x182d,0x182d,0x182d,0x182d,0x182d,0x182d,0x182d,0x182d,0x1836,0x18f0,0x18f0,0x18f0,0x18f0,0x18f0,0x18f0,0x18f0,
0x18f0,0x18f0,0x18f0,0x18f0,0x18ea,0x18ea,0x18ea,0x1aa6,0x1aa6,0x1aa6,0x1aa6,0x1aa6,0x1aa6,0x1aa6,0x1aa6,0x1aa6,
0x1aa6,0x1aa6,0x1aa6,0x1aa6,0x1aa6,0x1aa6,0x1b39,0x1b39,0x185d,0x185d,0x185d,0x185d,0x185d,0x185d,0x185d,0x185d,
0x185d,0x185d,0x185d,0x185d,0x185d,0x185d,0x185d,0x185d,0x185d,0x185d,0x185d,0x185d,0x185d,0x185d,0x185d,0x185d,
0x185d,0x185d,0x185d,0x185d,0x185d,0x185d,0x185d,0x185d,0x188d,0x188d,0x188d,0x188d,0x188d,0x188d,0x188d,0x188d,
0x188d,0x188d,0x1890,0x188d,0x188d,0x188d,0x188d,0x188d,0x188d,0x188d,0x188d,0x188d,0x188d,0x188d,0x188d,0x188d,
0x188d,0x188d,0x188d,0x188d,0x188d,0x188d,0x188d,0x1ae2,0x18bd,0x18bd,0x18bd,0x18bd,0x18bd,0x18bd,0x18bd,0x18bd,
0x18bd,0x18bd,0x18bd,0x18bd,0x18bd,0x18bd,0x18bd,0x18bd,0x18bd,0x18bd,0x18bd,0x18bd,0x18bd,0x18bd,0x18bd,0x18bd,
0x18bd,0x18bd,0x18bd,0x18bd,0x18bd,0x18bd,0x18bd,0x18bd,0x18c9,0x18c9,0x18c9,0x18c9,0x18c9,0x18c9,0x18c9,0x18c9,
0x18c9,0x18c9,0x18c9,0x18c9,0x18c9,0x18c9,0x18c9,0x18c9,0x18c9,0x18c9,0x18c9,0x18c9,0x18c9,0x18c9,0x18c9,0x18c9,
0x18c9,0x18c9,0x18c9,0x18c9,0x18c9,0x18c9,0x18c9,0x18c9,0x18ed,0x18ed,0x18ed,0x18ed,0x18ed,0x18ed,0x18ed,0x18ed,
0x18ed,0x18ed,0x18ed,0x18ed,0x18ed,0x18ed,0x18ed,0x18ed,0x18ed,0x18ed,0x18ed,0x18ed,0x18ed,0x18ed,0x18ed,0x18ed,
0x18ed,0x18ed,0x18ed,0x18ed,0x18ed,0x18ed,0x18ed,0x18ed,0x191a,0x191a,0x191a,0x191a,0x191a,0x191a,0x191a,0x191a,
0x191a,0x191a,0x191a,0x191a,0x191a,0x191a,0x191a,0x191a,0x191a,0x1917,0x1917,0x1917,0x1917,0x1917,0x1917,0x1917,
0x1917,0x1917,0x1917,0x1917,0x1917,0x1917,0x1917,0x1917,0x1ae2,0x1ae2,0x1ae2,0x1ae2,0x1ae2,0x1923,0x1923,0x1923,
0x1923,0x1923,0x1923,0x1ae2,0x1ae2,0x1ae2,0x1ae2,0x1ae2,0x1ae2,0x1ae2,0x1ae2,0x1ae2,0x1ae2,0x1ae2,0x1ae2,0x1ae2,
0x1ae2,0x1ae2,0x1ae2,0x1ae2,0x1ae2,0x1ae2,0x1ae2,0x1ae2,0x1953,0x1953,0x1953,0x1953,0x1953,0x1953,0x1953,0x1953,
0x1953,0x1953,0x1953,0x1953,0x1953,0x1953,0x1953,0x1953,0x1953,0x1953,0x1953,0x1953,0x1953,0x1953,0x1953,0x1953,
0x1953,0x1953,0x1953,0x1953,0x1953,0x1953,0x1953,0x1953,0x197d,0x197d,0x197d,0x197d,0x197d,0x197d,0x197d,0x197d,
0x197d,0x197d,0x197d,0x197d,0x197d,0x197d,0x197d,0x197d,0x197d,0x197d,0x197d,0x197d,0x197d,0x197d,0x197d,0x197d,
0x197d,0x197d,0x197d,0x197d,0x197d,0x197d,0x197d,0x197d,0x1986,0x1986,0x1986,0x1986,0x1986,0x1986,0x1986,0x1986,
0x1986,0x1986,0x1986,0x1986,0x1986,0x1986,0x1986,0x1986,0x1986,0x1986,0x1986,0x1986,0x1986,0x1986,0x1986,0x1986,
0x1986,0x1986,0x1986,0x1986,0x1986,0x1986,0x1986,0x1986,0x1986,0x1986,0x1989,0x1989,0x1989,0x1989,0x1989,0x1989,
0x1989,0x1989,0x1989,0x1989,0x19a7,0x19a7,0x19a7,0x19a7,0x19a7,0x19a7,0x19a7,0x19a7,0x19a7,0x19a7,0x19a7,0x19a7,
0x19a7,0x19a7,0x19a7,0x19a7,0x19a7,0x19a7,0x19a7,0x19a7,0x19a7,0x19a7,0x19a7,0x19a7,0x19a7,0x19a7,0x19a7,0x19a7,
0x19a7,0x19a7,0x19a7,0x19a7,0x19b0,0x19b0,0x19b0,0x19b0,0x19b0,0x19b0,0x19b0,0x19b0,0x19b0,0x19b0,0x19b6,0x19b6,
0x19b6,0x19b6,0x19bf,0x19b6,0x19b9,0x19b9,0x19b9,0x19b9,0x19b9,0x19b9,0x19b9,0x19b9,0x19b9,0x19b9,0x19b9,0x19b9,
0x19b9,0x19b9,0x19b9,0x19b9,0x19c8,0x19c8,0x19c8,0x19c8,0x19c8,0x19c8,0x19c8,0x19c8,0x19c8,0x19c8,0x19c8,0x19c8,
0x19c8,0x19c8,0x19c8,0x19c8,0x19c8,0x19c8,0x19c8,0x19c8,0x19c8,0x19c8,0x19c8,0x19c8,0x19c8,0x19c8,0x19c8,0x19c8,
0x19c8,0x19c8,0x1a2e,0x1a2e,0x19d1,0x19d1,0x19d1,0x19d1,0x19d1,0x19d1,0x19d1,0x19d1,0x19d1,0x19d1,0x19d1,0x19d1,
0x19d1,0x19d1,0x19d1,0x19d1,0x19d1,0x19d1,0x19d1,0x19d1,0x19d1,0x19d1,0x19d1,0x19d1,0x19d1,0x19d1,0x19d1,0x19d1,
0x19d1,0x19d1,0x19d1,0x19d1,0x19ef,0x19ef,0x19ef,0x19ef,0x19ef,0x19ef,0x19ef,0x19ef,0x19ef,0x19ef,0x19ef,0x19ef,
0x19ef,0x19ef,0x19ef,0x19ef,0x19ef,0x19ef,0x19ef,0x19ef,0x19ef,0x19ef,0x19ef,0x19ef,0x19ef,0x19ef,0x19ef,0x19ef,
0x19ef,0x19ef,0x19ef,0x19ef,0x19f2,0x19f2,0x19f2,0x19f2,0x19f2,0x19f2,0x19f2,0x19f2,0x19f2,0x19f5,0x19f2,0x19f2,
0x19f2,0x19f2,0x19f2,0x19f2,0x19f2,0x19f2,0x19f2,0x19f2,0x19f2,0x19f2,0x19f2,0x19f2,0x19f2,0x19f2,0x19f2,0x19f2,
0x19f2,0x19f2,0x19f2,0x19f2,0x1aa0,0x1aa0,0x1aa0,0x1aa0,0x1aa0,0x1aa0,0x1aa0,0x1aa0,0x1aa0,0x1aa0,0x1aa0,0x1aa0,
0x1aa0,0x1aa0,0x1aa0,0x1aa0,0x1aa0,0x1aa0,0x1aa0,0x1aa0,0x1aa0,0x1aa0,0x1aa0,0x1aa0,0x1aa0,0x1aa0,0x1aa0,0x1aa0,
0x1aa0,0x1aa0,0x1aa0,0x1aa0,0x1aa3,0x1aa3,0x1aa3,0x1aa3,0x1aa3,0x1aa3,0x1aa3,0x1aa3,0x1aa3,0x1aa3,0x1aa3,0x1aa3,
0x1aa3,0x1aa3,0x1aa3,0x1aa3,0x1aa3,0x1aa3,0x1aa3,0x1aa3,0x1aa3,0x1aa3,0x1aa3,0x1aa3,0x1aa3,0x1aa3,0x1aa3,0x1aa3,
0x1aa3,0x1aa3,0x1aa3,0x1aa3,0x1ab8,0x1ab8,0x1ab8,0x1ab8,0x1ab8,0x1ab8,0x1ab8,0x1ab8,0x1ab8,0x1ab8,0x1ab8,0x1ab8,
0x1ab8,0x1ab8,0x1ab8,0x1ab8,0x1ab8,0x1ab8,0x1ab8,0x1ab8,0x1ab8,0x1ab8,0x1ab8,0x1ab8,0x1ab8,0x1ab8,0x1ab8,0x1ab8,
0x1ab8,0x1ab8,0x1ab8,0x1ab8,0x1afd,0x1afd,0x1afd,0x1afd,0x1afd,0x1afd,0x1afd,0x1afd,0x1afd,0x1afd,0x1afd,0x1afd,
0x1afd,0x1afd,0x1afd,0x1afd,0x1afd,0x1afd,0x1afd,0x1adc,0x1adc,0x1afd,0x1afd,0x1afd,0x1afd,0x1afd,0x1afd,0x1afd,
0x1afd,0x1afd,0x1afd,0x1afd,0x1ae5,0x1ae2,0x1ae2,0x1ae2,0x1ae2,0x1ae2,0x1ae2,0x1ae2,0x1ae5,0x1ae2,0x1ae5,0x1ae2,
0x1ae2,0x1ae5,0x1ae2,0x1ae2,0x1ae2,0x1ae5,0x1ae2,0x1ae2,0x1ae2,0x1ae2,0x1ae2,0x1ae2,0x1ae2,0x1ae2,0x1af1,0x1af1,
0x1af1,0x1af1,0x1af1,0x1af1,0x1af1,0x1af1,0x1af1,0x1ae2,0x1aee,0x1ae8,0x1aee,0x1ae8,0x1aee,0x1ae8,0x1aee,0x1ae8,
0x1ae8,0x1ae8,0x1aee,0x1ae8,0x1aee,0x1ae8,0x1aee,0x1ae8,0x1aee,0x1ae8,0x1aee,0x1ae8,0x1aee,0x1ae8,0x1aee,0x1ae8,
0x1b06,0x1b06,0x1b06,0x1b06,0x1b06,0x1b06,0x1b06,0x1b00,0x1b00,0x1b00,0x1b00,0x1b00,0x1b06,0x1b06,0x1b00,0x1b00,
0x1b00,0x1b00,0x1b00,0x1b00,0x1b00,0x1b00,0x1b00,0x1b00,0x1b00,0x1b00,0x1b06,0x1b06,0x1b06,0x1b06,0x1b06,0x1b06,
0x1b03,0x1b03,0x1b03,0x1b03,0x1b03,0x1b03,0x1b03,0x1b03,0x1b03,0x1b03,0x1b03,0x1b03,0x1b00,0x1b00,0x1b00,0x1b00,
0x1b00,0x1b00,0x1b00,0x1b00,0x1b00,0x1b00,0x1b00,0x1b00,0x1b00,0x1b00,0x1b00,0x1b00,0x1b00,0x1b00,0x1b00,0x1b00,
0x1b00,0x1b00,0x1b00,0x1b00,0x1b00,0x1b00,0x1b00,0x1b00,0x1b00,0x1b00,0x1b00,0x1b00,0x1b06,0x1b06,0x1b06,0x1b06,
0x1b06,0x1b06,0x1b06,0x1b06,0x1b03,0x1b03,0x1b03,0x1b03,0x1b03,0x1b03,0x1b03,0x1b03,0x1b03,0x1b03,0x1b03,0x1b03,
0x1b03,0x1b03,0x1b03,0x1b03,0x1b03,0x1b03,0x1b03,0x1b03,0x1b03,0x1b03,0x1b03,0x1b03,0x1b03,0x1b03,0x1b03,0x1b03,
0x1b03,0x1b03,0x1b03,0x1b03,0x1b06,0x1b06,0x1b06,0x1b06,0x1b06,0x1b06,0x1b06,0x1b06,0x1b06,0x1b06,0x1b06,0x1b06,
0x1b06,0x1b06,0x1b06,0x1b06,0x1b06,0x1b06,0x1b06,0x1b06,0x1b06,0x1b06,0x1b06,0x1b06,0x1b06,0x1b06,0x1b06,0x1b06,
0x1b06,0x1b06,0x1b06,0x1b06,0x1b1e,0x1b1e,0x1b1e,0x1b1e,0x1b1e,0x1b1e,0x1b1e,0x1b1e,0x1b1e,0x1b1e,0x1b1e,0x1b1e,
0x1b1e,0x1b1e,0x1b1e,0x1b1e,0x1b1e,0x1b1e,0x1b1e,0x1b1e,0x1b1e,0x1b1e,0x1b1e,0x1b1e,0x1b1e,0x1b1e,0x1b1e,0x1b1e,
0x1b1e,0x1b1e,0x1b1e,0x1b1e,0x1b27,0x1b27,0x1b27,0x1b27,0x1b27,0x1b27,0x1b27,0x1b27,0x1b27,0x1b27,0x1b27,0x1b27,
0x1b27,0x1b27,0x1b27,0x1b27,0x1b27,0x1b27,0x1b27,0x1b27,0x1b27,0x1b27,0x1b27,0x1b27,0x1b27,0x1b27,0x1b27,0x1b27,
0x1b27,0x1b27,0x1b27,0x1b27,0,0,0,0
};

static const UTrie2 propsVectorsTrie={
    propsVectorsTrie_index,
    propsVectorsTrie_index+6044,
    nullptr,
    6044,
    37820,
    0xa40,
    0x181c,
    0x0,
    0x0,
    0x110000,
    0xab54,
    nullptr, 0, false, false, 0, nullptr
};

static const uint32_t propsVectors[6996]={
0x67,0,0,0x67,0,0xe00000,0x67,0,0x1600000,0x67,0x80000,0x20,0x67,0x20000000,0,0x5067,
0,0xe00000,0x5000000,0,0x900020,0x5000000,0x80000,0xc4918820,0x5000000,0x80000,0xc5c18020,0x5000000,0x80000,0xc5e18820,0x5000000,0x180000,
0xc0918820,0x5000000,0x4000000,0x4100000,0x5000000,0x4000000,0x4200000,0x5000000,0x4000000,0x5500000,0x5000000,0x4000000,0x5600000,0x5000000,0x4000000,0xc200000,
0x5000000,0x4000000,0xc8100003,0x5000000,0x4000000,0xc8100006,0x5000000,0x4000000,0xc8200002,0x5000000,0x4000000,0xc8200006,0x5000000,0x4000000,0xc820000e,0x5000000,
0x4000000,0xc820000f,0x5000000,0x4000000,0xc9600002,0x5000000,0x4000001,0xc8445801,0x5000000,0x4000001,0xc8445802,0x5000000,0x4000001,0xc8c4000b,0x5000000,0x4000010,
0xc9071401,0x5000000,0x4000020,0x4200000,0x5000000,0x4000020,0xc820000e,0x5000000,0x4000020,0xc820000f,0x5000000,0x4000020,0xc881000e,0x5000000,0x4000020,0xc881000f,
0x5000000,0x4000020,0xc941000e,0x5000000,0x4000020,0xc941000f,0x5000000,0x4000022,0xc820000e,0x5000000,0x4000022,0xc820000f,0x5000000,0x4000400,0x4200400,0x5000000,
0x4000400,0xc8200001,0x5000000,0x4000400,0xc8200002,0x5000000,0x6800000,0x10201c00,0x5000000,0x6800010,0xc9001001,0x5000000,0x6800020,0x10201c00,0x5000000,0x7c00000,
0x10200000,0x5000000,0x7c00020,0x10200000,0x5000000,0x7c00100,0xc8220402,0x5000000,0x7c00120,0xc8220405,0x5000000,0x7c00120,0xc8230402,0x5000000,0x7c00120,0xc8250402,
0x5000000,0x7c00120,0xc8250405,0x5000000,0x7c00500,0x10220400,0x5000000,0x7c00500,0x10230400,0x5000000,0x7c00500,0x10530400,0x5000000,0x7c00500,0xf8230400,0x5000000,
0x7c00d00,0x10230400,0x5000000,0x24000000,0x4100000,0x5000000,0x24000000,0x4200000,0x5000000,0x24000000,0x4810000,0x5000000,0x24000000,0x4b00000,0x5000000,0x24000000,
0x4e00000,0x5000000,0x24000000,0x5410000,0x5000000,0x24000000,0x5500000,0x5000000,0x24000000,0x5710000,0x5000000,0x24000000,0x6800000,0x5000000,0x24000000,0xc8200002,
0x5000000,0x24000000,0xc9500002,0x5000000,0x24000002,0x4400000,0x5000000,0x24000006,0xc8c0000b,0x5000000,0x24000008,0x5410000,0x5000000,0x24000008,0x5710000,0x5000000,
0x24000020,0x4200000,0x5000000,0x24000020,0x4200001,0x5000000,0x24000020,0x4810000,0x5000000,0x24000020,0x4f00000,0x5000000,0x24000020,0x5001400,0x5000000,0x24000020,
0x5410000,0x5000000,0x24000020,0x5600000,0x5000000,0x24000020,0xc8200002,0x5000000,0x24000020,0xc9500002,0x5000000,0x24000022,0x5600000,0x5000000,0x2c000010,0x5248000,
0x5000000,0x2c000010,0xc9248002,0x5000000,0x40000001,0x4440020,0x5000000,0x40000001,0x463b020,0x5000000,0x40000001,0x4643020,0x5000000,0x40000001,0x4a5a040,0x5000000,
0x40000001,0x516a8a0,0x5000000,0x40000001,0x5d3b020,0x5000000,0x40080000,0xc4918820,0x5000000,0x80000000,0x5329960,0x5000001,0x2882000,0xc4962460,0x5000002,0x4000000,
0x4200000,0x5000002,0x4000000,0x5329400,0x5000002,0x4000000,0x5329800,0x5000002,0x4000000,0x5500000,0x5000002,0x6800000,0xfd329800,0x5000002,0x7000100,0xc8230408,
0x5000002,0x7c00100,0x8230400,0x5000002,0x7c00100,0x10230400,0x5000002,0x7c00100,0x20230400,0x5000002,0x7c00100,0xc8230402,0x5000002,0x7c00100,0xc8230404,0x5000002,
0x7c00100,0xc8230407,0x5000002,0x7c00100,0xc8230408,0x5000002,0x7c00100,0xc8230409,0x5000002,0x7c00100,0xfc230400,0x5000002,0x7c00100,0xfc230401,0x5000002,0x7c00500,
0x10230400,0x5000002,0x7d00100,0xc0230400,0x5000003,0x4000000,0x4200400,0x5000003,0x4000000,0x4201000,0x5000003,0x4000000,0x4270000,0x5000003,0x7c00100,0xc8220402,
0x5000003,0x7c00100,0xfc220400,0x5000003,0x7c00100,0xfc250400,0x5000003,0x7c00500,0x10230400,0x5000004,0x4000000,0x4200000,0x5000004,0x4000000,0x5500000,0x5000004,
0x6800100,0xfc962540,0x5000004,0x6800100,0xfc962541,0x5000004,0x7c00100,0x8230400,0x5000004,0x7c00100,0x20230400,0x5000004,0x7c00100,0xfc230400,0x5000007,0x7c00100,
0x80220400,0x5000007,0x7c00100,0x80250400,0x5000008,0x4000000,0xc200000,0x5000008,0x7c00100,0x8220400,0x5000008,0x7c00100,0x8220401,0x5000008,0x7c00100,0x8250400,
0x5000008,0x7c00100,0x8250401,0x5000008,0x7c00100,0x20220400,0x5000008,0x7c00100,0x20220401,0x5000008,0x7c00100,0x20250400,0x5000008,0x7c00100,0x20250401,0x5000008,
0x7c00100,0xfc220400,0x5000008,0x7c00100,0xfc220401,0x5000008,0x7c00100,0xfc250400,0x5000008,0x7c00100,0xfc250401,0x500000a,0x4000000,0x4200000,0x500000a,0x6800100,
0xfc962540,0x500000a,0x7c00100,0x8230400,0x500000a,0x7c00100,0x10230400,0x500000a,0x7c00100,0xfc230400,0x500000c,0x7c00100,0x8230400,0x500000c,0x7c00100,0x8250400,
0x500000c,0x7c00100,0xfc230400,0x500000e,0x4000400,0xc8200001,0x500000e,0x4000400,0xc8200002,0x500000e,0x4000400,0xc8500001,0x500000e,0x7000500,0xc8220402,0x500000e,
0x7c00100,0x8220401,0x500000e,0x7c00100,0x8250400,0x500000e,0x7c00100,0x8250401,0x500000e,0x7c00100,0x18220400,0x500000e,0x7c00100,0x18220401,0x500000e,0x7c00100,
0xc8220401,0x500000e,0x7c00100,0xc8220402,0x500000e,0x7c00100,0xc8250401,0x500000e,0x7c00100,0xfc220400,0x500000e,0x7c00100,0xfc220401,0x500000e,0x7c00100,0xfc250401,
0x500000e,0x7c00120,0xc8220402,0x500000e,0x7c00120,0xc8250402,0x500000f,0x6800100,0xfc962540,0x500000f,0x7c00100,0x8230400,0x500000f,0x7c00100,0x10230400,0x500000f,
0x7c00100,0xfc230400,0x5000010,0x6800100,0xfc962540,0x5000010,0x7c00100,0x10230400,0x5000010,0x7c00100,0x20230400,0x5000010,0x7c00100,0xc8230401,0x5000010,0x7c00100,
0xfc230400,0x5000012,0x7c00100,0xa230500,0x5000012,0x7c00100,0xa330520,0x5000012,0x7c80100,0xc6330520,0x5000013,0x4000000,0x4200000,0x5000013,0x4000000,0xf8201000,
0x5000013,0x4000000,0xf8230400,0x5000013,0x4000002,0x7000000,0x5000013,0x4000010,0x4200000,0x5000013,0x4000020,0xc8200005,0x5000013,0x7c00100,0x22633800,0x5000013,
0x7c00100,0xca633801,0x5000013,0x7c00100,0xca633802,0x5000013,0x7c00100,0xca633805,0x5000013,0x7c00100,0xfe633800,0x5000015,0x6800100,0x20962540,0x5000015,0x6800100,
0xfc962540,0x5000015,0x7c00100,0x8230400,0x5000015,0x7c00100,0xfc230400,0x5000018,0x6800000,0xfd329800,0x5000018,0x7800100,0xc9830142,0x5000018,0x7c00100,0x11830000,
0x5000018,0x7c00100,0xc9830002,0x5000018,0x7c00100,0xfd830000,0x5000018,0x7c00900,0xfd830000,0x5000018,0x7e00100,0xfd830000,0x5000019,0x7c00100,0x8220400,0x5000019,
0x7c00100,0x8250400,0x5000019,0x7c00100,0x10220400,0x5000019,0x7c00100,0x10220401,0x5000019,0x7c00100,0x10230400,0x5000019,0x7c00100,0x10250401,0x5000019,0x7c00100,
0x18220400,0x5000019,0x7c00100,0x18230400,0x5000019,0x7c00100,0x20220400,0x5000019,0x7c00100,0x20220401,0x5000019,0x7c00100,0x20250400,0x5000019,0x7c00100,0x20250401,
0x5000019,0x7c00100,0x30220400,0x5000019,0x7c00100,0xc8220402,0x5000019,0x7c00100,0xc8250401,0x5000019,0x7c00100,0xc8250402,0x5000019,0x7c00100,0xfc220400,0x5000019,
0x7c00100,0xfc220401,0x5000019,0x7c00100,0xfc250400,0x5000019,0x7c00100,0xfc250401,0x5000019,0x7c00500,0xc822040f,0x500001a,0x6800000,0x21329800,0x500001a,0x6800100,
0x8962541,0x500001a,0x6800100,0xfc962540,0x500001a,0x6800100,0xfc962541,0x500001a,0x7c00100,0x8230400,0x500001a,0x7c00100,0x20230400,0x500001a,0x7c00100,0xfc230400,
0x500001f,0x4000000,0x4200000,0x500001f,0x6800000,0x21329800,0x500001f,0x6800100,0xfc962540,0x500001f,0x6800100,0xfc962541,0x500001f,0x7c00100,0x8230400,0x500001f,
0x7c00100,0x20230400,0x500001f,0x7c00100,0xfc230400,0x5000023,0x6800100,0xfc962540,0x5000023,0x6800100,0xfc962541,0x5000023,0x7c00100,0xfc230400,0x5000023,0x7c00100,
0xfc230401,0x5000024,0x6800000,0x21329800,0x5000024,0x6800100,0x20962540,0x5000024,0x6800100,0xfc962540,0x5000024,0x7c00100,0x8230400,0x5000024,0x7c00100,0x20230400,
0x5000024,0x7c00100,0xfc230400,0x5000026,0x4000000,0x4200000,0x5000026,0x4000010,0x4400000,0x5000026,0x6800000,0xfd329800,0x5000026,0x7800100,0xc9830142,0x5000026,
0x7c00100,0xfd830000,0x5000026,0x7c00900,0xfd830000,0x5000026,0x7e00100,0xfd830000,0x5000067,0x1000,0,0x5000410,0x7c00500,0xf8230400,0x500041b,0x4000400,
0x4200400,0x5000492,0x7c00500,0xc8230401,0x50004a5,0x4000010,0x4b00000,0x50004a5,0x4000010,0x5071400,0x50004b1,0xc000010,0x4b48000,0x50004b9,0x7c00900,0x8230400,
0x50004e9,0xc000010,0x4448000,0x50004fe,0xc000010,0x4448000,0x500053c,0x4000000,0x4200000,0x50005c4,0x4000000,0x4e00000,0x5000621,0x24000000,0x14810000,0x5000621,
0x24000000,0x15410000,0x5000c94,0x4000400,0x14200000,0x5000ca3,0xc000010,0x5049400,0x5000cc7,0x6800000,0xfd329800,0x5000ccb,0xc000010,0x4b48000,0x5000d19,0x6800000,
0xfd329800,0x5000d1e,0x6800000,0xfd329800,0x5000d22,0x6800000,0x21329800,0x5000d26,0x6800000,0xfd329800,0x5000d2c,0x7c00100,0xfc230400,0x5000d30,0x4000000,0x4200000,
0x5000d30,0x6800000,0x21329800,0x5000d35,0x6800000,0xfd329800,0x5000e25,0x7c00100,0xc8230408,0x5001000,0x80004,0xc7018820,0x5001000,0x4000000,0x4100000,0x5001000,
0x4000000,0xc8100002,0x5001000,0x4000000,0xc8100003,0x5001000,0x4000000,0xc8100006,0x5001000,0x4000000,0xc810000e,0x5001000,0x4000000,0xc810000f,0x5001000,0x4000000,
0xc9500002,0x5001000,0x4000000,0xc9600002,0x5001000,0x4000100,0xc8120403,0x5001000,0x4000100,0xc8150403,0x5001000,0x4000400,0x4200400,0x5001000,0x4000400,0xc8100002,
0x5001000,0x4000400,0xc8100402,0x5001000,0x4000400,0xc8500002,0x5001000,0x7c00120,0xc8120405,0x5001000,0x7c00d00,0x10130400,0x5001000,0x24000000,0x4100000,0x5001000,
0x24000000,0x4200000,0x5001000,0x24000000,0x4e00000,0x5001000,0x24000000,0x5400000,0x5001000,0x24000000,0x5500000,0x5001000,0x24000000,0x5600000,0x5001000,0x24000000,
0xc8200002,0x5001000,0x24000000,0xc8f00002,0x5001000,0x24000000,0xf8401000,0x5001000,0x24000002,0x4100000,0x5001000,0x24000002,0x4370000,0x5001000,0x24000002,0x4470000,
0x5001000,0x24000006,0xfb000000,0x5001000,0x24000008,0x5710000,0x5001000,0x24000008,0x5712c00,0x5001000,0x24000008,0xf9712c00,0x5001000,0x24000020,0x4100000,0x5001000,
0x24000020,0x4100001,0x5001000,0x24000020,0x5500000,0x5001000,0x24000020,0x5600000,0x5001000,0x24000020,0xc8100002,0x5001000,0x24000020,0xc9500002,0x5001000,0x2c000010,
0xc8f0ac02,0x5001008,0x7c00100,0xfc220400,0x5001008,0x7c00100,0xfc220401,0x5001008,0x7c00100,0xfc250400,0x5001008,0x7c00100,0xfc250401,0x500100e,0x7c00100,0xc8250401,
0x500100e,0x7c00100,0xfc220400,0x500100e,0x7c00100,0xfc250400,0x5001019,0x7c00100,0x8220400,0x5001019,0x7c00100,0x10220400,0x5001019,0x7c00100,0x20220401,0x5001019,
0x7c00100,0xc8120402,0x5001019,0x7c00100,0xc812040f,0x5001019,0x7c00100,0xc8150401,0x5001019,0x7c00100,0xc8150402,0x5001019,0x7c00100,0xc8220402,0x5001019,0x7c00100,
0xc8250402,0x5001019,0x7c00100,0xfc220400,0x5001019,0x7c00100,0xfc220401,0x5001019,0x7c00100,0xfc250400,0x5001019,0x7d00100,0xc0220402,0x5001067,0,0,
0x5001400,0x6800c00,0xf9001000,0x5001417,0x4000400,0xc8100002,0x5001417,0x7c00500,0x10130400,0x5001419,0x7c00500,0x10130400,0x5002000,0x4000000,0x5600000,0x5002000,
0x4000000,0xc820000a,0x5002000,0x4000020,0xc820000a,0x5002012,0x7c00100,0xc8e3040a,0x5002012,0x7c80100,0xc4e3040a,0x5002016,0x7c00100,0xc8e30c0a,0x5002016,0x7c00100,
0xca530c0a,0x50025aa,0x4000008,0xc881000a,0x50025aa,0x4000008,0xc941000a,0x50025aa,0x4000010,0xc887000a,0x50025aa,0x6800004,0xc920000a,0x50025aa,0xc000010,0xc884800a,
0x50025c2,0x7c00d00,0xca530c0a,0x5003000,0x4000000,0xc8810011,0x5003000,0x4000000,0xc8e00011,0x5003000,0x4000000,0xc9410011,0x5003000,0x4000000,0xc9500011,0x5003000,
0x4000000,0xc9600011,0x5003000,0x4000001,0xc8445811,0x5003000,0x4000006,0xc8e70011,0x5003000,0x4000008,0xc8e00011,0x5003000,0x4000008,0xc8e02c11,0x5003000,0x4000010,
0xc8871411,0x5003000,0x4000010,0xc9271011,0x5003000,0x4000010,0xc9271411,0x5003000,0x4000020,0xc8e00011,0x5003000,0x4000400,0xc8e00011,0x5003000,0x4000420,0xc8e00011,
0x5003000,0x6800000,0xc8e01c11,0x5003000,0x6800040,0xc8e29811,0x5003000,0xc000010,0xc880ac11,0x5003000,0xc000010,0xc8b48011,0x5003019,0x7c00100,0xc8e20411,0x5003019,
0x7c00100,0xc8e50411,0x5003019,0x7c00140,0xc8e20411,0x5003019,0x7c00140,0xc8e50411,0x5004000,0x4000400,0xc8200002,0x5004000,0x6800000,0xfc201c00,0x5004000,0x68000c0,
0xfd329800,0x5004000,0x24000000,0x4200000,0x5004000,0x24000000,0x4810000,0x5004000,0x24000000,0x5410000,0x5004000,0x24000000,0x5500000,0x5004000,0x24000000,0x5600000,
0x5004000,0x24000000,0x5b00000,0x5004000,0x24000000,0x6410000,0x5004000,0x24000006,0xf8d70000,0x5004000,0x24000008,0x5714000,0x5004000,0x24000008,0xf9713c00,0x5004000,
0x24000010,0x5071400,0x5004000,0x24000010,0xf9071000,0x5004000,0x24000020,0x4200000,0x5004000,0x24000020,0x4400000,0x5004000,0x24000020,0x5600000,0x5004000,0x24000400,
0x4200000,0x5004000,0x24000420,0x4200000,0x5004000,0x2c000010,0x4b48000,0x5004000,0x2c000010,0xf900ac00,0x5004000,0x44000001,0x5a45800,0x5004019,0x7c00100,0xfc220400,
0x5004019,0x7c00100,0xfc250400,0x5004019,0x7c001c0,0xfc220400,0x5004019,0x7c001c0,0xfc250400,0x5005000,0x4000000,0x4e00000,0x5005000,0x4000000,0x14e00000,0x5005000,
0x4000000,0xc881000c,0x5005000,0x4000000,0xc8810010,0x5005000,0x4000000,0xc8e00002,0x5005000,0x4000000,0xc8e0000c,0x5005000,0x4000000,0xc8e0000d,0x5005000,0x4000000,
0xc8e00010,0x5005000,0x4000000,0xc941000c,0x5005000,0x4000000,0xc9410010,0x5005000,0x4000000,0xc950000c,0x5005000,0x4000000,0xc960000c,0x5005000,0x4000002,0xc8e7000c,
0x5005000,0x4000002,0xc8e70010,0x5005000,0x4000008,0xc8810010,0x5005000,0x4000008,0xc9410010,0x5005000,0x4000010,0xc887000c,0x5005000,0x4000010,0xc887140c,0x5005000,
0x4000010,0xc927100c,0x5005000,0x4000010,0xc927140c,0x5005000,0x4000020,0xc8e0000c,0x5005000,0x4000026,0xc8e7000c,0x5005000,0x6800000,0xc8e01c02,0x5005000,0x6800000,
0xc8e01c10,0x5005000,0xc000010,0xc880ac0c,0x5005000,0xc000010,0xc8b4800c,0x5005000,0x24000000,0x4200000,0x5005000,0x24000000,0x4e00000,0x5005000,0x24100000,0xc0810001,
0x5005000,0x24100000,0xc1410001,0x5005005,0x7c00100,0x40e30400,0x5005011,0x7c00300,0x10e30000,0x5005011,0x7c00300,0xc8e30001,0x5005011,0x7c00300,0xfce30000,0x5005011,
0x7c00900,0xfd230400,0x5005011,0x7c40300,0x20e30000,0x5005011,0x7c40300,0xfce30000,0x5005012,0x4000000,0xc8e00002,0x5005012,0x4000000,0xc8e00003,0x5005012,0x7c00100,
0xa130480,0x5005012,0x7c00100,0xc8e30402,0x5005012,0x7c80100,0xc4e30402,0x5005012,0x7c80100,0xc6130480,0x5005014,0x7c00100,0xfce30000,0x5005014,0x7c00100,0xfce30001,
0x5005014,0x7c00100,0xfe530000,0x5005014,0x7c00900,0xfd230000,0x5005014,0x7c00900,0xfd230001,0x5005016,0x4000000,0xc8e00c03,0x5005016,0x4000000,0xc8e00c0d,0x5005016,
0x7c00100,0xfce30c00,0x5005016,0x7c00100,0xfce30c01,0x5005016,0x7c00100,0xfe530c00,0x5005016,0x7c00900,0xfd230c00,0x5005016,0x7c00900,0xfd230c01,0x50055aa,0x6800004,
0xf9200000,0x50055aa,0x24000000,0x4810000,0x50055aa,0x24000000,0x5410000,0x50055aa,0x24000008,0x4810000,0x50055aa,0x24000008,0x5410000,0x50055b0,0x24000010,0x4870000,
0x50055b7,0x2c000010,0x4848000,0x50055bf,0x4000000,0x4e00000,0x50055bf,0x24000000,0x4e00000,0x50055bf,0x24000002,0x4e00000,0x50055bf,0x24000002,0x5200000,0x50055bf,
0x24000008,0x4810000,0x50055bf,0x24000008,0x5410000,0x50055bf,0x24000008,0xc810000,0x50055c2,0x7000400,0xc9200c02,0x50055c2,0x7c00900,0x10930c00,0x50055c2,0x7c00900,
0x10e30c00,0x50055c2,0x7c00d00,0xfe530c00,0x50055c4,0x4000000,0x4e00000,0x50055c4,0x4000000,0xc8e00002,0x50055c4,0x4000000,0xc8e00003,0x50055c4,0x4000000,0xc8e0000d,
0x50055c4,0x4000000,0xc8e0000f,0x50055c4,0x7c00300,0xfce30000,0x50055c5,0x24000000,0x4810000,0x50055c5,0x24000000,0x5410000,0x50055cd,0x24000000,0x4810000,0x50055cd,
0x24000000,0x5410000,0x5008004,0x7c00100,0xc8230401,0x5008004,0x7c00100,0xfc230400,0x500800a,0x7c00100,0x20230401,0x500800a,0x7c00100,0xc8230401,0x500800a,0x7c00100,
0xfc230400,0x500800a,0x7c00100,0xfc230401,0x500800f,0x7c00100,0xfc230400,0x500801a,0x7c00100,0xfc230400,0x500801f,0x7c00100,0xc8230401,0x500801f,0x7c00100,0xfc230400,
0x5008024,0x7c00100,0x20230400,0x5008024,0x7c00100,0xfc230400,0x5010001,0x2000,0x14962460,0x5010001,0x2802020,0x10962460,0x5010001,0x2802400,0x10962460,0x5010001,
0x2802400,0x10c62460,0x5010001,0x2880000,0xc6a65620,0x5010002,0x2802100,0x10962460,0x5010002,0x2802400,0x10962460,0x5010002,0x2802500,0x10962460,0x5010004,0x2802100,
0x8962460,0x5010004,0x2802100,0x20962460,0x5010004,0x2802100,0xfc962460,0x5010004,0x2802400,0xfc962460,0x501000a,0x2802100,0x8962460,0x501000a,0x2802100,0x20962460,
0x501000a,0x2802100,0xfc962460,0x501000a,0x2802400,0xfc962460,0x501000f,0x2802100,0x20962460,0x501000f,0x2802100,0xfc962460,0x501000f,0x2802400,0xfc962460,0x5010010,
0x2802100,0xfc962460,0x5010010,0x2802400,0xfc962460,0x5010010,0x2802900,0xfc962460,0x5010010,0x2806400,0xfc962460,0x5010013,0x2802500,0x20962460,0x5010013,0x2802500,
0x30962460,0x5010015,0x2802100,0x20962460,0x5010015,0x2802100,0xfc962460,0x5010015,0x2802100,0xfc962461,0x5010015,0x2806400,0xfc962460,0x5010018,0x2802100,0xfd862460,
0x5010018,0x2802400,0xfd862460,0x501001a,0x2802100,0xfc962460,0x501001f,0x2802100,0x20962460,0x501001f,0x2802100,0xfc962460,0x501001f,0x2802400,0xfc962460,0x5010023,
0x2802100,0x10962460,0x5010023,0x2802100,0x20962460,0x5010023,0x2802100,0xfc962460,0x5010023,0x2806400,0xfc962460,0x5010024,0x2802100,0x20962460,0x5010024,0x2802100,
0xfc962460,0x5010024,0x2802100,0xfc962461,0x5010026,0x2802100,0xfd862460,0x5010026,0x2802400,0x21862460,0x5010026,0x2802400,0xfd862460,0x5010026,0x2806500,0xfd862460,
0x501089e,0x2802400,0x18962460,0x50108c2,0x2802100,0xfc962460,0x50108c2,0x2802500,0xfc962460,0x50108cd,0x2802400,0x8962460,0x50108dc,0x2802400,0x8962460,0x5010c98,
0x2802400,0x8962460,0x5010c9c,0x2802400,0x18962460,0x5011001,0x2802400,0x10962460,0x5011001,0x2802400,0x10c62460,0x5011001,0x2802400,0x20962460,0x5011001,0x2802400,
0xc8962461,0x5011001,0x2802400,0xfc962460,0x501181d,0x2802400,0xfc962460,0x5011825,0x2802400,0xfc962460,0x501182d,0x2802400,0xfc962460,0x501182f,0x2802400,0xfc962460,
0x5011831,0x2802400,0xfc962460,0x5011836,0x2802400,0xfc962460,0x5011841,0x2802400,0x20962460,0x5011847,0x2802400,0xfc962460,0x501184c,0x2802400,0xfc962460,0x5011855,
0x2802400,0xfc962460,0x5011860,0x2802400,0xfc962460,0x5011863,0x2802400,0xfc962460,0x5011867,0x2802400,0xfc962460,0x501186a,0x2802400,0x10962460,0x501186a,0x2802400,
0x20962460,0x501186c,0x2802400,0x10962460,0x501186e,0x2802400,0x10962460,0x5011871,0x2802400,0x10962460,0x5011875,0x2802400,0xfc962460,0x501187b,0x2802400,0x10962460,
0x501187f,0x2802400,0x10962460,0x5011881,0x2802400,0x10962460,0x5011884,0x2802400,0x10962460,0x5011887,0x2802400,0xfc962460,0x501188e,0x2802400,0x10962460,0x501188e,
0x2802500,0x8962460,0x50125c2,0x3802500,0xc926246a,0x5015012,0x2802400,0x18962460,0x50159c2,0x2802400,0x20962460,0x50159d6,0x2802400,0x10962460,0x5018004,0x2806400,
0xfc962460,0x501800a,0x2806400,0xfc962460,0x501800f,0x2806400,0xfc962460,0x501801a,0x2806400,0xfc962460,0x501801f,0x2806400,0xfc962460,0x5018024,0x2806400,0xfc962460,
0x8000000,0x4000000,0x5600000,0x8000019,0x7c00100,0xc8220401,0x8000027,0x4000000,0x4200000,0x8000027,0x4000000,0x4400000,0x8000027,0x4000000,0x4500000,0x8000027,
0x4000000,0x4810000,0x8000027,0x4000000,0x4b00000,0x8000027,0x4000000,0x5410000,0x8000027,0x4000000,0xc8c0000b,0x8000027,0x4000000,0xf8400000,0x8000027,0x4000010,
0x4b00000,0x8000027,0x4000010,0x4c00000,0x8000027,0x6800000,0xfd329800,0x8000027,0x6800100,0xfc462540,0x8000027,0x6800400,0x10962540,0x8000027,0x7c00100,0x8230400,
0x8000027,0x7c00100,0x10230400,0x8000027,0x7c00100,0xc8230401,0x8000027,0x7c00100,0xfc230400,0x8000067,0,0x1900000,0x8000067,0x1000,0,0x8001067,
0,0,0x8005012,0x7c00100,0xfdf304c1,0x8005012,0x7c00100,0xfe0304e1,0x8010013,0x2802400,0x10962460,0x8010013,0x2802500,0x10962460,0x8010027,0x2802100,
0xc8962461,0x8010027,0x2802100,0xfc962460,0x8010027,0x2802400,0x8962460,0x8010027,0x2802400,0x10962460,0x8010027,0x2802400,0x20962460,0x8010027,0x2802500,0x28962460,
0x8010027,0x2806400,0xfc962460,0x8010027,0x2902100,0xc0962462,0x9000000,0x4000000,0x4700000,0x9001000,0x4000000,0x5600000,0xc000000,0,0x4918820,0xc000000,
0x4000000,0x4200000,0xc000000,0x4000000,0x5600000,0xc000000,0x4000400,0x4200400,0xc000000,0x7c00100,0xc8220405,0xc000000,0x7c00500,0x10230400,0xc000000,0x24000000,
0x4200000,0xc000000,0x2c000010,0xc9248002,0xc000002,0x4000000,0xf8200000,0xc000002,0x7c00100,0x20230400,0xc000002,0x7c00100,0xfc230400,0xc000003,0x4000006,0xfb000400,
0xc000005,0x4000400,0x44200400,0xc000006,0x7c00100,0x40250400,0xc000008,0x7c00100,0x20220400,0xc000008,0x7c00100,0x20220401,0xc000008,0x7c00100,0x20250400,0xc000008,
0x7c00100,0x20250401,0xc00000b,0x4000000,0x4200000,0xc00000b,0x4000010,0x4200000,0xc00000b,0x4000010,0x4400000,0xc00000b,0x6800000,0x8200000,0xc00000b,0x7c00100,
0x20230400,0xc00000b,0x7c00100,0xfc230400,0xc00000b,0xc000010,0x4248000,0xc00000e,0x7c00100,0x8220400,0xc00000e,0x7c00100,0x10220400,0xc000013,0x7c00100,0xca633801,
0xc000017,0x4000000,0x4200000,0xc000017,0x4000000,0x5600000,0xc000017,0x4000000,0xc400000,0xc000017,0x4000010,0x4400000,0xc000017,0x4000010,0x5200000,0xc000017,
0x6800000,0xfd329800,0xc000017,0x6800100,0xfd862540,0xc000017,0x7c00100,0x9830000,0xc000017,0x7c00100,0x21830000,0xc000017,0xc000010,0x4448000,0xc000019,0x7c00100,
0x8220400,0xc000019,0x7c00100,0x8250400,0xc000019,0x7c00100,0x10220400,0xc000019,0x7c00100,0x18250400,0xc000019,0x7c00100,0x20220400,0xc000019,0x7c00100,0x20220401,
0xc000019,0x7c00100,0x20250400,0xc000019,0x7c00100,0x20250401,0xc000019,0x7c00100,0xfc220401,0xc000019,0x7c00100,0xfc250401,0xc00001b,0x80000,0xc4c18820,0xc00001b,
0x4000000,0x84200000,0xc00001b,0x4000006,0x84500000,0xc00001b,0x4000010,0x84400000,0xc00001b,0x4000010,0x84b70000,0xc00001b,0x4000800,0x84200000,0xc00001b,0x6800000,
0x81329800,0xc00001b,0x7c00100,0x80230400,0xc00001b,0x7c00900,0x80230400,0xc00001b,0xc000010,0x84b48000,0xc00001c,0x4000000,0x4200000,0xc00001c,0x6800100,0x29862540,
0xc00001c,0x6800100,0xfd862400,0xc00001c,0x6800100,0xfd862540,0xc00001c,0xc000010,0x4448000,0xc00001d,0x4000000,0x84810000,0xc00001d,0x4000000,0x85410000,0xc00001d,
0x4000001,0x84445800,0xc00001d,0x7c00100,0x80230400,0xc000020,0x7c00100,0x80230400,0xc000021,0x4000000,0x4200000,0xc000021,0x6800100,0x30962540,0xc000021,0x6800100,
0xfc962540,0xc000021,0x6800100,0xfc962541,0xc000021,0x7c00100,0x8230400,0xc000021,0x7c00100,0x20230400,0xc000021,0x7c00100,0x30230400,0xc000021,0x7c00100,0xfc230400,
0xc000022,0x4000000,0x44200000,0xc000022,0x4000010,0x44200000,0xc000022,0x7c00100,0x40230400,0xc000022,0xc000010,0x44248000,0xc000022,0x80000000,0x44218560,0xc000025,
0x7c00100,0xfc230400,0xc000027,0x4000000,0x4200000,0xc000027,0x4000000,0x4400000,0xc000027,0x7c00100,0x28230400,0xc000028,0x4000000,0x44200000,0xc000028,0x7c00100,
0x40230400,0xc000028,0xc000010,0x44248000,0xc00002e,0x24000000,0x14200000,0xc00002e,0x24000000,0x14400000,0xc00053f,0x4000010,0x84400000,0xc000544,0x4000010,0x84400000,
0xc000544,0x4000010,0x84b70000,0xc000544,0xc000010,0x84b48000,0xc000588,0x4000001,0xc8c41c0b,0xc000d3a,0x6800000,0xfd329800,0xc001000,0x4000400,0x4500400,0xc005005,
0x7c00100,0x40e30400,0xc005011,0x4020000,0x4e00000,0xc005011,0x4020000,0xc8e00002,0xc005011,0x7c00300,0xc8e30002,0xc005011,0x7c40300,0x20e30000,0xc005011,0x7c40300,
0xfce30000,0xc005029,0x4000000,0x44e00000,0xc005029,0x7c00100,0x40e30400,0xc005029,0x7c00900,0x41230400,0xc0055a8,0x4008000,0x4e00000,0xc0055a8,0x4010000,0x4e00000,
0xc0055c4,0x4000000,0x4e00000,0xc008017,0x7c00100,0x9830000,0xc008017,0x7c00100,0x21830000,0xc008017,0x7c00100,0xfd830000,0xc008017,0x7d00100,0xc1830000,0xc00801c,
0x7c00100,0x29830000,0xc00801c,0x7c00100,0xfd830000,0xc00801c,0x7c00100,0xfd830001,0xc010001,0x2000,0x14962460,0xc010008,0x2000,0xc962460,0xc010017,0x2802100,
0xfd862460,0xc010017,0x2802400,0x9862460,0xc010017,0x2802400,0x11862460,0xc010017,0x2802400,0x19862460,0xc010017,0x2802400,0xfd862460,0xc010017,0x2882000,0xc5862460,
0xc01001b,0x2802100,0xa0962460,0xc01001b,0x3c02100,0x80962460,0xc01001b,0x12882000,0xc4962460,0xc01001c,0x2802100,0x29862460,0xc01001c,0x2802100,0xfd862460,0xc01001c,
0x2802400,0xfd862460,0xc010021,0x2802100,0x30962460,0xc010021,0x2802100,0xfc962460,0xc010021,0x2806400,0xfc962460,0xc010022,0x2802100,0x40962460,0xc010022,0x2802400,
0x50962460,0xc010022,0x2802500,0x40962460,0xc010025,0x2802500,0xfc962460,0xc010027,0x2802100,0x20962460,0xc010027,0x2802100,0xfc962460,0xc010027,0x2802400,0x30962460,
0xc0108c2,0x2802100,0x30962460,0xc0108c2,0x2802100,0xfc962460,0xc011001,0x2802400,0x10962460,0xc011001,0x2802400,0x10c62460,0xc018017,0x2806400,0xfd862460,0xc01801c,
0x2806400,0xfd862460,0xd000000,0x80000,0xc4918820,0xd000000,0x180000,0xc0918820,0xd000000,0x4000000,0x14200000,0xd000000,0x4000000,0xc8200001,0xd000000,0x4000020,
0xc8200005,0xd000000,0x6800020,0xc9329805,0xd000000,0x7c00120,0xc8220405,0xd000000,0x7c00120,0xc8250405,0xd000009,0x7c00100,0x80220400,0xd000009,0x7c00100,0x80250400,
0xd00000d,0x7c00100,0x80230400,0xd00000e,0x7c00120,0xc8220402,0xd00000e,0x7c00120,0xc8250402,0xd00001e,0x4000000,0x84200000,0xd00001e,0x7c00100,0x80230400,0xd000067,
0x1000,0,0xd005011,0x7c00300,0xc8e30001,0xd005011,0x7c40300,0x20e30000,0xd005011,0x7c40300,0xfce30000,0xd010000,0x82000,0xc4962460,0xd010000,0x2802000,
0x10962460,0xd010000,0x2802400,0x10962460,0xd010001,0x2802400,0x10962460,0xe000000,0x80000,0xc5e18820,0xe000000,0x80020,0xc4218820,0xe000000,0x4000000,0x4200000,
0xe000000,0x4000000,0x5600000,0xe000000,0x4000001,0xc8445802,0xe000000,0x4000020,0x4200000,0xe000000,0x4000020,0xc8200005,0xe000000,0x7c00120,0xc8220405,0xe000000,
0x7c00120,0xc8250405,0xe000000,0x24000000,0x4100000,0xe000000,0x24000000,0x4200000,0xe000000,0x24000000,0x4810000,0xe000000,0x24000000,0x5410000,0xe000000,0x24000000,
0xc9500002,0xe000000,0x24000020,0x4200000,0xe000000,0x24000020,0x4810000,0xe000000,0x24000020,0x5410000,0xe000000,0x24000020,0xc8200001,0xe000000,0x24000020,0xc8200002,
0xe000000,0x2c000010,0xc9248002,0xe000002,0x4000000,0xc9500008,0xe000002,0x7c00100,0x8230400,0xe000002,0x7c00100,0x10230400,0xe000008,0x7c00100,0x8220400,0xe000008,
0x7c00100,0x8250400,0xe000008,0x7c00100,0x20220400,0xe000008,0x7c00100,0x20250400,0xe00000c,0x7c00100,0x20230400,0xe00000e,0x4000020,0x4200000,0xe00000e,0x7c00100,
0x8220400,0xe00000e,0x7c00100,0x8250400,0xe000019,0x7c00100,0x20250400,0xe000019,0x7c00100,0xc822040f,0xe000025,0x7c00100,0xfc230400,0xe00002a,0x7c00100,0x80230400,
0xe00002b,0x7c00100,0x80230400,0xe00002c,0x7c00100,0x80230400,0xe00002d,0x7c00100,0x80230400,0xe000540,0xc000010,0x84448000,0xe00058b,0x24000000,0x4200000,0xe001000,
0x4000000,0x14100000,0xe003000,0x4000000,0xc8810011,0xe003000,0x4000000,0xc9410011,0xe004000,0x24000020,0x4810000,0xe004000,0x24000020,0x5410000,0xe005000,0x4000000,
0xc8e00003,0xe005000,0x24000020,0x4200000,0xe005011,0x7c00100,0x11230400,0xe005011,0x7c00300,0xc8e30001,0xe005014,0x7c00100,0xc8e30010,0xe005014,0x7c00100,0xfe530000,
0xe005016,0x7c00100,0xa530c00,0xe005016,0x7c00100,0xc8e30c10,0xe005029,0x4000000,0x44e00000,0xe0055bf,0x24000000,0x14e00000,0xe0055c2,0x4000002,0xf9200c00,0xe0055d8,
0x4000000,0x4e00000,0xe0055d8,0x7c00100,0x11230400,0xe010001,0x2000,0x14962460,0xe010001,0x2802000,0x10962460,0xe010001,0x2802020,0x10962460,0xe01002a,0x2802100,
0x80962460,0xe01002a,0x2806400,0x80962460,0xe01002b,0x2802100,0x80962460,0xe01002b,0x2806400,0x80962460,0xe01002c,0x2802100,0x80962460,0xe01002d,0x2802100,0x80962460,
0xe011001,0x2882000,0xc4962460,0xe011001,0x12882000,0xc4962460,0xe011818,0x2802100,0x8962460,0x10000000,0x4000000,0xc8200002,0x10000000,0x4000400,0x4200400,0x10000000,
0x6800000,0x20201c00,0x10000000,0x7c00120,0xc8220405,0x10000000,0x24000000,0x4200000,0x10000000,0x24000002,0x4200000,0x10000000,0x24000020,0x4200000,0x10000002,0x4000000,
0x4200000,0x10000002,0x4000000,0x5071400,0x10000002,0x7c00100,0xfc230400,0x10000002,0x80000000,0x5329960,0x10000004,0x7c00100,0x8230400,0x10000008,0x7c00100,0x10220400,
0x10000009,0x7c00100,0x80220400,0x10000009,0x7c00100,0x80250400,0x1000000a,0x7c00100,0x20230400,0x1000000e,0x7c00100,0x8220400,0x1000000e,0x7c00100,0x8250400,0x1000000e,
0x7c00100,0x10220400,0x1000000e,0x7c00100,0xc8250402,0x1000000e,0x7c00500,0xc822040e,0x1000000e,0x7c00500,0xc822040f,0x1000000f,0x4000000,0x5600000,0x1000000f,0x7c00100,
0x8230400,0x1000000f,0x7c00100,0xfc230400,0x10000010,0x6800100,0x20962540,0x10000015,0x7c00100,0x8230400,0x10000017,0x4000000,0x4200000,0x10000019,0x7c00100,0x10220400,
0x10000019,0x7c00100,0x20220400,0x10000019,0x7c00500,0x10220400,0x10000019,0x7c00500,0xc822040e,0x10000019,0x7c00500,0xc822040f,0x10000022,0x7c00100,0x40230400,0x10000023,
0x4000000,0x4200000,0x10000023,0x4000000,0x5600000,0x1000002f,0x7c00100,0x80230400,0x10000030,0x4000000,0x44200000,0x10000030,0x6800000,0x41329800,0x10000030,0x6800100,
0x40962540,0x10000030,0x7c00100,0x40230400,0x10000030,0xc000010,0x44b48000,0x10000031,0x7c00100,0x80230400,0x10000032,0x6800000,0x81329800,0x10000032,0x7c00100,0x80230400,
0x10000033,0x7c00100,0x80230400,0x10000034,0x7c00100,0x41830000,0x10000035,0x4000010,0x84400000,0x10000035,0x7c00100,0x80230400,0x10000627,0x4000000,0x84200000,0x1000062a,
0x4000000,0x84400000,0x1000062d,0x4000000,0x84200000,0x1000062d,0x4000000,0x84400000,0x10000d30,0x4000000,0x4200000,0x10000e25,0x4000000,0x14200000,0x10001000,0x4000000,
0x14200000,0x10005000,0x4000000,0x14200000,0x10005000,0x4000000,0xc8810010,0x10005000,0x4000000,0xc8e0000d,0x10005000,0x4000000,0xc9410010,0x10005000,0x24000000,0x4200000,
0x10005000,0x24000000,0x4e00000,0x10005012,0x4000000,0xc8e00002,0x10005012,0x4000000,0xc8e00003,0x1000801f,0x7c00100,0x20230400,0x1000801f,0x7c00100,0xfc230400,0x10010002,
0x2802100,0x10962460,0x10010002,0x2802100,0x20962460,0x10010002,0x2802400,0x20962460,0x10010002,0x2802500,0x20962460,0x1001000f,0x2802100,0x8962460,0x10010010,0x2802100,
0x20962460,0x10010015,0x2802400,0x20962460,0x10010017,0x2802400,0x19862460,0x10010030,0x2802100,0x40962460,0x10010030,0x2802400,0x40962460,0x10011001,0x2802400,0x10962460,
0x10011001,0x2802400,0x10c62460,0x10011001,0x12882000,0xc4962460,0x1001188f,0x2802400,0x10c62460,0x11000000,0x4000000,0x4200000,0x11000000,0x4000000,0x5600000,0x11000000,
0x4000400,0x14200400,0x11000000,0x7c00120,0xc8220405,0x11000000,0x24000000,0x4200000,0x11000000,0x24000000,0x4e00000,0x11000000,0x24000000,0x5710000,0x11000000,0x24000000,
0xc200000,0x11000000,0x24000000,0xc400000,0x11000000,0x24000000,0x1d710000,0x11000000,0x24000020,0x4200000,0x11000000,0x24000020,0x4810000,0x11000000,0x24000020,0x5410000,
0x11000002,0x4000000,0x5500000,0x11000002,0x7c00100,0x20230400,0x11000002,0x7c00100,0xfc230400,0x11000002,0xc000010,0x4b48000,0x11000004,0x7c00100,0xfc230400,0x11000007,
0x4000000,0x84200000,0x11000007,0x4000000,0x84400000,0x11000007,0x4000000,0x84b00000,0x11000007,0x7c00100,0x80220400,0x11000007,0x7c00100,0x80250400,0x11000007,0xc000010,
0x84448000,0x11000007,0xc000010,0x84b48000,0x11000008,0x7c00100,0x20220400,0x11000008,0x7c00100,0x20250400,0x11000008,0x7c00100,0xc822040f,0x1100000b,0x4000000,0x4200000,
0x1100000b,0x7c00100,0x20230400,0x1100000b,0x7c00100,0xfc230400,0x1100000c,0x7c00100,0x8220400,0x1100000c,0x7c00100,0x30230400,0x1100000c,0x7c00100,0xc822040f,0x1100000e,
0x4000000,0x4200000,0x1100000e,0x4000000,0xc200000,0x1100000e,0x7c00100,0x8230400,0x1100000e,0x7c00100,0x8250400,0x1100000e,0x7c00100,0x18220400,0x1100000e,0x7c00100,
0xc822040f,0x11000013,0x4000000,0xcb00000,0x11000019,0x7c00100,0x10220400,0x11000019,0x7c00100,0x20220400,0x11000019,0x7c00100,0x20250400,0x11000019,0x7c00100,0xc822040e,
0x11000019,0x7c00500,0xc822040f,0x11000023,0x7c00100,0xfc230400,0x11000027,0x4000000,0x4500000,0x11000037,0x4000000,0x84200000,0x11000037,0x6800100,0x80962540,0x11000037,
0x7c00100,0x80230400,0x11000038,0x7c00100,0x80220400,0x11000038,0x7c00100,0x80250400,0x11000039,0x4000000,0x84200000,0x11000039,0x4000000,0x84400000,0x11000039,0xc000010,
0x84448000,0x1100003a,0x4000000,0x44200000,0x1100003a,0x6800100,0x40962540,0x1100003a,0x7c00100,0x40230400,0x1100003b,0x4000000,0x45800000,0x1100003b,0x6800000,0x41329800,
0x1100003b,0x7c00100,0x41830000,0x1100003b,0x7e00100,0x41830000,0x1100003c,0x7c00100,0x40230400,0x1100003c,0x7c00100,0xc823040f,0x1100003d,0x4000010,0x84400000,0x1100003d,
0x7c00100,0x80230400,0x1100058d,0x24000000,0xc400000,0x11000593,0x24000000,0xc400000,0x1100059a,0x24000006,0x7000000,0x110005db,0x4000400,0xc200000,0x11000d30,0x6800000,
0x21329800,0x11005000,0x4000000,0xc8810010,0x11005000,0x4000000,0xc8870010,0x11005000,0x4000000,0xc8f00010,0x11005000,0x4000000,0xc9270010,0x11005000,0x4000000,0xc9271010,
0x11005000,0x4000000,0xc9410010,0x11005000,0xc000010,0xc8848010,0x11005000,0xc000010,0xc8b48010,0x11005000,0x24000000,0x4200000,0x11005000,0x24000000,0x4e00000,0x11005011,
0x7c00300,0xc8e30001,0x11005011,0x7c40300,0x20e30000,0x11005012,0x4000000,0xc8e00003,0x110055c4,0x4000000,0x4e00000,0x1100800a,0x7c00100,0x10230400,0x11008039,0x7c00100,
0x80230400,0x11010001,0x2802000,0x18962460,0x11010001,0x2802020,0x10962460,0x11010002,0x2802100,0x20962460,0x11010002,0x2802100,0x30962460,0x1101000b,0x2802400,0x20962460,
0x1101000e,0x2802000,0x18962460,0x11010013,0x2802400,0x10962460,0x11010013,0x2802500,0x10962460,0x11010037,0x2802100,0x80962460,0x11010039,0x2802100,0x80962460,0x11010039,
0x2802400,0x80962460,0x1101003a,0x2802100,0x40962460,0x1101003a,0x2806400,0x40962460,0x1101088e,0x2802000,0x18962460,0x11011001,0x2802000,0x10962460,0x11011001,0x2802000,
0x10c62460,0x11011865,0x2802000,0x20962460,0x11018039,0x2806400,0x80962460,0x14000000,0x4000000,0x4200000,0x14000000,0x4000400,0x4200400,0x14000000,0x7c00120,0xc8220405,
0x14000000,0x7c00120,0xc8250405,0x14000000,0x7c00500,0x10230400,0x14000000,0x24000000,0x4200000,0x14000000,0x24000020,0x4200000,0x14000008,0x7c00100,0x20220400,0x14000008,
0x7c00100,0x20250400,0x14000008,0x7c00100,0xfc220400,0x1400000e,0x7c00100,0x8220400,0x14000015,0x7c00100,0x8230400,0x14000019,0x7c00100,0x8220400,0x14000019,0x7c00100,
0x8250400,0x14000019,0x7c00100,0x10220400,0x14000019,0x7c00100,0x10250400,0x14000019,0x7c00100,0x20220400,0x14000019,0x7c00100,0x20250400,0x14000019,0x7c00100,0xfc220400,
0x14000019,0x7c00100,0xfc250400,0x1400003e,0x4000000,0x44400000,0x1400003e,0x4000000,0x44e00000,0x1400003e,0x4000010,0x44400000,0x1400003e,0x6800000,0x42d29800,0x1400003e,
0x6800100,0x40962540,0x1400003e,0x6800100,0x40962541,0x1400003e,0x7c00100,0x42b30400,0x1400003e,0x7c00100,0x42b30401,0x1400003e,0xc000010,0x44448000,0x14000057,0x4000000,
0x44200000,0x14000057,0x4000010,0x45071400,0x14000057,0x6800000,0x41329800,0x14000057,0x7c00100,0x40230400,0x14000057,0x7c00100,0x48230400,0x14000057,0x7c00500,0x40230400,
0x14000057,0x7c00900,0x48230400,0x14000057,0xc000010,0x44b48000,0x1400005a,0x4000000,0x84500000,0x1400005a,0x7c00100,0x80230400,0x1400005a,0xc000010,0x84b48000,0x1400005b,
0x4000000,0x84200000,0x1400005b,0x4000010,0x84400000,0x1400005b,0x7c00100,0x80230400,0x14000065,0x4000010,0x84400000,0x14000065,0x7c00100,0x80230400,0x140055c4,0x4000000,
0x4200000,0x1400800a,0x7c00100,0xfc230400,0x1400803e,0x7c00100,0x42b30400,0x1400803e,0x7c00100,0x42b30401,0x14010001,0x2802020,0x10962460,0x14010001,0x2802400,0x10962460,
0x14010013,0x2802500,0x20962460,0x14010015,0x2802100,0x8962460,0x1401003e,0x2802100,0x40962460,0x1401003e,0x2802100,0x40962461,0x1401003e,0x2802400,0x40962460,0x1401003e,
0x2802400,0x50962460,0x14010057,0x2802400,0x40962460,0x1401803e,0x2806400,0x42f62460,0x15000000,0x80020,0xc4218820,0x15000000,0x4000000,0x4200000,0x15000000,0x4000000,
0x4e00000,0x15000000,0x4000000,0xc200000,0x15000000,0x4000000,0x14200000,0x15000000,0x4000400,0x4200400,0x15000000,0x7c00500,0x10230400,0x15000000,0x24000000,0x4200000,
0x15000000,0x24000000,0x4400000,0x15000000,0x24000000,0x4810000,0x15000000,0x24000000,0x4e00000,0x15000000,0x24000000,0x5400000,0x15000000,0x24000000,0x5410000,0x15000000,
0x24000000,0x5710000,0x15000000,0x24000000,0xc400000,0x15000000,0x24000002,0x4200000,0x15000000,0x24000020,0x4200000,0x15000000,0x24000020,0x4810000,0x15000000,0x24000020,
0x5410000,0x15000000,0x24000500,0xc230400,0x15000000,0x2c000010,0xcb48000,0x15000002,0x4000000,0x5500000,0x15000002,0x4000020,0x4200000,0x15000002,0x7c00100,0x8230400,
0x15000002,0x7c00100,0x20230400,0x15000002,0x7c00100,0xfc230400,0x15000008,0x4000000,0x4200000,0x15000008,0x4000000,0xc200000,0x15000008,0x7c00100,0x8220400,0x15000008,
0x7c00100,0x8230400,0x15000008,0x7c00100,0x8250400,0x15000008,0x7c00500,0x8230400,0x1500000a,0x7c00100,0xfc230400,0x1500000a,0x7c00500,0x8230400,0x1500000e,0x7c00100,
0x8220400,0x1500000e,0x7c00100,0x8250400,0x1500000e,0x7c00100,0x10250400,0x15000019,0x7c00100,0x8220400,0x15000019,0x7c00100,0x8230400,0x15000019,0x7c00100,0x8250400,
0x15000019,0x7c00100,0x10220400,0x15000019,0x7c00100,0x10250400,0x15000019,0x7c00100,0x18220400,0x15000019,0x7c00100,0x18250400,0x15000019,0x7c00100,0x20220400,0x15000019,
0x7c00100,0x20250400,0x15000019,0x7c00100,0xc822040e,0x15000019,0x7c00100,0xc822040f,0x15000019,0x7c00100,0xfc250400,0x1500001a,0x4000000,0x4200000,0x1500001a,0x4000000,
0x5500000,0x1500001a,0x7c00100,0x8230400,0x1500001a,0x7c00100,0xfc230400,0x1500001b,0x7c00100,0x80230400,0x1500001c,0x4000000,0x5800000,0x1500001c,0x6800000,0x21329800,
0x1500001c,0x6800100,0x21862400,0x1500001c,0x6800100,0xfd862400,0x1500001c,0x6800100,0xfd862540,0x1500001c,0x6800500,0x21862400,0x1500001c,0x6800500,0xfd862400,0x15000023,
0x7c00100,0x10230400,0x15000024,0x4000000,0x4200000,0x15000024,0x7c00100,0x8230400,0x15000027,0x4000000,0x4200000,0x15000027,0x4000000,0x4400000,0x15000027,0x4000000,
0x4500000,0x15000027,0x7c00100,0x20230400,0x15000042,0x4000000,0x44e00000,0x15000042,0x6800000,0x42d29800,0x15000042,0x6800100,0x40962540,0x15000042,0x7c00100,0x40430400,
0x15000042,0x7c00100,0x42d30400,0x15000042,0xc000010,0x44448000,0x1500004f,0x6800000,0x41329800,0x1500004f,0x7c00100,0x40230400,0x1500004f,0xc000010,0x44448000,0x15000052,
0x4000010,0x44400000,0x15000052,0x6800000,0x41329800,0x15000052,0x6800100,0x40962540,0x15000052,0x7c00100,0x40230400,0x15000052,0xc000010,0x44448000,0x15000063,0x4000010,
0x44400000,0x15000063,0x6800000,0x41329800,0x15000063,0x7c00100,0x40230400,0x15000063,0x7c00100,0x48230400,0x15000063,0x7c00900,0x40230400,0x15000063,0xc000010,0x44448000,
0x15000063,0xc000010,0x44b48000,0x15000068,0x7c00100,0x80230400,0x1500006b,0x7c00100,0x80230400,0x1500006c,0x4000000,0x84200000,0x1500006c,0x7c00100,0x80230400,0x1500006d,
0x6800000,0x41329800,0x1500006d,0x7c00100,0x40230400,0x1500006d,0x7c00500,0x40230400,0x1500006d,0x7c00d00,0x40230400,0x1500006d,0xc000010,0x44448000,0x1500006e,0x4000000,
0x84200000,0x1500006e,0x6800100,0x80962540,0x1500006e,0x7c00100,0x80230400,0x1500006f,0x6800000,0x41329800,0x1500006f,0x6800100,0x40962540,0x1500006f,0x7c00100,0x40230400,
0x1500006f,0xc000010,0x44448000,0x15000071,0x6800000,0x41329800,0x15000071,0x6800100,0x40962540,0x1500059c,0x24000000,0x84400000,0x1500061c,0x4000400,0x4400000,0x15004000,
0x24000020,0x4810000,0x15004000,0x24000020,0x5410000,0x15005000,0x4000000,0x4e00000,0x15005000,0x24000000,0x4200000,0x15005005,0x7c00100,0x40e30400,0x15005011,0x7c40300,
0x20e30000,0x150055c4,0x4000000,0x4e00000,0x1500801c,0x7c00100,0x21830000,0x1500801c,0x7c00100,0xfd830000,0x15008024,0x7c00100,0x8230400,0x15008071,0x7c00100,0x40230400,
0x15008071,0x7c00100,0x48230400,0x15010001,0x2802000,0x8962460,0x15010001,0x2802000,0x10962460,0x15010001,0x2802000,0x18962460,0x15010001,0x2802100,0x18962460,0x15010001,
0x2802400,0x10962460,0x15010001,0x2802400,0x10c62460,0x15010001,0x2802400,0x18962460,0x15010002,0x2802100,0x8962460,0x15010002,0x2802100,0x10962460,0x15010008,0x2000,
0xc962460,0x15010008,0x2802100,0x8962460,0x15010008,0x2802400,0x20962460,0x15010010,0x2802100,0x20962460,0x1501001a,0x2802100,0x20962460,0x1501001c,0x2802100,0x21862460,
0x1501001c,0x2802100,0xfd862460,0x1501001c,0x2802500,0x21862460,0x1501001c,0x2806400,0xfd862460,0x1501001f,0x2802100,0x20962460,0x15010024,0x2802100,0x20962460,0x15010042,
0x2802100,0x40962460,0x1501004f,0x2802100,0x40962460,0x1501004f,0x2802400,0x40962460,0x15010052,0x2802100,0x40962460,0x15010052,0x2802400,0x40962460,0x15010052,0x2802d00,
0x40962460,0x1501006e,0x2802100,0x80962460,0x1501006e,0x2806400,0x80962460,0x1501006f,0x2806400,0x40962460,0x15010071,0x2802100,0x40962460,0x15010071,0x2806400,0x40962460,
0x15010997,0x2802000,0x10962460,0x15010c9c,0x2802400,0x18962460,0x15010c9c,0x2802400,0x20962460,0x16000000,0x4000000,0x4200000,0x16000000,0x4000000,0x5500000,0x16000000,
0x4000000,0x5600000,0x16000000,0x4000000,0xc8100006,0x16000000,0x4000000,0xc8200003,0x16000000,0x24000000,0x4200000,0x16000002,0x4000000,0x4200000,0x16000004,0x4000000,
0x5600000,0x16000007,0x7c00100,0x80220400,0x16000007,0x7c00100,0x80250400,0x16000008,0x7c00100,0xfc220400,0x16000008,0x7c00100,0xfc250400,0x1600000a,0x4000000,0xc200000,
0x1600000a,0x6800100,0x8962540,0x1600000a,0x7c00100,0x8230400,0x16000012,0x7c00100,0xa230500,0x16000012,0x7c00100,0xa330520,0x16000019,0x7c00100,0x8250400,0x1600001c,
0x4000000,0x5800000,0x1600001c,0x6800100,0x21862400,0x1600001c,0x6800500,0x21862400,0x1600001c,0x6800500,0xfd862400,0x1600001c,0x7c00100,0x21830000,0x1600001c,0x7c00900,
0x21830000,0x16000028,0x4000002,0x47000000,0x16000028,0x7c00100,0x40230400,0x1600003b,0x6800000,0x41329800,0x1600003b,0x7c00100,0x41830000,0x16000047,0x7c00100,0x80230400,
0x16000047,0x7c00100,0x80830400,0x16000047,0x7c00100,0x81430400,0x1600004e,0x4000000,0x44e00000,0x1600004e,0x4000010,0x44400000,0x1600004e,0x6800000,0x42d29800,0x1600004e,
0x6800100,0x40962540,0x1600004e,0x7c00100,0x42b30400,0x1600004e,0xc000010,0x44448000,0x16000058,0x7c00100,0x80230400,0x1600005b,0x4000000,0x84200000,0x1600006a,0x4000000,
0x45800000,0x1600006a,0x6800000,0x41329800,0x1600006a,0x6800100,0x41862400,0x1600006a,0x6800100,0x41862540,0x1600006a,0x7c00900,0x41830000,0x1600006a,0xc000010,0x45848000,
0x16000073,0x6800000,0x41329800,0x16000073,0x6800100,0x40962540,0x16000073,0x6800400,0x40962540,0x16000073,0x7c00100,0x40230400,0x16000073,0xc000010,0x44448000,0x16000074,
0x4000000,0x84200000,0x16000074,0x4000010,0x84400000,0x16000074,0x7c00100,0x80230400,0x16000075,0x4000000,0x84400000,0x16000075,0x4000010,0x84400000,0x16000075,0x7c00100,
0x80230400,0x16000078,0x4000000,0x84200000,0x16000078,0x6800100,0x80962540,0x16000078,0x7c00100,0x80230400,0x16000078,0x7c00100,0x80230401,0x16000078,0xc000010,0x84448000,
0x16000078,0x80000000,0x85329960,0x1600007a,0x4000000,0x84200000,0x1600007a,0x7c00100,0x80230400,0x1600007d,0x4000000,0x84200000,0x1600007d,0x7c00100,0x80230400,0x1600007e,
0x4000000,0x84200000,0x1600007e,0x4000010,0x84200000,0x1600007e,0x7c00100,0x80230400,0x1600007e,0xc000010,0x84248000,0x1600007f,0x4000000,0x45800000,0x1600007f,0x4000010,
0x45800000,0x1600007f,0x7c00100,0x41830000,0x1600007f,0x7c00500,0x41830000,0x1600007f,0x7c00900,0x41830000,0x1600007f,0x7e00100,0x41830000,0x16000082,0x4000000,0x44200000,
0x16000082,0x4000010,0x44400000,0x16000082,0x7c00100,0x40230400,0x16000082,0xc000010,0x44448000,0x16000083,0x4000010,0x44400000,0x16000083,0x7c00100,0x40230400,0x16000083,
0xc000010,0x44448000,0x16000085,0x4000000,0x84200000,0x16000085,0x7c00100,0x80230400,0x16000546,0x7c00100,0x8230400,0x16000548,0x4000400,0xc200000,0x16000562,0x6800400,
0x8962540,0x16000567,0x7c00100,0x8230400,0x1600056a,0x7c00100,0x8230400,0x1600056d,0x7c00100,0x8230400,0x16000573,0x7c00100,0x8230400,0x1600059e,0x24000000,0xc400000,
0x160005dd,0x4000000,0x4200000,0x160005ed,0x4000000,0x4200000,0x160005fc,0x4000000,0x4200000,0x16000607,0x4000000,0x5500000,0x1600061f,0x7c00900,0x60430400,0x16000e1a,
0x7c00100,0x8230400,0x16001000,0x4000000,0x4100000,0x16001000,0x4000000,0xc8100002,0x16001000,0x4000000,0xc8100003,0x16001000,0x4000000,0xc8100006,0x16001000,0x4000000,
0xc810000d,0x16001000,0x4000100,0x4150400,0x16001000,0x4000100,0xc815040d,0x16001000,0x24000000,0x4100000,0x16001000,0x24000000,0x4e00000,0x16001000,0x24000000,0x6800000,
0x16005000,0x4000000,0xc8e00002,0x16005000,0x4000000,0xc8e0000d,0x16005000,0x24000000,0x4100000,0x16005000,0x24000000,0x4e00000,0x16005011,0x7c00300,0xc8e30001,0x16005011,
0x7c40300,0x20e30000,0x16005012,0x7c00100,0xa130480,0x16005014,0x4000000,0xc8e0000d,0x160055c4,0x4000000,0xc8e00003,0x1600800a,0x7c00100,0x20230400,0x1600801c,0x7c00100,
0x21830000,0x1600804e,0x7c00100,0x42b30400,0x1600806a,0x7c00100,0x41830000,0x16008073,0x7c00100,0x40230400,0x16010001,0x2802400,0x10962460,0x16010007,0x2802400,0x80962460,
0x16010007,0x2802400,0x90962460,0x1601000a,0x2802100,0x20962460,0x1601000a,0x2802400,0x8962460,0x1601001c,0x2802100,0x21862460,0x1601004e,0x2802100,0x40962460,0x1601004e,
0x2802400,0x40962460,0x1601006a,0x2802100,0x41862460,0x1601006a,0x2802400,0x40962460,0x1601006a,0x2802400,0x41862460,0x16010073,0x2802100,0x40962460,0x16010073,0x2806400,
0x40962460,0x16010078,0x2802100,0x80962460,0x16010078,0x2802400,0x80962460,0x16010078,0x2806400,0x80962460,0x1601007e,0x2802000,0x80962460,0x1601007e,0x2802100,0x80962460,
0x1601007e,0x2802400,0x80962460,0x1601007f,0x2802100,0x41862460,0x1601007f,0x2802400,0x41862460,0x16010082,0x2802400,0x40962460,0x16010946,0x2802400,0x8962460,0x16010947,
0x2802400,0x8962460,0x1601094b,0x2802400,0x8962460,0x16010950,0x2802400,0x8962460,0x16010953,0x2802400,0x8962460,0x16010956,0x2802400,0x8962460,0x1601095a,0x2802400,
0x8962460,0x1601095c,0x2802400,0x8962460,0x16010964,0x2802400,0x8962460,0x1601096f,0x2802400,0x8962460,0x16010e16,0x2802400,0x8962460,0x1601804e,0x2806400,0x42f62460,
0x1601806a,0x2806400,0x41862460,0x18000000,0x4000000,0x4200000,0x18000000,0x4000000,0x4e00000,0x18000000,0x4000000,0x5600000,0x18000000,0x4000000,0x6703580,0x18000000,
0x24000000,0x4200000,0x18000000,0x24000000,0x4e00000,0x18000000,0x24000000,0x5710000,0x18000000,0x24000020,0x4200000,0x18000002,0x4000000,0x14200000,0x18000002,0x7c00100,
0xfc230400,0x18000008,0x7c00100,0x8220400,0x18000008,0x7c00100,0x8250400,0x1800000a,0x6800100,0xfc962540,0x1800000a,0x7c00100,0xfc230400,0x1800000b,0x7c00100,0x20230400,
0x18000019,0x7c00100,0x8220400,0x18000019,0x7c00100,0x8250400,0x18000019,0x7c00100,0x10220400,0x18000019,0x7c00100,0xc822040e,0x18000019,0x7c00100,0xfc250400,0x1800001a,
0x7c00100,0x8230560,0x1800001f,0x4000000,0x4200000,0x18000027,0x4000000,0x4c00000,0x18000027,0x7c00100,0x8230400,0x1800003c,0x4000000,0x44400000,0x1800003f,0x4000000,
0x44200000,0x1800003f,0x6800100,0x40962540,0x1800003f,0x7c00100,0x42d30400,0x18000041,0x4000000,0x84e00000,0x18000041,0x4000010,0x84e00000,0x18000041,0x6800000,0x82d29800,
0x18000041,0x6800100,0x80962540,0x18000041,0x7c00100,0x82b30400,0x18000041,0x7c00100,0x82c30400,0x18000041,0xc000010,0x84448000,0x18000054,0x4000010,0x44200000,0x18000054,
0x7c00100,0x40230400,0x18000082,0x7c00100,0x40230400,0x18001000,0x4000000,0x4100000,0x18001000,0x4000000,0xc810000d,0x18001000,0x4000100,0x4150400,0x18001000,0x4000100,
0xc815040d,0x18005000,0x4000000,0x4100000,0x18005000,0x4000000,0x4200000,0x18005000,0x4000000,0x4e00000,0x18005000,0x4000000,0x6800000,0x18005000,0x4000000,0xc8e0000d,
0x18005000,0x24000000,0x4200000,0x18005000,0x24000000,0x4e00000,0x18005000,0x24000000,0x6800000,0x18005005,0x7c00100,0x40e30400,0x18005011,0x7c40300,0x20e30000,0x18005014,
0x7c00100,0x8e30000,0x18005016,0x7c00100,0x8e30c00,0x180055c4,0x4000000,0xc8e00003,0x1800801a,0x7c00100,0x8230400,0x1800801a,0x7c00100,0x20230400,0x18010001,0x2802400,
0x10c62460,0x18010002,0x2802100,0x20962460,0x1801000a,0x2802100,0xfc962460,0x1801000b,0x2802400,0x20962460,0x18010027,0x2802100,0x8962460,0x1801003c,0x2806000,0x40962460,
0x1801003f,0x2802100,0x40962460,0x1801003f,0x2802400,0x40962460,0x1801003f,0x2806400,0x42e62460,0x18010041,0x2802100,0x80962460,0x18010041,0x2806400,0x82f62460,0x18010054,
0x2802000,0x40962460,0x19000000,0x4000000,0x4200000,0x19000000,0x4000000,0xc820000f,0x19000000,0x24000000,0x4200000,0x19000000,0x24000000,0x4400000,0x19000000,0x24000000,
0xc200000,0x19000000,0x24000002,0x4300000,0x19000000,0x24000020,0x4200000,0x19000002,0x4000020,0x4200000,0x19000002,0x7c00100,0x20230400,0x19000002,0x7c00100,0xfc230400,
0x19000002,0x7c00120,0xc8230405,0x19000002,0x80000000,0x5329960,0x19000003,0x4000000,0x5600000,0x19000007,0x7c00100,0x80220400,0x19000007,0x7c00100,0x80250400,0x1900000c,
0x7c00100,0x10220400,0x1900000c,0x7c00100,0x20230400,0x1900000c,0x7c00100,0xfc250400,0x1900000f,0x4000000,0x4200000,0x19000018,0x7c00100,0x21830000,0x19000019,0x7c00100,
0x20220400,0x19000019,0x7c00100,0x20250400,0x19000019,0x7c00100,0xfc250400,0x19000019,0x7c00500,0xc822040f,0x1900003c,0x7c00100,0x40230400,0x19000056,0x7c00100,0x80230400,
0x1900005c,0x6800100,0x40962540,0x1900005c,0x7c00100,0x40230400,0x1900005c,0x7c00500,0x40230400,0x19000071,0x4000000,0x44200000,0x19000071,0x7c00100,0x48230400,0x19000073,
0x6800100,0x40962540,0x19000073,0x7c00100,0x40230400,0x19000073,0x7c00900,0x40230400,0x19000073,0xc000010,0x44448000,0x19000076,0x4000000,0x44400000,0x19000076,0x6800000,
0x41329800,0x19000076,0x6800100,0x40962540,0x19000076,0xc000010,0x44448000,0x1900008d,0x7c00100,0x80230400,0x19000097,0x4000000,0x84200000,0x19000097,0x4000000,0x84400000,
0x19000097,0x6800000,0x81329800,0x19000097,0x6800100,0x80962540,0x19000097,0x7c00100,0x80230400,0x19000097,0x7c00100,0x80230560,0x19000097,0xc000010,0x84448000,0x19000098,
0x6800000,0x81329800,0x19000098,0x7c00100,0x80230400,0x19000099,0x6800000,0x81329800,0x19000099,0x6800100,0x80962540,0x19000099,0x7c00100,0x80230400,0x1900057e,0x7c00100,
0x8230400,0x19005000,0x4000000,0x4e00000,0x19005011,0x7c00300,0xc8e30001,0x19005011,0x7c40300,0x20e30000,0x19008071,0x7c00100,0x48230400,0x19008073,0x7c00100,0x40230400,
0x19008076,0x7c00100,0x40230400,0x19010002,0x2802400,0x20962460,0x19010002,0x2802500,0x10962460,0x19010002,0x2802500,0x20962460,0x19010002,0x2802500,0x30962460,0x19010008,
0x2802100,0x8962460,0x1901005c,0x2802500,0x40962460,0x19010071,0x2802100,0x48962460,0x19010073,0x2802100,0x40962460,0x19010076,0x2802100,0x40962460,0x19010076,0x2802100,
0x40962461,0x19010076,0x2806400,0x40962460,0x19010097,0x2802100,0x80962460,0x19010097,0x2806400,0x80962460,0x19010099,0x2802100,0x80962460,0x19010099,0x2802400,0x80962460,
0x19010099,0x2806400,0x80962460,0x19010980,0x2802400,0x8962460,0x19018071,0x2806400,0x48962460,0x19018073,0x2806400,0x40962460,0x19018076,0x2806400,0x40962460,0x19018584,
0x7c00100,0x8230400,0x1a000000,0x4000000,0x5600000,0x1b000000,0x80000,0xc4918820,0x1b000caf,0x80000,0xc4918820,0x1c000000,0x4000000,0x4100000,0x1c000000,0x4000000,
0x4200000,0x1c000000,0x4000000,0x4e00000,0x1c000000,0x4000000,0x5200000,0x1c000000,0x4000000,0x5500000,0x1c000000,0x4000000,0x5600000,0x1c000000,0x4000000,0x5710000,
0x1c000000,0x4000000,0x6800000,0x1c000000,0x4000400,0x4200400,0x1c000000,0x24000000,0x4200000,0x1c000000,0x24000000,0x4400000,0x1c000000,0x24000000,0x4e00000,0x1c000000,
0x24000002,0x7000000,0x1c000000,0x24000008,0x5410000,0x1c000000,0x80000000,0x5329960,0x1c000002,0x7c00100,0x8230400,0x1c000002,0x7c00100,0x20230400,0x1c000003,0x4000000,
0x4200000,0x1c000004,0x7c00100,0x8230400,0x1c000008,0x7c00100,0x8220400,0x1c000008,0x7c00100,0x8250400,0x1c000008,0x7c00500,0xc822040f,0x1c00000e,0x4000000,0x4200000,
0x1c00000e,0x7c00100,0x8220400,0x1c00000e,0x7c00100,0x8250400,0x1c000019,0x7c00100,0x8220400,0x1c000019,0x7c00100,0x8230400,0x1c000019,0x7c00100,0x8250400,0x1c000019,
0x7c00500,0xc822040f,0x1c00001c,0x6800000,0x21329800,0x1c00001c,0x6800500,0x21862400,0x1c00001c,0x7c00900,0x9830000,0x1c00001e,0x7c00100,0x80230400,0x1c000020,0x7c00100,
0x80230400,0x1c000021,0x4000000,0x4200000,0x1c000021,0x6800000,0x21329800,0x1c000030,0x7c00100,0x40230400,0x1c00004b,0x4000000,0x84200000,0x1c00004b,0x4000010,0x84400000,
0x1c00004b,0x6800000,0x81329800,0x1c00004b,0x7c00100,0x80230400,0x1c00004b,0x7c00900,0x80230400,0x1c00004b,0xc000010,0x84448000,0x1c000053,0x7c00100,0x80230400,0x1c000059,
0x7c00100,0x80230400,0x1c000065,0x4000010,0x84400000,0x1c000065,0x7c00100,0x80230400,0x1c000079,0x4000000,0x84200000,0x1c000079,0x4000000,0x84f00000,0x1c000079,0x4000010,
0x84400000,0x1c000079,0x7c00100,0x80230400,0x1c00007b,0x4000000,0x84200000,0x1c00007b,0x4000010,0x84200000,0x1c00007b,0x7c00100,0x80230400,0x1c000086,0x7c00100,0x80230400,
0x1c000086,0xc000010,0x84448000,0x1c000087,0x4000000,0x84200000,0x1c000087,0x7c00100,0x80230400,0x1c000087,0xc000010,0x84448000,0x1c000088,0x7c00100,0x80230400,0x1c000089,
0x6800100,0x80962540,0x1c000089,0x6800100,0x80962541,0x1c000089,0x7c00100,0x80430400,0x1c000089,0x7c00100,0x82b30400,0x1c000089,0x7c00100,0x82d30400,0x1c000089,0x7c00900,
0x80430400,0x1c00008c,0x4000000,0x84200000,0x1c00008c,0x7c00100,0x80230400,0x1c00008e,0x4000000,0x84200000,0x1c00008e,0x7c00100,0x80230400,0x1c00008f,0x4000000,0x84200000,
0x1c00008f,0x7c00100,0x80230400,0x1c000090,0x4000000,0x84200000,0x1c000090,0x7c00100,0x80230400,0x1c000091,0x6800000,0x81329800,0x1c000091,0x6800100,0x80962540,0x1c000091,
0x7c00100,0x80230400,0x1c000092,0x4000000,0x84200000,0x1c000092,0x6800000,0x81329800,0x1c000092,0x7c00100,0x80220400,0x1c000092,0x7c00100,0x80230400,0x1c000092,0x7c00100,
0x80250400,0x1c000095,0x6800000,0xa1329800,0x1c000095,0x7c00100,0xa0230400,0x1c000095,0xc000010,0x84448000,0x1c000097,0x7c00100,0x80230400,0x1c000097,0xc000010,0x84248000,
0x1c00009d,0x4000000,0x84200000,0x1c00009d,0x4000010,0x84200000,0x1c00009d,0x6800100,0x80962540,0x1c00009d,0x7c00100,0x80230400,0x1c00009d,0xc000010,0x84448000,0x1c00009e,
0x4000000,0x84200000,0x1c00009e,0x6800000,0x81329800,0x1c00009e,0x6800100,0x80962540,0x1c00009e,0x6800100,0x80962541,0x1c00009e,0x7c00100,0x80230400,0x1c00009f,0x4000000,
0x84200000,0x1c00009f,0x7c00100,0x80230400,0x1c0000a0,0x4000000,0x84200000,0x1c0000a0,0x4000000,0x84500000,0x1c0000a0,0x7c00100,0x80230400,0x1c0000a3,0x4000000,0x84200000,
0x1c0000a3,0x6800000,0x81329800,0x1c0000a3,0x6800100,0x80962540,0x1c0000a3,0x7c00100,0x80230400,0x1c0000a3,0xc000010,0x84448000,0x1c0000a5,0x7c00100,0x80230400,0x1c0000a6,
0x4000000,0x84500000,0x1c0000a6,0x4000010,0x84b00000,0x1c0000a6,0x4000800,0x84200000,0x1c0000a6,0x6800100,0x80962540,0x1c0000a6,0x6800100,0x80962541,0x1c0000a6,0x7c00100,
0x80230400,0x1c0000a6,0xc000010,0x84448000,0x1c00045f,0x80000,0xc4918820,0x1c00045f,0x2c000010,0x84448000,0x1c0005a5,0x24000010,0x4400000,0x1c00062f,0x4000000,0xc200000,
0x1c000e33,0x4000010,0x84400000,0x1c000e35,0x6800100,0xfc962540,0x1c005000,0x4000000,0x4e00000,0x1c005000,0x4000000,0x6800000,0x1c00800a,0x7c00100,0x8230400,0x1c00801c,
0x7c00100,0x9830000,0x1c00801c,0x7c00100,0x21830000,0x1c008024,0x7c00100,0x8230400,0x1c010001,0x2400,0x4962460,0x1c010001,0x2802100,0x10962460,0x1c010001,0x2802400,
0x8962460,0x1c010001,0x2802400,0x10962460,0x1c010001,0x2802400,0x10c62460,0x1c010002,0x2802100,0x20962460,0x1c010015,0x2802100,0x8962460,0x1c01001a,0x2802100,0x8962460,
0x1c01001c,0x2802500,0x9862460,0x1c01001c,0x2802500,0x21862460,0x1c010024,0x2802100,0x8962460,0x1c010041,0x2806000,0x80c62460,0x1c01004b,0x2802400,0x80962460,0x1c010059,
0x2802100,0x80962460,0x1c010079,0x2802400,0x80962460,0x1c010086,0x2802400,0x80962460,0x1c010087,0x2802000,0x80962460,0x1c010087,0x2802100,0x80962460,0x1c010089,0x2802100,
0x80962460,0x1c010089,0x2802400,0x80962460,0x1c010089,0x2806400,0x82f62460,0x1c01008c,0x2802400,0x80962460,0x1c010091,0x2802100,0x80962460,0x1c010091,0x2802400,0x80962460,
0x1c010091,0x2806400,0x80962460,0x1c01009d,0x2802100,0x80962460,0x1c01009d,0x2802400,0x80962460,0x1c01009d,0x2802900,0x80962460,0x1c01009d,0x2806400,0x80962460,0x1c01009e,
0x2802100,0x80962460,0x1c01009e,0x2802400,0x80962460,0x1c01009e,0x2806400,0x80962460,0x1c0100a0,0x2802400,0x80962460,0x1c0100a3,0x2802100,0x80962460,0x1c0100a3,0x2806400,
0x80962460,0x1c0100a6,0x2802100,0x80962460,0x1c0100a6,0x2802400,0x80962460,0x1c0100a6,0x2806400,0x80962460,0x1c01097e,0x2802400,0x8962460,0x1c010a2f,0x2802400,0x8962460,
0x1c010e35,0x2802100,0xfc962460,0x1c010e35,0x2802400,0xfc962460,0x20000000,0x4000000,0x5500000,0x20000000,0x4000000,0x24200000,0x20000000,0x4000000,0x24e00000,0x20000000,
0x4000000,0x34200000,0x20000000,0x24000000,0x24200000,0x20000002,0x7c00100,0x20230400,0x20000006,0x7c00100,0x40220400,0x20000006,0x7c00100,0x40250400,0x2000000a,0x4000000,
0x2c500000,0x2000000a,0x7c00100,0x28230400,0x20000019,0x7c00100,0x20220400,0x20000019,0x7c00100,0x20230400,0x20000019,0x7c00100,0x20250400,0x2000001a,0x7c00100,0x8230400,
0x2000004c,0x4000000,0x84200000,0x2000004c,0x7c00100,0x80220400,0x2000004c,0x7c00100,0x80250400,0x20000065,0x7c00100,0x80230400,0x20000070,0x4000000,0x84200000,0x20000070,
0x4000010,0x84400000,0x20000070,0xc000010,0x84448000,0x20000089,0x7c00100,0x82d30400,0x2000008d,0x4000000,0x84200000,0x20000097,0x4000000,0x84400000,0x20000097,0x4000000,
0x84500000,0x20000097,0x7c00100,0x80230400,0x20000097,0xc000010,0x84448000,0x2000009c,0x7c00100,0x80230400,0x2000009c,0x7c00100,0x80830400,0x2000009c,0x7c00100,0x81430400,
0x200000a1,0x4000000,0x85800000,0x200000a1,0x6800000,0x81329800,0x200000a1,0x6800100,0x81862400,0x200000a1,0x6800100,0x81862540,0x200000a1,0x7c00100,0x81830000,0x200000a1,
0xc000010,0x84448000,0x200000a2,0x4000000,0x84200000,0x200000a2,0x7c00100,0x80230400,0x200000a4,0x7c00100,0x80230400,0x200000a4,0xc000010,0x84448000,0x200000a6,0x7c00100,
0x80230400,0x200000a6,0xc000010,0x84448000,0x20005000,0x4000000,0x4e00000,0x20005000,0x4000000,0x6800000,0x20005011,0x7c40300,0x20e30000,0x2000800f,0x7c00100,0x20230400,
0x20008024,0x7c00100,0x20230400,0x20010002,0x2802500,0x20962460,0x20010008,0x2802100,0x28962460,0x20010008,0x2802400,0x30962460,0x20010008,0x2802400,0x30c62460,0x20010070,
0x2802000,0x80962460,0x20010089,0x2802100,0x80962460,0x20010097,0x2802000,0x80962460,0x20010097,0x2802400,0x80962460,0x200100a1,0x2802100,0x81862460,0x200100a1,0x2806400,
0x81862460,0x200100a6,0x2802100,0x80962460,0x20015000,0x4000000,0x6902460,0x24000000,0x4000000,0x4e00000,0x24000000,0x24000000,0x4200000,0x24000000,0x24000000,0x4400000,
0x24000000,0x80000000,0x5329960,0x24000002,0x7c00100,0x20230400,0x24000002,0x7c00100,0xfc230400,0x24000008,0x7c00100,0x8220400,0x2400000e,0x4000000,0x4200000,0x24000015,
0x7c00100,0x20230400,0x24000019,0x7c00100,0x10250400,0x2400001a,0x4000000,0x4200000,0x2400001a,0x7c00100,0x20230400,0x2400001b,0x4000000,0x84500000,0x240000a7,0x4000000,
0x45400000,0x240000a7,0x6800000,0x41329800,0x240000a7,0x7c00100,0x40220400,0x240000a7,0x7c00100,0x40250400,0x240000a8,0x4000000,0x84200000,0x240000a8,0x4000000,0x84400000,
0x240000a8,0x4000010,0x84400000,0x240000a8,0x6800000,0x81329800,0x240000a8,0x6800100,0x80962540,0x240000a8,0x7c00100,0x80230400,0x240000a8,0xc000010,0x84448000,0x240000a9,
0x4000000,0x84500000,0x240000a9,0x4000010,0x84b00000,0x240000a9,0x6800100,0x80962540,0x240000a9,0x7c00100,0x80230400,0x240000aa,0x4000000,0x44200000,0x240000aa,0x4000000,
0x44400000,0x240000aa,0x4000010,0x44400000,0x240000aa,0x6800000,0x41329800,0x240000aa,0x6800100,0x40962540,0x240000aa,0x7c00100,0x40230400,0x240000aa,0xc000010,0x44448000,
0x240000ab,0x7c00100,0x40220400,0x240000ab,0x7c00100,0x40250400,0x2400049a,0x24000000,0x4400000,0x24001000,0x4000000,0x4100000,0x24005000,0x4000000,0x4e00000,0x24005000,
0x4000000,0x6800000,0x24005000,0x4000000,0xc8e0000d,0x2400509a,0x7c00300,0x80e30000,0x2400509a,0x7c00900,0x81230400,0x24010001,0x2802400,0x10962460,0x24010002,0x2802000,
0x10962460,0x24010002,0x2802100,0x10962460,0x24010038,0x2802100,0x80962460,0x2401006f,0x2802100,0x40962460,0x2401009d,0x2802100,0x80962460,0x240100a7,0x2802100,0x40962460,
0x240100a7,0x2802400,0x40962460,0x240100a7,0x2802c00,0x40962460,0x240100a8,0x2802100,0x80962460,0x240100a8,0x2806400,0x80962460,0x240100a9,0x2802100,0x80962460,0x240100aa,
0x2802100,0x40962460,0x240100aa,0x2802400,0x40962460,0x240100aa,0x2806400,0x40962460,0x28000000,0x4000000,0x4200000,0x28000000,0x4000000,0x4e00000,0x28000000,0x4000000,
0x5600000,0x28000000,0x24000000,0x4200000,0x28000000,0x24000000,0x4400000,0x28000004,0x4000000,0x4200000,0x28000004,0x7c00100,0x8230400,0x2800001e,0x7c00100,0x80230400,
0x28000022,0x7c00100,0x40230400,0x280000af,0x6800000,0x81329800,0x280000af,0x7c00100,0x80230400,0x280000af,0x7c00100,0x80230560,0x280000b0,0x4000000,0x84400000,0x280000b0,
0x4000000,0x84500000,0x280000b0,0x4000010,0x84400000,0x280000b0,0x6800100,0x80962540,0x280000b0,0x7c00100,0x80230560,0x280000b0,0xc000010,0x84448000,0x280000b1,0x4000000,
0x84200000,0x280000b1,0x4000000,0x84400000,0x280000b1,0x4000000,0x84500000,0x280000b1,0x6800100,0x80962540,0x280000b1,0xc000010,0x84448000,0x28000584,0x6800400,0x8962540,
0x28005000,0x4000000,0x4e00000,0x28005000,0x4000000,0x6800000,0x28005005,0x7c00100,0x48e30400,0x28005011,0x7c40300,0x20e30000,0x28005014,0x7c00100,0x8e30000,0x28005096,
0x7c00300,0x80e30000,0x28005096,0x7c00900,0x81230400,0x280080b0,0x7c00100,0x80230400,0x280080b1,0x7c00100,0x80230400,0x28010001,0x2802400,0x10962460,0x2801000f,0x2802100,
0x20962460,0x2801000f,0x2802400,0x20962460,0x2801000f,0x2802900,0x20962460,0x2801001a,0x2802100,0x20962460,0x2801001a,0x2806400,0x8962460,0x280100af,0x2802100,0x80962460,
0x280100af,0x2802400,0x80962460,0x280100af,0x2806400,0x80962460,0x280100b0,0x2802100,0x80962460,0x280100b0,0x2802800,0x80962460,0x280100b1,0x2802000,0x80962460,0x280100b1,
0x2802100,0x80962460,0x280100b1,0x2806400,0x80962460,0x28010985,0x2802400,0x10962460,0x280180b0,0x2806400,0x80962460,0x280180b1,0x2806400,0x80962460,0x280180b1,0x7c00100,
0x80230400,0x2c000000,0x4000000,0x4200000,0x2c000000,0x4000000,0x4e00000,0x2c000000,0x4000000,0x5500000,0x2c000000,0x24000000,0x4200000,0x2c000000,0x24000000,0x4400000,
0x2c000000,0x24000010,0x4400000,0x2c000003,0x7c00100,0x10220400,0x2c00000a,0x7c00100,0x8230400,0x2c00000c,0x7c00100,0xfc230400,0x2c000010,0x4000000,0x4200000,0x2c000013,
0x7c00100,0x22633800,0x2c000015,0x4000000,0x4500000,0x2c000019,0x7c00100,0x10220400,0x2c000019,0x7c00100,0x20220400,0x2c000019,0x7c00100,0x20250400,0x2c00001b,0x7c00100,
0x80230400,0x2c000039,0x4000000,0x84200000,0x2c000057,0x4000000,0x45600000,0x2c000076,0x6800100,0x40962540,0x2c000078,0x80000000,0x85329960,0x2c0000a1,0x7c00100,0x81830000,
0x2c0000b0,0x7c00100,0x80230400,0x2c0000b2,0x4000000,0x84200000,0x2c0000b2,0x6800100,0x80962540,0x2c0000b2,0x7c00100,0x80230400,0x2c0000b3,0x6800000,0x81329800,0x2c0000b3,
0x6800100,0x80962540,0x2c0000b3,0x7c00100,0x80230400,0x2c0000b4,0x6800100,0x80962540,0x2c0000b4,0x7c00100,0x80430400,0x2c0000b4,0x7c00100,0x82d30400,0x2c0000b4,0xc000010,
0x84448000,0x2c0000b5,0x4000000,0x84200000,0x2c0000b5,0x4000010,0x84400000,0x2c0000b5,0x7c00100,0x80220400,0x2c0000b5,0x7c00100,0x80250400,0x2c0000b5,0xc000010,0x84448000,
0x2c0000b6,0x6800000,0x41329800,0x2c0000b6,0x7c00100,0x40230400,0x2c0000b6,0x7c00500,0x40230400,0x2c0000b7,0x4000000,0x84200000,0x2c0000b7,0x7c00100,0x80230400,0x2c0000b7,
0xc000010,0x84248000,0x2c0000b8,0x4000000,0x84200000,0x2c0000b8,0x7c00100,0x80230400,0x2c005000,0x4000000,0x4200000,0x2c005000,0x4000000,0x4e00000,0x2c005000,0x4000000,
0x6800000,0x2c005005,0x7c00100,0x40e30400,0x2c005011,0x7c40300,0x20e30000,0x2c00509a,0x7c00300,0x80e30000,0x2c008039,0x7c00100,0x80230400,0x2c008076,0x7c00100,0x40230400,
0x2c010002,0x2802400,0x10962460,0x2c010004,0x2802000,0x20962460,0x2c01000a,0x2802100,0x8962460,0x2c010024,0x2802100,0x20962460,0x2c010057,0x2802000,0x40962460,0x2c0100aa,
0x2802000,0x40962460,0x2c0100b2,0x2802100,0x80962460,0x2c0100b2,0x2802400,0x80962460,0x2c0100b2,0x2806400,0x80962460,0x2c0100b3,0x2802100,0x80962460,0x2c0100b3,0x2806400,
0x80962460,0x2c0100b4,0x2802100,0x80962460,0x2c0100b6,0x2802500,0x40962460,0x2c0100b7,0x2802400,0x80962460,0x2c01092e,0x2802400,0x20962460,0x30000000,0x4000000,0x4200000,
0x30000000,0x4000000,0xc820000f,0x30000000,0x24000000,0x4200000,0x30000000,0x24000010,0x4400000,0x30000018,0x7c00100,0x21830000,0x30000019,0x7c00100,0x8250400,0x30000019,
0x7c00100,0x10220400,0x30000019,0x7c00100,0x10250400,0x30000019,0x7c00100,0x20220400,0x30000019,0x7c00100,0x20250400,0x30000023,0x4000000,0x4200000,0x30000023,0x4000000,
0x4400000,0x30000023,0x4000000,0x5500000,0x30000024,0x4000000,0x4500000,0x30000047,0,0x84818820,0x30000047,0,0x84c18820,0x30000047,0,0x85418820,
0x3000005c,0x6800100,0x40962540,0x3000005c,0x7c00100,0x40230400,0x30000099,0x7c00100,0x80230400,0x300000a7,0x7c00100,0x40230400,0x300000aa,0x7c00100,0x40230400,0x300000b0,
0x7c00100,0x80230560,0x300000b9,0x7c00100,0x80230400,0x300000ba,0x4000000,0x44200000,0x300000ba,0x6800000,0x41329800,0x300000ba,0x7c00100,0x40230400,0x300000ba,0x7c00900,
0x40230400,0x300000bb,0x4000000,0x84500000,0x300000bb,0x6800100,0x80962540,0x300000bb,0x7c00100,0x80230400,0x300000bc,0x4000000,0x45600000,0x300000bc,0x6800000,0x41329800,
0x300000bc,0x7c00100,0x40230400,0x300004db,0x7c00100,0x80230400,0x30000d30,0x4000000,0x4200000,0x30005000,0x4000000,0x4e00000,0x30005000,0x4000000,0x6800000,0x30005011,
0x4000000,0x5200000,0x30005011,0x7c00900,0x9230400,0x30005014,0x7c00100,0xa530000,0x30005016,0x7c00100,0xa530c00,0x3000509a,0x7c00300,0x80e30000,0x30010018,0x2806400,
0x21862460,0x3001005c,0x2802100,0x40962460,0x300100ba,0x2802400,0x40962460,0x300100bb,0x2802100,0x80962460,0x300100bb,0x2806400,0x80962460,0x300100bc,0x2802400,0x40962460,
0x310055c4,0x4000000,0xc8e0000d,0x34000000,0x4000000,0x4200000,0x34000000,0x4000400,0x4200000,0x34000000,0x6800000,0xc9329805,0x34000000,0x24000000,0x4200000,0x34000002,
0x7c00100,0x20230400,0x34000002,0x7c00100,0xfc230400,0x34000019,0x7c00100,0x8220400,0x34000019,0x7c00100,0x8250400,0x34000019,0x7c00100,0x10220400,0x34000019,0x7c00500,
0xc822040f,0x3400001a,0x7c00100,0x18230400,0x34000083,0x7c00100,0x40230400,0x34000097,0x6800100,0x80962540,0x340000aa,0x4000010,0x44400000,0x340000aa,0x7c00100,0x40230400,
0x340000bd,0x4000000,0x84200000,0x340000bd,0x7c00100,0x80230400,0x340000be,0x4000000,0x84400000,0x340000be,0x6800000,0x82d29800,0x340000be,0x6800100,0x80962540,0x340000be,
0x6800100,0x80962541,0x340000be,0x7c00100,0x82c30560,0x340000be,0xc000010,0x84448000,0x340000c0,0x4000002,0x87000000,0x340000c0,0x7c00100,0x80230400,0x34005000,0x4000000,
0x4e00000,0x34005000,0x4000000,0x6800000,0x34005005,0x7c00100,0x40e30400,0x34005011,0x7c40300,0x20e30000,0x3400509a,0x7c00300,0x80e30000,0x340050bf,0x7c00300,0x80230000,
0x34008076,0x7c00100,0x40230400,0x340080be,0x7c00100,0x82b30400,0x34010001,0x2802100,0x10962460,0x3401001f,0x2802c00,0x20962460,0x34010021,0x2802100,0x10962460,0x3401003a,
0x2806400,0x40962460,0x34010097,0x2802100,0x80962460,0x340100be,0x2802100,0x80962460,0x340100be,0x2802400,0x80962460,0x340100be,0x2806400,0x80962460,0x340100c0,0x2802100,
0x80962460,0x34015011,0x2802500,0x8962460,0x340150bf,0x2802200,0x80c62460,0x340180be,0x2806400,0x82f62460,0x38000000,0x4000000,0x5500000,0x38000000,0x4000000,0x14200000,
0x38000000,0x24000000,0x5410000,0x38000000,0x24000000,0x6410000,0x38000000,0x24000002,0x7000000,0x38000000,0x2c000010,0x4b48000,0x38000002,0x4000000,0x14200000,0x38000002,
0x7c00100,0x8230400,0x38000002,0x7c00100,0x10230400,0x38000002,0x7c00100,0x20230400,0x38000002,0x7c00500,0x10230400,0x38000002,0xc000010,0x4b48000,0x38000002,0x80000000,
0x5329960,0x3800000b,0x7c00100,0xfc230400,0x38000015,0x7c00100,0x20230400,0x38000019,0x7c00100,0x8220400,0x38000019,0x7c00100,0x8250400,0x38000019,0x7c00100,0x10220400,
0x38000019,0x7c00100,0x10230400,0x38000019,0x7c00100,0xc822040f,0x38000019,0x7c00500,0x20220400,0x38000019,0x7c00500,0xc822040f,0x38000019,0x7c00d00,0xc823040f,0x38000024,
0x7c00100,0x20230400,0x38000028,0x7c00100,0x40230400,0x3800002a,0x7c00100,0x80230400,0x38000038,0x7c00100,0x80220400,0x38000038,0x7c00100,0x80250400,0x3800003e,0xc000010,
0x44448000,0x38000041,0x7c00100,0x82b30400,0x38000099,0x4000000,0x84200000,0x380000a1,0x7c00100,0x81830000,0x380000c1,0x4000000,0x84200000,0x380000c1,0x7c00100,0x80230400,
0x380000c2,0x7c00100,0x80230400,0x380000c2,0xc000010,0x84248000,0x380000c3,0x6800000,0x81329800,0x380000c3,0x7c00100,0x80230400,0x380000c4,0x7c00100,0x80230400,0x380000c5,
0x7c00100,0x80220400,0x380000c5,0x7c00100,0x80250400,0x38005000,0x4000000,0x4e00000,0x38005000,0x4000000,0x6800000,0x38005011,0x7c40300,0x20e30000,0x38005014,0x7c00100,
0x8e30000,0x38005016,0x7c00100,0x8e30c00,0x38005016,0x7c00500,0x20230c00,0x3800803e,0x7c00100,0x42b30400,0x38010001,0x2802100,0x20962460,0x38010001,0x2802400,0x10962460,
0x38010001,0x2802400,0x20962460,0x38010002,0x2802400,0x10962460,0x3801001b,0x12882000,0xc4962460,0x38010024,0x2802400,0x20962460,0x3801002a,0x2806400,0x80962460,0x38010041,
0x2802100,0x80962460,0x38010041,0x2806400,0x80962460,0x38010078,0x2802100,0x80962460,0x380100c2,0x2802400,0x80962460,0x380100c4,0x2802400,0x80962460,0x38010880,0x2802400,
0x50962460,0x3c000000,0x4000000,0x4200000,0x3c000000,0x4000000,0x4e00000,0x3c000008,0x7c00500,0xc822040e,0x3c000008,0x7c00500,0xc822040f,0x3c00000a,0x4000000,0x4500000,
0x3c000015,0x6800100,0x20962540,0x3c000019,0x7c00100,0x10220400,0x3c000047,0,0x84818820,0x3c000047,0,0x84c18820,0x3c000047,0,0x85418820,0x3c000047,
0x7c00100,0x80230400,0x3c000047,0x7c00100,0x81430400,0x3c00009d,0x7c00100,0x80230400,0x3c0000c6,0x4000000,0x84e00000,0x3c0000c6,0x6800000,0x82d29800,0x3c0000c6,0x6800100,
0x80962540,0x3c0000c6,0x7c00100,0x82c30560,0x3c0000c6,0xc000010,0x84448000,0x3c0000c7,0x6800000,0x81329800,0x3c0000c7,0x7c00100,0x80230400,0x3c005000,0x4000000,0x4e00000,
0x3c005000,0x4000000,0x6800000,0x3c005011,0x7c40300,0x20e30000,0x3c005014,0x7c00100,0xa530000,0x3c005016,0x7c00100,0xa530c00,0x3c0080c6,0x7c00100,0x82b30400,0x3c010002,
0x2802400,0x10962460,0x3c010008,0x2802100,0x8962460,0x3c010018,0x2802000,0x21862460,0x3c010047,0x2802000,0x80962460,0x3c010047,0x2802400,0x80962460,0x3c01009d,0x2802100,
0x80962460,0x3c0100c6,0x2802100,0x80962460,0x3c0100c6,0x2806400,0x80962460,0x3c0100c7,0x2802000,0x80962460,0x3c0180c6,0x2806400,0x82f62460,0x3d005011,0x7c40300,0x20e30000,
0x3d0055a8,0x4000000,0x4e00000,0x3d0055a8,0x4008000,0x4e00000,0x40000000,0x4000000,0x4200000,0x40000000,0x4000000,0xc8200005,0x40000000,0x6800000,0xc9329805,0x40000000,
0x24000000,0x4200000,0x40000002,0x7c00100,0x20230400,0x40000008,0x7c00100,0x20220400,0x40000008,0x7c00100,0x20250400,0x40000019,0x7c00100,0x20220400,0x40000019,0x7c00100,
0x20250400,0x4000001c,0x6800000,0x21329800,0x4000003e,0xc000010,0x44448000,0x40000047,0x7c00100,0x80230400,0x400000c9,0x4000002,0x87000000,0x400000c9,0x4000020,0x84200000,
0x400000c9,0x6800000,0x81329800,0x400000c9,0x7c00100,0x80220400,0x400000c9,0x7c00100,0x80230400,0x400000c9,0x7c00100,0x80250400,0x400000c9,0x7c00900,0x80230400,0x400000c9,
0x7c00d00,0x80230400,0x400000ca,0x6800000,0x82d29800,0x400000ca,0x6800100,0x80962540,0x400000ca,0x7c00100,0x82d30400,0x400000cb,0x4000000,0x84200000,0x400000cb,0x6800000,
0x81329800,0x400000cb,0x7c00100,0x80230400,0x400000cb,0x7c00100,0x80230520,0x400000cb,0x7c00100,0x80230521,0x400000cb,0x7c00500,0x80230400,0x400000cb,0xc000010,0x84448000,
0x400000cc,0x4000000,0x84200000,0x400000cc,0x6800000,0x81329800,0x400000cc,0x7c00100,0x80230400,0x400000cd,0x4000000,0x84200000,0x400000cd,0x6800000,0x81329800,0x400000cd,
0x7c00100,0x80230400,0x400000ce,0x7c00100,0x80230400,0x400000ce,0x7c00100,0x80230401,0x400000cf,0x4000000,0x84e00000,0x400000cf,0x6800100,0x80962540,0x400000cf,0x7c00100,
0x80e30400,0x400000cf,0x7c00100,0x82c30560,0x400000cf,0x7c00d00,0x80e30400,0x400000cf,0xc000010,0x84e48000,0x40005000,0x4000000,0x4e00000,0x400050bf,0x7c00300,0x80230000,
0x400055c4,0x4000000,0x4e00000,0x400080cf,0x7c00100,0x82b30400,0x400080cf,0x7c00100,0x82d30400,0x400080cf,0x7c00100,0x82d30401,0x40010002,0x2802100,0x10962460,0x40010002,
0x2802100,0x20962460,0x400100c6,0x2802400,0x80962460,0x400100c9,0x2802400,0x80962460,0x400100c9,0x2802500,0x80962460,0x400100c9,0x2802c00,0x80962460,0x400100ca,0x2802100,
0x80962460,0x400100ca,0x2802100,0x80962461,0x400100ca,0x2806400,0x80962460,0x400100cc,0x2802400,0x80962460,0x400100cc,0x2802c00,0x80962460,0x400100cf,0x2802100,0x80962460,
0x400100cf,0x2802100,0x80962461,0x400100cf,0x2802400,0x80962460,0x400100cf,0x2802c00,0x80962460,0x400100cf,0x2806400,0x80962460,0x400180cf,0x2806400,0x82f62460,0x44000000,
0x4000000,0x4200000,0x44000000,0x4000000,0x5600000,0x44000000,0x4000020,0x4200000,0x44000000,0x24000000,0x4200000,0x44000002,0x4000000,0x4200000,0x44000002,0x4000000,
0x4400000,0x44000002,0x4000000,0x14200000,0x44000002,0x7c00100,0x10230400,0x44000002,0x7c00100,0x20230400,0x44000002,0x7c00100,0xfc230400,0x44000015,0x7c00100,0x8230400,
0x44000019,0x7c00100,0x8250400,0x44000019,0x7c00100,0x20220400,0x44000019,0x7c00100,0x20250400,0x44000019,0x7c00500,0xc822040f,0x44000024,0x7c00100,0x8230400,0x44000097,
0x6800100,0x80962540,0x440000d0,0x7c00100,0x80220400,0x440000d0,0x7c00100,0x80250400,0x440000d1,0x7c00100,0x80230400,0x440000d2,0x7c00100,0x80230400,0x440000d3,0x6800000,
0x81329800,0x440000d3,0x7c00100,0x80230400,0x440000d3,0x7c00d00,0x80230400,0x44005000,0x4000000,0x4e00000,0x44005011,0x7c00300,0x10e30000,0x44005011,0x7c00b00,0x11230000,
0x44005011,0x7c40300,0x20e30000,0x4400509a,0x7c00300,0x80e30000,0x44010001,0x2802400,0x10962460,0x44010001,0x2802400,0x10c62460,0x44010002,0x2802100,0x10962460,0x44010002,
0x2802500,0x8962460,0x44010097,0x2802100,0x80962460,0x440100d2,0x2802100,0x80962460,0x48000000,0x4000000,0x4200000,0x48000000,0x4000000,0x5600000,0x48000000,0x4000000,
0x14200000,0x48000000,0x4000020,0x4200000,0x48000000,0x7c00120,0xc8220405,0x48000000,0x7c00500,0x10530400,0x48000000,0x24000000,0x4810000,0x48000000,0x24000000,0x5410000,
0x48000000,0x2c000010,0x4b48000,0x48000002,0x4000000,0x14200000,0x48000002,0x7c00100,0x8230400,0x48000003,0x7c00500,0xc822040f,0x4800000e,0x7c00500,0xc822040f,0x48000019,
0x7c00100,0x8250400,0x48000019,0x7c00100,0x10220400,0x48000019,0x7c00100,0x10250400,0x48000019,0x7c00100,0x18220400,0x48000019,0x7c00100,0x18230400,0x48000019,0x7c00100,
0x18250400,0x48000019,0x7c00100,0x20220400,0x48000019,0x7c00100,0xc8220402,0x48000019,0x7c00100,0xc822040e,0x48000019,0x7c00100,0xc822040f,0x48000019,0x7c00500,0xc822040f,
0x48000065,0x7c00100,0x80230400,0x480000d5,0x7c00100,0x80230400,0x48000e39,0x7c00100,0x80230400,0x48005000,0x4000000,0x4e00000,0x48005000,0x4000000,0x6800000,0x48005011,
0x7c40300,0x20e30000,0x48005014,0x7c00100,0xc8e30010,0x48005016,0x7c00100,0x8e30c00,0x48005016,0x7c00100,0x12530c00,0x48005016,0x7c00100,0xc8e30c10,0x48005094,0x7c00300,
0x80e30000,0x4800509a,0x7c00300,0x80e30000,0x480050bf,0x7c00300,0x80230000,0x480050d6,0x7c00300,0x80e30000,0x48008004,0x7c00100,0x10230400,0x4800800a,0x7c00100,0xfc230400,
0x48010000,0x2802000,0x10962460,0x48010000,0x2802400,0x10962460,0x48010001,0x2802000,0x10962460,0x48010001,0x2802400,0x10962460,0x48010002,0x2802100,0x10962460,0x48010002,
0x2802400,0x8962460,0x48010002,0x2802400,0x10962460,0x48010002,0x2802500,0x10962460,0x48010004,0x2802100,0x8962460,0x48010013,0x2802500,0x10962460,0x4801001f,0x2802400,
0x20962460,0x4801001f,0x2802c00,0x20962460};

static const int32_t countPropsVectors=6996;
static const int32_t propsVectorsColumns=3;
static const uint16_t scriptExtensions[572]={
7,0xc,0xd,0xe,0x11,0x19,0x33,0x38,0x59,0x68,0x6c,0x75,0x87,0x88,0xa0,0x80b3,
4,8,0xa,0x19,0x26,0x83,0x80c4,5,0x8019,0x19,0x8083,0x19,0x8026,6,7,8,
0xe,0x19,0x34,0x59,0x80cd,6,8,0xe,0x19,0x34,0xab,0xcd,0x80ce,6,8,0x19,
0x803c,0x19,0x22,0x26,0x38,0x80cd,6,7,8,0xd,0xe,0x19,0x22,0x3c,0x9f,0xab,
0x80ce,7,0xd,0x16,0x19,0x38,0x8088,8,0xe,0x19,0x3c,0x8059,7,0x13,0x19,0x22,
0x34,0x3c,0x59,0x87,0x80ce,3,8,0xd,0xe,0x13,0x19,0x22,0x34,0x3c,0x59,0x8087,
0x19,0x22,0x8087,6,8,0x19,0x80ab,6,0x19,0x8034,0x19,0x80cd,0xb,0x8019,8,0x19,
0x80ce,0xe,0x19,0x59,0x80ce,6,0x16,0x19,0x22,0x3c,0x8087,6,0x19,0x22,0x8087,0x19,
0x8022,0x19,0x22,0x80cd,6,0x19,0x8022,6,0xd,0x19,0x22,0x26,0x9f,0x80cd,0x800e,0x19,
0x9f,0x80ce,7,0x800e,0xe,0x92,8,0x8059,8,0x96,8,0x8038,8,0x9a,8,0x8019,
3,0xc,0x8038,3,0xa0,2,0x22,0x25,0x57,0xb6,0xc0,0x80c9,2,0x22,0x8025,2,
0xac,2,0x22,0x25,0x57,0xa7,0xb6,0xc0,0x80c9,2,0x22,0x54,0x79,0x7b,0xa7,0xb6,
0xb7,0x80c2,2,0x8022,2,0x25,0x80c0,2,0xc4,2,0x80b6,2,0xc9,4,0xa,0xf,
0x10,0x15,0x19,0x1a,0x1f,0x23,0x24,0x89,0x97,0x9e,0xaa,0x80bb,4,0xa,0xf,0x10,
0x15,0x19,0x1a,0x1f,0x23,0x24,0x89,0x9e,0x80aa,4,0xa,0xf,0x10,0x15,0x1a,0x1f,
0x21,0x23,0x24,0x3a,0x89,0x91,0x99,0x9e,0xa0,0xaf,0xb2,0xb3,0xbb,0x80cc,4,0xa,
0xf,0x10,0x15,0x1a,0x1f,0x21,0x23,0x24,0x30,0x3a,0x89,0x91,0x99,0x9e,0xa0,0xaf,
0xb2,0xb3,0xbb,0xca,0x80cc,0xa,0x78,0xa0,0x80b2,0xa,0x115,4,0x3a,0x8076,4,0x11b,
0x10,0x80a4,0x10,0x120,0xf,0x809d,0xf,0x124,0x15,0x1a,0x23,0x8024,0x23,0x128,0x23,0x8089,
0x23,0x12e,0x15,0xbb,0x80cf,0x15,0x132,0x1c,0x34,0x8076,0x1c,0x137,0xc,0x19,0x8038,0x8020,
0x2a,0x2b,0x2c,0x802d,0x1b,0x805a,0x800a,4,0xa,0x15,0x8089,4,0xa,0x24,0x9e,0x80aa,
4,0xa,0x8024,0xa,0x97,0x80aa,4,0xa,0x24,0x80aa,0xa,0x8097,0xa,0x15,0x1a,0x1f,
0x23,0x8024,4,0x800a,0xa,0x9e,0x80aa,0xa,0xaa,0x80bb,4,0xa,0x8097,0xa,0x80aa,4,
0xa,0x97,0x80aa,4,0xa,0x15,0x1a,0x1f,0x21,0x24,0x89,0x9e,0xbb,0x80cf,0xa,0x8089,
0xa,0x15,0x89,0x80cf,0x8004,8,0x19,0x8022,0x19,0x1b,0x805a,2,0x80a7,0xc,0x38,0x4c,
0x58,0x68,0x806b,0xe,0x4c,0x56,0x8068,0xa,0x19,0x8089,7,0x8019,0x58,0x8075,0xc,0x4c,
0x68,0x6c,0x75,0x78,0x807e,2,0x4c,0x80a7,0x11,0x809a,5,0x11,0x12,0x14,0x16,0x8029,
5,0x11,0x12,0x14,0x16,0x1b,0x8029,5,0x11,0x12,0x14,0x16,0x1b,0x29,0x805a,5,
0x11,0x12,0x14,0x8016,0x8011,5,0x11,0x12,0x14,0x16,0x1b,0x27,0x8029,5,0x11,0x12,
0x14,0x16,0x1b,0x27,0x29,0x8083,5,0x8011,0x11,0x14,0x8016,0x11,0x8019,0xa,0xf,0x10,
0x15,0x1a,0x78,0x91,0x97,0x99,0x9d,0x9e,0xa0,0xa3,0xb2,0xbb,0x80cf,0xa,0xf,0x10,
0x15,0x78,0x91,0x97,0x99,0x9d,0x9e,0xa0,0xa3,0xb2,0xbb,0x80cf,0xa,0xf,0x10,0x78,
0x91,0x99,0x9d,0x9e,0xa0,0xa3,0x80b2,0xa,0xf,0x10,0x78,0x91,0x97,0x99,0x9d,0x9e,
0xa0,0xa3,0x80b2,4,0xa,0x80cf,0xa,0x213,0xa,0x8023,0xa,0x218,0x19,0x1c,0x804f,0x37,
0x804e,2,0x8057,2,0x8025,2,0x223,0x2f,0x31,0x8053,0x2f,0x31,0x80c1,0x2f,0x8031,2,
0x8007,0x79,0x80c2,0x79,0x231,0x89,0x12e,0x65,0x80d5,0x65,0x237,0};

static const uint16_t block_trieIndex[873]={
0,0x40,0x80,0xc0,0x100,0x140,0x180,0x1c0,0x200,0x240,0x280,0x2c0,0x300,0x340,0x340,0x340,
0x340,0x340,0x340,0x364,0x384,0x384,0x384,0x384,0x384,0x384,0x384,0x384,0x384,0x384,0x384,0x384,
0x384,0x384,0x384,0x384,0x384,0x384,0x384,0x384,0x3c4,0x3fb,0x43b,0x47b,0x47b,0x47b,0x47b,0x47b,
0x47b,0x47b,0x47b,0x47b,0x47b,0x480,0x4c0,0x500,0x540,0x540,0x540,0x540,0x540,0x540,0x570,0x5a5,
0x311,0x331,0x331,0x341,0x361,0,0x10,0x20,0x30,0x40,0x50,0x60,0x70,0x80,0x90,0xa0,
0xb0,0xc0,0xd0,0xe0,0xf0,0x100,0x110,0x120,0x130,0x140,0x150,0x160,0x170,0x180,0x190,0x1a0,
0x1b0,0x1c0,0x1d0,0x1e0,0x1f0,0x200,0x210,0x220,0x230,0x240,0x250,0x260,0x270,0x280,0x290,0x2a0,
0x2b0,0x2c0,0x2d0,0x2e0,0x2f0,0x300,0x310,0x320,0x330,0x340,0x350,0x360,0x370,0x340,0x350,0x360,
0x370,0x340,0x350,0x360,0x370,0x364,0x374,0x384,0x394,0x384,0x394,0x3a4,0x3b4,0x384,0x394,0x3a4,
0x3b4,0x384,0x394,0x3a4,0x3b4,0x384,0x394,0x3a4,0x3b4,0x384,0x394,0x3a4,0x3b4,0x384,0x394,0x3a4,
0x3b4,0x384,0x394,0x3a4,0x3b4,0x384,0x394,0x3a4,0x3b4,0x3c4,0x3d4,0x3e4,0x3f4,0x3fb,0x40b,0x41b,
0x42b,0x43b,0x44b,0x45b,0x46b,0x47b,0x48b,0x49b,0x4ab,0x47b,0x48b,0x49b,0x4ab,0x47b,0x48b,0x49b,
0x4ab,0x47b,0x48b,0x49b,0x4ab,0x47b,0x48b,0x49b,0x4ab,0x480,0x490,0x4a0,0x4b0,0x4c0,0x4d0,0x4e0,
0x4f0,0x500,0x510,0x520,0x530,0x540,0x550,0x560,0x570,0x540,0x550,0x560,0x570,0x540,0x550,0x560,
0x570,0x540,0x550,0x560,0x570,0x540,0x550,0x560,0x570,0x540,0x550,0x560,0x570,0x570,0x580,0x590,
0x5a0,0x5a5,0x5b5,0x5c5,0x5d5,0x5e5,0x5f5,0x605,0x615,0x625,0x635,0x645,0x64d,0x65d,0x66d,0x67d,
0x68d,0x69d,0x6ad,0x6b7,0x6c7,0x6d7,0x6e7,0x6f7,0x707,0x717,0x725,0x735,0x745,0x755,0x765,0x775,
0x785,0x795,0x7a5,0x7b5,0x7c5,0x7d5,0x7d5,0x7d5,0x7d5,0x7e5,0x7f0,0x7f7,0x800,0x800,0x800,0x800,
0x800,0x800,0x800,0x800,0x807,0x817,0x817,0x817,0x817,0x824,0x82a,0x82a,0x82a,0x82a,0x82a,0x82a,
0x82a,0x82a,0x82a,0x82a,0x82a,0x83a,0x83a,0x842,0x800,0x800,0x800,0x800,0x800,0x800,0x800,0x800,
0x800,0x800,0x800,0x800,0x800,0x800,0x800,0x800,0x800,0x800,0x800,0x800,0x800,0x800,0x800,0x800,
0x800,0x852,0x800,0x800,0x800,0x800,0x800,0x800,0x862,0x862,0x86e,0x87e,0x800,0x88a,0x896,0x8a6,
0x8b6,0x8b6,0x8b6,0x8b6,0x8b6,0x8b6,0x8b6,0x8b6,0x8b6,0x8b6,0x8b6,0x8b6,0x8b6,0x8b6,0x8b6,0x8b6,
0x8c6,0x8c6,0x8c6,0x8d6,0x8d6,0x8e6,0x8f6,0x8f6,0x8f6,0x8fc,0x800,0x800,0x800,0x800,0x800,0x800,
0x800,0x800,0x800,0x800,0x800,0x800,0x800,0x800,0x800,0x90a,0x91a,0x92a,0x931,0x800,0x800,0x800,
0x800,0x800,0x800,0x800,0x800,0x800,0x941,0x800,0x800,0x800,0x800,0x800,0x800,0x800,0x800,0x800,
0x800,0x800,0x800,0x951,0x951,0x955,0x965,0x975,0x985,0x995,0x9a5,0x9b5,0x9b5,0x9b5,0x9b5,0x9c5,
0x9c5,0x9ca,0x9da,0x800,0x800,0x800,0x9ea,0x9fa,0xa0a,0xa11,0x800,0xa21,0xa31,0xa41,0xa51,0xa61,
0xa71,0x800,0x800,0xa7a,0xa8a,0xa9a,0x800,0xaaa,0xaba,0xaca,0xada,0xada,0xada,0xaea,0xafa,0xb0a,
0xb1a,0xb2a,0xb3a,0x800,0x800,0x800,0x800,0xb4a,0xb4a,0xb4a,0xb4a,0xb4a,0xb4a,0xb4a,0xb4a,0xb4a,
0xb4a,0xb4a,0xb4a,0xb4a,0xb4a,0xb4a,0xb4a,0xb4a,0xb4a,0xb4a,0xb4a,0xb4a,0xb4a,0xb4a,0xb4a,0xb4a,
0xb4a,0xb4a,0xb4a,0xb4a,0xb4a,0xb4a,0xb4a,0xb4c,0xb5c,0xb5c,0xb5c,0xb5c,0xb5c,0xb5c,0xb5c,0xb5c,
0xb5c,0xb5c,0xb5c,0xb5c,0xb5c,0xb5c,0xb5c,0xb5c,0xb68,0xb76,0xb78,0xb78,0xb78,0xb78,0xb78,0xb78,
0xb78,0xb78,0xb78,0xb78,0xb78,0xb78,0xb78,0xb78,0xb7d,0xb88,0xb88,0xb88,0xb88,0xb88,0xb88,0xb88,
0xb88,0xb88,0xb88,0xb88,0xb88,0xb88,0xb88,0xb88,0xb88,0xb88,0xb89,0xb98,0xb98,0xba2,0x800,0x800,
0x800,0x800,0x800,0x800,0x800,0x800,0x800,0xbb2,0xbb2,0xbc0,0x800,0x800,0x800,0x800,0x800,0xbd0,
0xbd0,0xbd0,0xbd0,0xbd0,0xbd0,0xbd0,0xbd0,0xbd0,0xbd0,0xbd0,0xbd0,0xbd0,0xbd0,0xbd0,0xbd0,0xbd0,
0xbd0,0xbd0,0xbdb,0xbe0,0xbe0,0xbe0,0xbe0,0xbe0,0xbe0,0xbe0,0xbe0,0xbe0,0xbe0,0xbe0,0xbe0,0xbe5,
0xbf0,0xbf0,0xbf0,0xbf0,0xbf0,0xbf0,0xbf0,0xbf0,0xbf0,0xbf0,0xbf0,0xbf0,0xbf0,0xbf0,0xbf0,0xbf0,
0xbf8,0x800,0x800,0x800,0x800,0x800,0x800,0x800,0x800,0x800,0x800,0x800,0x800,0x800,0x800,0x800,
0x800,0x800,0x800,0x800,0x800,0x800,0x800,0x800,0x800,0x800,0x800,0x800,0x800,0x800,0x800,0x800,
0x800,0xc08,0xc08,0xc08,0xc08,0xc08,0xc08,0xc08,0xc08,0xc08,0xc08,0xc08,0xc08,0xc08,0xc08,0xc08,
0xc08,0xc08,0xc08,0xc08,0xc08,0xc08,0xc08,0xc08,0xc08,0xc08,0xc08,0xc08,0xc08,0xc14,0x800,0x800,
0x800,0xc24,0xc34,0x800,0x800,0x800,0x800,0x800,0x800,0x800,0x800,0x800,0x800,0x800,0x800,0x800,
0x800,0x800,0x800,0x800,0x800,0x800,0x800,0x800,0x800,0x800,0x800,0x800,0x800,0x800,0x800,0x800,
0x800,0xc44,0xc44,0xc44,0xc44,0xc44,0xc44,0xc44,0xc44,0xc44,0xc44,0xc44,0xc44,0xc44,0xc44,0xc44,
0xc44,0xc44,0xc44,0xc44,0xc44,0xc44,0xc44,0xc44,0xc44,0xc44,0xc44,0xc44,0xc44,0xc44,0xc44,0xc44,
0xc44,0xc54,0xc54,0xc54,0xc54,0xc54,0xc54,0xc54,0xc54,0xc54,0xc54,0xc54,0xc54,0xc54,0xc54,0xc54,
0xc54,0xc54,0xc54,0xc54,0xc54,0xc54,0xc54,0xc54,0xc54,0xc54,0xc54,0xc54,0xc54,0xc54,0xc54,0xc54,
0xc54,0x45,0x65,0x79,0x89,0x89,0xa9,0xb5,0xd5,0xf5,0x115,0x131,0x150,0x168,0x17a,0x197,
0x1b7,0x1d7,0x1d7,0x1d7,0x1d7,0x1d7,0x1f1,0x20a,0x21f,0x23f,0x25c,0x271,0x271,0x271,0x271,0x281,
0x291,0x271,0x271,0x271,0x271,0x271,0x271,0x271,0x271,0x271,0x271,0x271,0x271,0x271,0x271,0x271,
0x271,0x271,0x271,0x271,0x271,0x271,0x271,0x271,0x271,0x271,0x271,0x271,0x271,0x271,0x271,0x271,
0x271,0x2b1,0x271,0x271,0x271,0x271,0x271,0x271,0x271,0x2d1,0x2d1,0x2d1,0x2d1,0x2d1,0x2d1,0x2d1,
0x2d1,0x2f1,0x2f1,0x2f1,0x2f1,0x2f1,0x2f1,0x2f1,0x2f1
};

static const uint16_t block_trieData[3175]={
1,1,1,1,1,1,1,1,2,2,2,2,2,2,2,2,
3,3,3,3,3,3,3,3,4,4,4,4,4,4,4,4,
4,4,4,4,4,5,5,5,5,5,5,6,6,6,6,6,
7,7,7,7,7,7,7,8,8,8,8,8,8,8,8,8,
9,9,9,9,9,9,9,9,9,9,9,9,9,9,9,9,
0x61,0x61,0x61,0xa,0xa,0xa,0xa,0xa,0xa,0xb,0xb,0xb,0xb,0xb,0xb,0xb,
0xc,0xc,0xc,0xc,0xc,0xc,0xc,0xc,0xc,0xc,0xc,0xc,0xc,0xc,0xc,0xc,
0xd,0xd,0xd,0xd,0xd,0x80,0x80,0x80,0xe,0xe,0xe,0xe,0x92,0x92,0x92,0x92,
0xac,0xac,0xac,0xac,0xc6,0xc6,0x117,0x135,0x135,0x135,0xd2,0xd2,0xd2,0xd2,0xd2,0xd2,
0xf,0xf,0xf,0xf,0xf,0xf,0xf,0xf,0x10,0x10,0x10,0x10,0x10,0x10,0x10,0x10,
0x11,0x11,0x11,0x11,0x11,0x11,0x11,0x11,0x12,0x12,0x12,0x12,0x12,0x12,0x12,0x12,
0x13,0x13,0x13,0x13,0x13,0x13,0x13,0x13,0x14,0x14,0x14,0x14,0x14,0x14,0x14,0x14,
0x15,0x15,0x15,0x15,0x15,0x15,0x15,0x15,0x16,0x16,0x16,0x16,0x16,0x16,0x16,0x16,
0x17,0x17,0x17,0x17,0x17,0x17,0x17,0x17,0x18,0x18,0x18,0x18,0x18,0x18,0x18,0x18,
0x19,0x19,0x19,0x19,0x19,0x19,0x19,0x19,0x1a,0x1a,0x1a,0x1a,0x1a,0x1a,0x1a,0x1a,
0x1b,0x1b,0x1b,0x1b,0x1b,0x1b,0x1b,0x1b,0x1b,0x1b,0x1b,0x1b,0x1b,0x1b,0x1b,0x1b,
0x1c,0x1c,0x1c,0x1c,0x1c,0x1c,0x1c,0x1c,0x1c,0x1c,0x1d,0x1d,0x1d,0x1d,0x1d,0x1d,
0x1e,0x1e,0x1e,0x1e,0x1e,0x1e,0x1e,0x1e,0x1e,0x1e,0x1e,0x1e,0x1e,0x1e,0x1e,0x1e,
0x1f,0x1f,0x1f,0x1f,0x1f,0x1f,0x1f,0x1f,0x1f,0x1f,0x1f,0x1f,0x1f,0x1f,0x1f,0x1f,
0x1f,0x1f,0x1f,0x1f,0x1f,0x1f,0x1f,0x1f,0x86,0x86,0x20,0x20,0x20,0x20,0x20,0x20,
0x21,0x21,0x21,0x21,0x21,0x21,0x21,0x21,0x21,0x21,0x21,0x21,0x21,0x21,0x21,0x21,
0x21,0x21,0x21,0x21,0x21,0x21,0x21,0x21,0x21,0x21,0x21,0x21,0x21,0x21,0x21,0x21,
0x21,0x21,0x21,0x21,0x21,0x21,0x21,0x21,0x22,0x22,0x23,0x23,0x23,0x23,0x23,0x23,
0x62,0x62,0x63,0x63,0x64,0x64,0x65,0x65,0x24,0x24,0x24,0x24,0x24,0x24,0x24,0x24,
0x25,0x25,0x25,0x25,0x25,0x25,0x25,0x25,0x25,0x25,0x25,0xad,0xad,0xad,0xad,0xad,
0x6f,0x6f,0x6f,0x6f,0x6f,0x70,0x70,0x70,0x8b,0x8b,0x8b,0x8b,0x8b,0x8b,0x71,0x71,
0x81,0x81,0xae,0xae,0xae,0xae,0xae,0xae,0xae,0xae,0xae,0xe0,0xe0,0xe0,0xe0,0xe0,
0x93,0x93,0x93,0x93,0x93,0x93,0x93,0x93,0x9b,0x9b,0x9b,0x9b,0xc7,0xc7,0xc7,0xc7,
0x9c,0x9c,0x9c,0x9c,0x9c,0x9d,0x9d,0x9d,0x109,0x11b,0x11b,0x11b,0xdb,0xaf,0xaf,0xaf,
0x72,0x72,0x72,0x72,0x72,0x72,0x72,0x72,0x8d,0x8d,0x8d,0x8d,0x83,0x83,0x83,0x83,
0x26,0x26,0x26,0x26,0x26,0x26,0x26,0x26,0x26,0x26,0x26,0x26,0x26,0x26,0x26,0x26,
0x27,0x27,0x27,0x27,0x27,0x27,0x27,0x27,0x27,0x27,0x27,0x27,0x27,0x27,0x27,0x27,
0x28,0x28,0x28,0x28,0x28,0x28,0x28,0x29,0x29,0x29,0x2a,0x2a,0x2a,0x2b,0x2b,0x2b,
0x2c,0x2c,0x2c,0x2c,0x2c,0x2d,0x2d,0x2d,0x2d,0x2e,0x2e,0x2e,0x2e,0x2e,0x2e,0x2e,
0x2f,0x2f,0x2f,0x2f,0x2f,0x2f,0x2f,0x2f,0x2f,0x2f,0x2f,0x2f,0x2f,0x2f,0x2f,0x2f,
0x30,0x30,0x30,0x30,0x30,0x30,0x30,0x30,0x30,0x30,0x30,0x30,0x30,0x30,0x30,0x30,
0x31,0x31,0x31,0x31,0x32,0x32,0x33,0x33,0x33,0x33,0x33,0x33,0x33,0x33,0x33,0x33,
0x34,0x34,0x34,0x34,0x34,0x34,0x34,0x34,0x35,0x35,0x36,0x36,0x36,0x36,0x36,0x36,
0x37,0x37,0x37,0x37,0x37,0x37,0x37,0x37,0x37,0x37,0x37,0x37,0x37,0x37,0x37,0x37,
0x38,0x38,0x38,0x38,0x38,0x38,0x38,0x38,0x38,0x38,0x38,0x38,0x66,0x66,0x66,0x67,
0x39,0x39,0x39,0x39,0x39,0x39,0x39,0x39,0x39,0x39,0x39,0x39,0x39,0x39,0x39,0x39,
0x68,0x68,0x68,0x68,0x68,0x68,0x68,0x68,0x69,0x69,0x69,0x69,0x69,0x69,0x69,0x69,
0x6a,0x6a,0x6a,0x6a,0x6a,0x6a,0x6a,0x6a,0x6a,0x6a,0x6a,0x6a,0x6a,0x6a,0x6a,0x6a,
0x73,0x73,0x73,0x73,0x73,0x73,0x73,0x73,0x73,0x73,0x73,0x73,0x73,0x73,0x73,0x73,
0x88,0x88,0x88,0x88,0x88,0x88,0x94,0x94,0x84,0x84,0x84,0x84,0x84,0x84,0x84,0x84,
0x87,0x87,0x87,0x90,0x90,0x90,0x90,0x90,0x85,0x85,0x85,0x85,0x85,0x85,0x9e,0x9e,
0x8e,0x8e,0x8e,0x8e,0x8e,0x8e,0x8e,0x8e,0x3a,0x3a,0x3a,0x3a,0x3a,0x3a,0x3a,0x3a,
0x3b,0x3b,0x3b,0x3b,0x3b,0x3b,0x3b,0x3b,0x3b,0x3b,0x3b,0x3b,0x3b,0x3b,0,0x3c,
0x3d,0x3d,0x3d,0x3d,0x3e,0x3e,0x3e,0x3e,0x3e,0x3e,0x3f,0x3f,0x3f,0x3f,0x3f,0x3f,
0x40,0x40,0x40,0x41,0x41,0x41,0x41,0x41,0x41,0x42,0x43,0x43,0x82,0x82,0x82,0x6b,
0x44,0x44,0x44,0x44,0x44,0x44,0x44,0x44,0x44,0x44,0x44,0x44,0x44,0x44,0x44,0x44,
0x45,0x45,0x45,0x45,0x45,0x45,0x45,0x45,0x45,0x45,0x45,0x45,0x45,0x45,0x45,0x45,
0x46,0x46,0x46,0x46,0x46,0x46,0x46,0x46,0x46,0x46,0x46,0x46,0x46,0x46,0x46,0x46,
0x46,0x46,0x46,0x46,0x46,0x46,0x46,0x46,0x46,0x46,0x46,0x46,0x46,0x46,0x46,0x46,
0x46,0x46,0x46,0x46,0x46,0x46,0x46,0x46,0x46,0x46,0x46,0x46,0x46,0x46,0x46,0x46,
0x46,0x46,0x46,0x46,0x46,0x46,0x46,0x46,0x46,0x46,0x46,0x46,0x46,0x46,0x46,0x46,
0x74,0x74,0x74,0x74,0x47,0x47,0x47,0x47,0x47,0x47,0x47,0x47,0x47,0x47,0x47,0x47,
0x47,0x47,0x47,0x47,0x47,0x47,0x47,0x47,0x47,0x47,0x47,0x47,0x47,0x47,0x47,0x47,
0x47,0x47,0x47,0x47,0x47,0x47,0x47,0x47,0x47,0x47,0x47,0x47,0x47,0x47,0x47,0x47,
0x47,0x47,0x47,0x47,0x47,0x47,0x47,0x47,0x47,0x47,0x47,0x47,0x47,0x47,0x47,0x47,
0x47,0x47,0x47,0x47,0x48,0x48,0x48,0x48,0x48,0x48,0x48,0x48,0x48,0x48,0x48,0x48,
0x48,0x48,0x48,0x48,0x48,0x48,0x48,0x48,0x48,0x48,0x48,0x48,0x48,0x48,0x48,0x48,
0x48,0x48,0x48,0x48,0x48,0x48,0x48,0x48,0x48,0x48,0x48,0x48,0x48,0x48,0x48,0x48,
0x48,0x48,0x48,0x48,0x48,0x48,0x48,0x48,0x48,0x48,0x48,0x48,0x48,0x48,0x48,0x48,
0x48,0x48,0x48,0x48,0x49,0x49,0x49,0x49,0xb0,0xb0,0xb0,0x9f,0x9f,0x9f,0x9f,0x9f,
0x9f,0x9f,0x9f,0x9f,0x9f,0x9f,0x9f,0x9f,0x9f,0x9f,0x9f,0x9f,0x9f,0x9f,0x9f,0xa0,
0xa0,0xa0,0xa0,0xa0,0xa0,0xb1,0xb1,0xb1,0xb1,0xb1,0xb1,0x8a,0x8a,0x95,0x95,0x95,
0x95,0x95,0x95,0x95,0x95,0x95,0x95,0x95,0x95,0x95,0x95,0x8f,0x8f,0x8f,0xb2,0x96,
0x96,0x96,0x96,0xa1,0xa1,0xa1,0xa1,0xa1,0xa1,0xb3,0xb3,0xa2,0xa2,0xa2,0xa3,0xa3,
0xa3,0xb4,0xb4,0xb5,0xb5,0xb5,0xb5,0xb5,0xb5,0xee,0xee,0xa4,0xa4,0xa4,0xa4,0xa4,
0xa4,0xb6,0xb6,0xb7,0xb7,0xb7,0xb7,0xb7,0xb7,0xd5,0xd5,0xc8,0xc8,0xc8,0xe7,0xe7,
0xe7,0xe7,0xff,0xff,0xff,0xff,0xff,0xb8,0xb8,0xb8,0xb8,0x4a,0x4a,0x4a,0x4a,0x4a,
0x4a,0x4a,0x4a,0x4a,0x4a,0x4a,0x4a,0x4a,0x4a,0x4a,0x4a,0x4a,0x4a,0x4a,0x4a,0x4a,
0x4a,0x4a,0x4a,0x4a,0x4a,0x4a,0x4a,0x4a,0x4a,0x4a,0x4a,0x4a,0x4a,0x4a,0x4a,0x4a,
0x4a,0x4a,0x4a,0x4a,0x4a,0x4a,0x4a,0x4a,0x4a,0x4a,0x4a,0x4a,0x4a,0x4a,0x4a,0x4a,
0x4a,0x4a,0x4a,0x4a,0x4a,0x4a,0x4a,0x4a,0x4a,0x4a,0x4a,0xb9,0xb9,0xb9,0xb9,0xb9,
0x4b,0x4b,0x4b,0x4b,0x4b,0x4b,0x4b,0x4b,0x4b,0x4b,0x4b,0x4b,0x4b,0x4b,0x4b,0x4b,
0x4b,0x4b,0x4b,0x4b,0x4b,0x4b,0x4b,0x4b,0x4b,0x4b,0x4b,0x4b,0x4b,0x4b,0x4b,0x4b,
0x4b,0x4b,0x4b,0x4b,0x4b,0x4b,0x4b,0x4b,0x4b,0x4b,0x4b,0x4b,0x4b,0x4b,0x4b,0x4b,
0x4b,0x4b,0x4b,0x4b,0x4b,0x4b,0x4b,0x4b,0x4c,0x4c,0x4c,0x4c,0x4c,0x4c,0x4c,0x4c,
0x4d,0x4d,0x4d,0x4d,0x4d,0x4d,0x4d,0x4d,0x4d,0x4d,0x4d,0x4d,0x4d,0x4d,0x4d,0x4d,
0x4d,0x4d,0x4d,0x4d,0x4d,0x4d,0x4d,0x4d,0x4d,0x4d,0x4d,0x4d,0x4d,0x4d,0x4d,0x4d,
0x4d,0x4d,0x4d,0x4d,0x4d,0x4d,0x4d,0x4d,0x4d,0x4d,0x4d,0x4d,0x4d,0x4d,0x4d,0x4d,
0x4d,0x4d,0x4d,0x4d,0x4d,0x4d,0x4d,0x4d,0x4d,0x4d,0x4d,0x4d,0x4d,0x4d,0x4d,0x4d,
0x4e,0x4e,0x4e,0x4e,0x4e,0x4e,0x4e,0x4e,0x4e,0x4e,0x4e,0x4e,0x4e,0x4e,0x4e,0x4e,
0x4e,0x4e,0x4e,0x4e,0x4e,0x4e,0x4e,0x4e,0x4e,0x4e,0x4e,0x4e,0x4e,0x4e,0x4e,0x4e,
0x4e,0x4e,0x4e,0x4e,0x4e,0x4e,0x4e,0x4e,0x4e,0x4e,0x4e,0x4e,0x4e,0x4e,0x4e,0x4e,
0x4e,0x4e,0x4e,0x4e,0x4e,0x4e,0x4e,0x4e,0x4e,0x4e,0x4e,0x4e,0x4e,0x4e,0x4e,0x4e,
0x4f,0x4f,0x4f,0x4f,0x4f,0x4f,0x4f,0x4f,0x4f,0x4f,0x4f,0x4f,0x4f,0x4f,0x4f,0x4f,
0x4f,0x4f,0x4f,0x4f,0x4f,0x4f,0x4f,0x4f,0x4f,0x4f,0x4f,0x4f,0x4f,0x4f,0x4f,0x4f,
0x50,0x50,0x50,0x50,0x50,0x51,0x51,0x51,0x51,0x51,0x51,0x51,0x51,0x51,0x51,0x51,
0x51,0x51,0x51,0x51,0x51,0x51,0x51,0x51,0x51,0x51,0x51,0x51,0x51,0x51,0x51,0x51,
0x51,0x51,0x51,0x51,0x51,0x6c,0x91,0x52,0x53,0x53,0x54,0x54,0x55,0x55,0x55,0x55,
0x55,0x55,0x55,0x55,0x55,0x57,0x57,0x57,0x57,0x57,0x57,0x57,0x57,0x57,0x57,0x57,
0x57,0x57,0x57,0x57,0x56,0x75,0x75,0x75,0x75,0x75,0x75,0x75,0x75,0x76,0x76,0x76,
0x76,0x76,0x76,0x76,0x76,0x77,0x77,0x77,0x77,0x7f,0x7f,0x7f,0x7f,0x7f,0xa5,0xa5,
0xa5,0xa5,0xa6,0xa6,0xa6,0,0,0,0,0,0,0,0,0xa7,0xa7,0xa8,
0xa8,0xa8,0xa8,0xdf,0xdf,0x58,0x58,0x58,0x59,0x59,0xf1,0xf1,0xf1,0x78,0x78,0x8c,
0x8c,0x8c,0x8c,0,0,0x5a,0x5a,0x5a,0x5a,0x5a,0x79,0x79,0x79,0x7a,0x7a,0x7a,
0x10f,0x10f,0x10f,0x10f,0x10f,0xe2,0xe2,0xe2,0xde,0xde,0xde,0xde,0x13f,0x13f,0x13f,0x13f,
0x13f,0x151,0x151,0x151,0x151,0xe8,0xe8,0xe8,0xe8,0xe8,0xe8,0xe8,0xe8,0xe8,0xe8,0xe8,
0xe8,0xe8,0xe8,0xe8,0xe8,0x139,0x139,0x139,0x139,0,0,0,0,0x7b,0x7b,0x7b,
0x7b,0xba,0xba,0xf4,0xf4,0xef,0xef,0xef,0,0,0,0x102,0x102,0x97,0x97,0xa9,
0xa9,0x157,0x157,0,0,0xd7,0xd7,0xd6,0xd6,0xd6,0xd6,0xd6,0xd6,0x89,0x89,0x89,
0x89,0x89,0x89,0xbb,0xbb,0xf0,0xf0,0,0,0xea,0xea,0xea,0xea,0xbc,0xbc,0xbc,
0xbc,0xbd,0xbd,0xbe,0xbe,0xf6,0xf6,0xf6,0,0,0,0,0,0xbf,0xbf,0xbf,
0xbf,0xbf,0,0,0,0x104,0x104,0x104,0x104,0x104,0x104,0x104,0x104,0x11d,0x11d,0x11d,
0x11d,0x14a,0x14a,0x14a,0x14a,0x14a,0,0,0,0,0,0,0,0xc0,0xc0,0x134,
0x134,0x134,0x134,0x141,0x141,0x141,0x141,0x122,0x122,0x122,0x123,0x123,0x123,0x123,0x13b,0x13b,
0x13b,0x13b,0x12d,0x12d,0x12d,0x125,0x125,0xc9,0xc9,0xc9,0xc9,0xc9,0xc9,0xc9,0xc9,0xc1,
0xc1,0xc1,0xc1,0xc1,0xda,0xda,0xda,0xd4,0xd4,0xd4,0xd4,0xd4,0xe9,0xe9,0xe9,0xd9,
0xd9,0xd9,0xd9,0xd9,0xd9,0xf9,0xf9,0xe5,0xe5,0xe5,0xe5,0xe5,0,0,0,0x103,
0x103,0x103,0xe6,0xe6,0xe6,0xe6,0xe6,0xe4,0xe4,0xe4,0xe4,0xe4,0xe4,0xe4,0xe4,0x152,
0x152,0x152,0x152,0x152,0x152,0x152,0x152,0x10e,0x10e,0x10e,0x10e,0x10e,0x10e,0x10e,0x10e,0xfb,
0xfb,0xfb,0xfb,0xfb,0xfb,0,0,0,0,0,0,0,0,0xf8,0xf8,0xf8,
0xf8,0xf8,0xf8,0xf8,0xf8,0xec,0xec,0xec,0xec,0xec,0xec,0x10d,0x10d,0xdc,0xdc,0xdc,
0xdc,0xdc,0x14d,0x14d,0x14d,0xfd,0xfd,0xfd,0xfd,0xfd,0,0,0,0,0,0,
0,0,0,0,0,0x11a,0x11a,0x11a,0x11a,0x11a,0,0,0,0,0,0xfc,
0xfc,0xfc,0xfc,0xfc,0xfc,0x12f,0x12f,0x12f,0x12f,0x12f,0x12f,0,0,0,0,0x126,
0x126,0x126,0x126,0x126,0x126,0x118,0x118,0x118,0x118,0x118,0x116,0x116,0x116,0x116,0x116,0x116,
0x13e,0xf5,0xf5,0xf5,0xf5,0x144,0x144,0x144,0x144,0x144,0x144,0x156,0x156,0,0,0,
0,0x14f,0x14f,0x14f,0x14f,0x108,0x108,0x108,0x108,0x108,0x108,0x108,0x10c,0x10c,0x10c,0x10c,
0x10c,0,0,0,0,0x114,0x114,0x114,0x114,0x114,0x114,0x11c,0x11c,0x11c,0x11c,0x11c,
0x15a,0x15a,0x15a,0x15a,0x15c,0,0,0,0,0,0,0,0,0,0,0,
0,0,0,0x11f,0x11f,0x146,0x146,0x146,0x146,0x146,0x146,0,0,0,0,0,
0x131,0x12b,0x12b,0x12b,0x12b,0x98,0x98,0x98,0x98,0x98,0x98,0x98,0x98,0x98,0x98,0x98,
0x98,0x98,0x98,0x98,0x98,0x99,0x99,0x99,0x99,0x99,0x99,0x99,0x99,0x101,0x101,0x101,
0x101,0x101,0x101,0x101,0x101,0x15b,0x15b,0x15b,0x15b,0x15b,0x15b,0x15b,0x15b,0x15b,0x15b,0x15b,
0,0,0,0,0,0,0,0,0,0,0,0,0,0,0,0,
0x136,0x136,0x136,0x136,0x136,0x136,0x136,0xc2,0xc2,0xc2,0xc2,0xc2,0xc2,0xc2,0xc2,0xc2,
0xc2,0xc2,0xc2,0xc2,0xc2,0xc2,0xc2,0x124,0x124,0x124,0x149,0x149,0x149,0x149,0x149,0x149,
0x149,0x149,0x149,0x149,0x149,0x149,0x149,0x149,0x149,0x149,0xfe,0xfe,0xfe,0xfe,0xfe,0xfe,
0xfe,0xfe,0xfe,0xfe,0xfe,0xfe,0xfe,0xfe,0xfe,0xfe,0,0,0,0,0,0,
0,0,0x14b,0x14b,0x14b,0x14b,0,0,0,0,0,0,0,0,0,0,
0,0,0xca,0xca,0xca,0xca,0xca,0xca,0xca,0xca,0xca,0xca,0xca,0xca,0xca,0xca,
0xca,0xca,0xed,0xed,0xed,0x13c,0x13c,0x13c,0x13c,0x13c,0x13c,0xdd,0xdd,0xdd,0xf3,0xf3,
0xf3,0xf3,0xf3,0xf3,0xf3,0xf3,0xf3,0,0,0,0,0,0,0,0x14c,0x14c,
0x14c,0x14c,0,0,0,0,0,0,0,0,0x121,0x121,0x121,0x121,0x121,0x121,
0x153,0x153,0x153,0x153,0,0,0xd8,0xd8,0xd8,0xd8,0xd8,0xd8,0xd8,0xd8,0xd8,0xd8,
0,0,0,0,0x10b,0x10b,0x110,0x110,0x110,0x110,0x110,0x110,0x110,0x110,0x110,0x110,
0x110,0x110,0x110,0x110,0x110,0x110,0x111,0x111,0x111,0x111,0x111,0x111,0x111,0x111,0x111,0x111,
0x111,0x111,0x111,0x111,0x111,0x111,0x130,0x130,0x130,0x130,0x130,0x130,0x130,0x130,0x130,0x130,
0x130,0x130,0x130,0x130,0x130,0x130,0x133,0x133,0x133,0x133,0x133,0x133,0x133,0x133,0x159,0x159,
0x159,0x159,0x159,0x159,0x159,0x159,0x15d,0x15d,0x15d,0x15d,0x15d,0x15d,0x15d,0x15d,0x15d,0x15d,
0x15d,0x15d,0x15d,0x15d,0x15d,0x15d,0x15e,0x15e,0x15e,0x15e,0,0,0,0,0,0,
0,0,0,0,0,0,0,0,0,0x138,0xcb,0xcb,0xcb,0xcb,0xcb,0xcb,
0xcb,0xcb,0xcb,0xcb,0xcb,0xcb,0xcb,0xcb,0xcb,0xcb,0x113,0x113,0x113,0x129,0x129,0x129,
0x129,0x115,0x115,0x115,0x115,0x115,0x115,0x115,0x115,0x115,0x115,0x115,0x115,0x115,0x115,0x115,
0x115,0xe1,0xe1,0xe1,0xe1,0xe1,0xe1,0xe1,0xe1,0xe1,0xe1,0xf7,0,0,0,0,
0,0x150,0x150,0x150,0x150,0x150,0x150,0x150,0x150,0x150,0x150,0x150,0x150,0x150,0x150,0x150,
0x150,0x155,0x155,0x155,0x155,0x140,0x140,0x140,0x140,0x140,0x140,0x140,0x140,0x140,0x140,0x140,
0x140,0x140,0,0,0,0x5b,0x5b,0x5b,0x5b,0x5b,0x5b,0x5b,0x5b,0x5b,0x5b,0x5b,
0x5b,0x5b,0x5b,0x5b,0x5b,0x5c,0x5c,0x5c,0x5c,0x5c,0x5c,0x5c,0x5c,0x5c,0x5c,0x5c,
0x5c,0x5c,0x5c,0x5c,0x5c,0x7e,0x7e,0x7e,0x7e,0x7e,0x160,0x160,0x160,0x160,0,0,
0,0x145,0x145,0x120,0x120,0x7c,0x7c,0x7c,0x7c,0x7c,0x7c,0x9a,0x9a,0,0,0,
0,0,0,0,0,0x5d,0x5d,0x5d,0x5d,0x5d,0x5d,0x5d,0x5d,0x5d,0x5d,0x5d,
0x5d,0x5d,0x5d,0x5d,0x5d,0x106,0x106,0x106,0x106,0x106,0x106,0x106,0x106,0x106,0x106,0x106,
0x106,0x106,0x106,0x106,0x106,0,0,0,0,0,0x15f,0x15f,0x15f,0x15f,0x15f,0x15f,
0x15f,0x15f,0x15f,0x15f,0x15f,0x15f,0x15f,0x15f,0x15f,0x15f,0x13a,0x13a,0x13a,0x13a,0x13a,0x13a,
0x13a,0x13a,0x13a,0x13a,0x13a,0x13a,0x13a,0x13a,0x13a,0x13a,0x10a,0x10a,0x10a,0x143,0x143,0x143,
0x143,0x143,0x143,0,0,0,0,0,0,0,0x127,0x127,0x127,0x127,0x127,0,
0,0,0,0,0,0,0,0,0,0,0x13d,0x13d,0x13d,0x12c,0x12c,0x12c,
0x12c,0,0,0,0,0,0,0,0,0,0,0,0,0,0x147,0x147,
0x147,0,0,0,0,0,0,0,0,0,0,0,0,0,0x14e,0x14e,
0x14e,0,0,0,0,0,0,0,0,0,0,0,0,0x158,0x158,0x158,
0x158,0,0,0,0,0,0,0,0,0,0,0,0,0,0,0x137,
0x137,0xeb,0xeb,0xeb,0xeb,0xeb,0xeb,0xeb,0xeb,0xeb,0xeb,0xeb,0xeb,0xeb,0xeb,0,
0,0x107,0x107,0x107,0x107,0x107,0x107,0,0,0,0,0,0,0,0,0,
0,0x11e,0x11e,0x11e,0x11e,0x11e,0,0,0,0,0x128,0x128,0x128,0x128,0x128,0,
0,0,0,0,0,0,0,0,0,0,0xd3,0xd3,0xd3,0xd3,0xd3,0xd3,
0xd3,0xd3,0xd3,0xd3,0xd3,0xd3,0xd3,0xd3,0xd3,0xd3,0xaa,0xaa,0xaa,0xab,0xab,0xab,
0xab,0xab,0xab,0xab,0xcc,0xcc,0xcc,0xcc,0xcc,0xcc,0xc3,0xc3,0xc3,0xc3,0xc3,0xc3,
0xc3,0xc3,0xc3,0xc3,0xc3,0xc3,0xc3,0xc3,0xc3,0xc3,0xc4,0xc4,0xc4,0xc4,0xc4,0xc4,
0xc4,0xc4,0xc4,0xc4,0xc4,0xc4,0xc4,0xc4,0xc4,0xc4,0xcd,0xcd,0xcd,0xcd,0xcd,0xcd,
0xcd,0xcd,0xcd,0xcd,0xcd,0xcd,0xcd,0xcd,0xcd,0xcd,0xce,0xce,0xce,0xce,0xce,0xf2,
0xf2,0xf2,0xcf,0xcf,0xcf,0xcf,0xcf,0xcf,0xcf,0xcf,0xd0,0xd0,0xd0,0xd0,0xd0,0xd0,
0xd0,0xd0,0xe3,0xe3,0xe3,0xe3,0xe3,0xe3,0xe3,0xe3,0xfa,0xfa,0xfa,0xfa,0xfa,0xfa,
0xfa,0xfa,0xfa,0xfa,0xfa,0xfa,0xfa,0xfa,0xfa,0xfa,0x105,0x105,0x105,0x105,0x105,0x105,
0x105,0x105,0x105,0x105,0x105,0x105,0x105,0x105,0x105,0x105,0x119,0x119,0x119,0x119,0x119,0x119,
0x119,0x12a,0x12a,0x12a,0x12a,0x12a,0x12a,0x12a,0x12a,0x12a,0x132,0x132,0x132,0x132,0x132,0x132,
0x132,0x132,0x132,0x132,0x132,0x132,0x132,0x132,0x132,0x132,0x5e,0x5e,0x5e,0x5e,0x5e,0x5e,
0x5e,0x5e,0x5e,0x5e,0x5e,0x5e,0x5e,0x5e,0x5e,0x5e,0,0,0xc5,0xc5,0xc5,0xc5,
0xc5,0xc5,0xc5,0xc5,0xc5,0xc5,0xc5,0xc5,0xc5,0xc5,0xc5,0xc5,0xd1,0xd1,0xd1,0xd1,
0xd1,0xd1,0xd1,0xd1,0xd1,0xd1,0xd1,0xd1,0x100,0x100,0x100,0x100,0x100,0x100,0x100,0x100,
0x100,0x100,0x100,0x100,0x100,0x100,0x100,0x100,0x112,0x112,0x112,0x112,0x112,0x112,0x112,0x112,
0x112,0x112,0x112,0x112,0x112,0x112,0x112,0x112,0x148,0x148,0x148,0x148,0x148,0x148,0x148,0x148,
0x148,0x148,0x148,0x148,0x148,0x148,0x148,0x148,0,0,0,0,0,0,0,0,
0,0,0x5f,0x5f,0x5f,0x5f,0x5f,0x5f,0x5f,0x5f,0x5f,0x5f,0x5f,0x5f,0x5f,0x5f,
0x5f,0x5f,0,0,0,0,0,0,0,0,0,0,0,0,0,0,
0x12e,0x12e,0x12e,0x12e,0x12e,0x12e,0x12e,0x12e,0x12e,0x12e,0x12e,0x12e,0x12e,0x12e,0x12e,0x12e,
0x142,0x142,0x142,0x142,0x142,0x142,0x142,0x142,0x142,0x142,0x142,0x142,0x142,0x142,0x142,0x142,
0x154,0x154,0x154,0x154,0x154,0x154,0x154,0x154,0x154,0x154,0x154,0x154,0x154,0x154,0x154,0x154,
0,0,0,0,0,0,0,0,0x161,0x161,0x161,0x161,0x161,0x161,0x161,0x161,
0x161,0x161,0x161,0x161,0x161,0x161,0x161,0x161,0,0,0,0,0,0,0,0,
0,0,0,0,0x60,0x60,0x60,0x60,0x60,0x60,0x60,0x60,0,0,0,0,
0,0,0,0,0x7d,0x7d,0x7d,0x7d,0x7d,0x7d,0x7d,0x7d,0x7d,0x7d,0x7d,0x7d,
0x7d,0x7d,0x7d,0,0x6d,0x6d,0x6d,0x6d,0x6d,0x6d,0x6d,0x6d,0x6d,0x6d,0x6d,0x6d,
0x6d,0x6d,0x6d,0x6d,0x6e,0x6e,0x6e,0x6e,0x6e,0x6e,0x6e,0x6e,0x6e,0x6e,0x6e,0x6e,
0x6e,0x6e,0x6e,0x6e,0,0,0
};

static const UCPTrie block_trie={
    block_trieIndex,
    { block_trieData },
    873, 3175,
    0x11000, 0x11,
    1, 0,
    0, 0,
    0x271, 0x800,
    0x0,
};

static const int32_t indexes[UPROPS_INDEX_COUNT]={0x3068,0x3068,0x3068,0x3068,0x8618,3,0xa16c,0xa28a,0xaa76,0xaa76,0x50d6,0x3075a31,0x161,0,0,0};

#endif  // INCLUDED_FROM_UCHAR_C
